model,when,mode,arm,tiles,flush_mb,status,H_pre_ms,h_flush_ms,h_event_ms,h_call_ms,iters,repeats,max_over_median,held,sleep_cycles,detail
granite-3.0-3b-a800m,pre,E240,native,1,240,ok,0.348163,0.0127045,0.004016,0.274466,64,3,3.553784860557769,True,94045498,
granite-3.0-3b-a800m,pre,E0,native,1,0,ok,0.306307,0.0,0.004144,0.275618,64,3,7.189430501930502,True,68203772,
granite-3.0-3b-a800m,pre,E480,native,1,480,ok,0.3458425,0.012656,0.00416,0.27949,64,3,4.419847328244275,True,75247468,
granite-3.0-3b-a800m,pre,GR,native,1,240,ok,0.0311845,0.01272,0.004,0.001856,64,3,6.40025,True,14029112,
granite-3.0-3b-a800m,pre,E240,shared,1,240,ok,0.351267,0.012608,0.00416,0.276802,64,3,6.038461538461538,True,74660188,
granite-3.0-3b-a800m,pre,E0,shared,1,0,ok,0.3112345,0.0,0.004144,0.2780505,64,3,1.8455598455598456,True,67961104,
granite-3.0-3b-a800m,pre,E480,shared,1,480,ok,0.350755,0.01304,0.004112,0.2774585,64,3,2.9246231155778895,True,75330842,
granite-3.0-3b-a800m,pre,GR,shared,1,240,ok,0.0312965,0.0125125,0.004064,0.001888,64,3,4.932203389830509,True,15855508,
granite-3.0-3b-a800m,pre,E240,private,1,240,ok,0.349762,0.012928,0.004192,0.2787065,64,3,3.5078125,True,75191081,
granite-3.0-3b-a800m,pre,E0,private,1,0,ok,0.308354,0.0,0.004192,0.277954,64,3,1.6946564885496183,True,68180656,
granite-3.0-3b-a800m,pre,E480,private,1,480,ok,0.347203,0.01272,0.004192,0.274834,64,3,4.216352201257862,True,75115159,
granite-3.0-3b-a800m,pre,GR,private,1,240,ok,0.0309925,0.0131525,0.004192,0.002016,64,3,3.282442748091603,True,13832579,
granite-3.0-3b-a800m,pre,E240,native,2,240,ok,0.35061,0.012672,0.00416,0.277314,64,3,4.511450381679389,True,75891044,
granite-3.0-3b-a800m,pre,E0,native,2,0,ok,0.309059,0.0,0.004096,0.27893,64,3,1.7596899224806202,True,68629338,
granite-3.0-3b-a800m,pre,E480,native,2,480,ok,0.355011,0.012608,0.004192,0.278658,64,3,3.392548076923077,True,75618774,
granite-3.0-3b-a800m,pre,GR,native,2,240,ok,0.031536,0.01304,0.0041925,0.001984,64,3,4.682539682539683,True,14221102,
granite-3.0-3b-a800m,pre,E240,shared,2,240,ok,0.3511225,0.01248,0.004096,0.2781305,64,3,2.9462339743589743,True,75430850,
granite-3.0-3b-a800m,pre,E0,shared,2,0,ok,0.3085305,0.0,0.004192,0.27733,64,3,1.6870229007633588,True,66974660,
granite-3.0-3b-a800m,pre,E480,shared,2,480,ok,0.350179,0.012832,0.004112,0.2773625,64,3,5.90625,True,76029932,
granite-3.0-3b-a800m,pre,GR,shared,2,240,ok,0.032161,0.012672,0.0040325,0.001888,64,3,8.136122881355933,True,14351285,
granite-3.0-3b-a800m,pre,E240,private,2,240,ok,0.3491225,0.012817,0.00416,0.2788825,64,3,3.272727272727273,True,76036022,
granite-3.0-3b-a800m,pre,E0,private,2,0,ok,0.311715,0.0,0.004192,0.278674,64,3,3.1374045801526718,True,68625082,
granite-3.0-3b-a800m,pre,E480,private,2,480,ok,0.3508505,0.012416,0.0041605,0.2809305,64,3,4.315384615384615,True,75007798,
granite-3.0-3b-a800m,pre,GR,private,2,240,ok,0.0318725,0.0130085,0.004112,0.001888,64,3,3.8217054263565893,True,14205047,
granite-3.0-3b-a800m,pre,E240,native,3,240,ok,0.352307,0.01296,0.0041605,0.279346,64,3,2.9927360774818403,True,75002189,
granite-3.0-3b-a800m,pre,E0,native,3,0,ok,0.313986,0.0,0.004064,0.278994,64,3,7.2015503875969,True,67747930,
granite-3.0-3b-a800m,pre,E480,native,3,480,ok,0.3485945,0.012592,0.004144,0.28117,64,3,5.1953125,True,75658432,
granite-3.0-3b-a800m,pre,GR,native,3,240,ok,0.031488,0.013168,0.004224,0.00192,64,3,6.0078125,True,14113744,
granite-3.0-3b-a800m,pre,E240,shared,3,240,ok,0.3511385,0.012576,0.004192,0.2819225,64,3,2.644978012997626,True,76190775,
granite-3.0-3b-a800m,pre,E0,shared,3,0,ok,0.312434,0.0,0.004128,0.2779545,64,3,1.6846153846153846,True,68107053,
granite-3.0-3b-a800m,pre,E480,shared,3,480,ok,0.352419,0.012608,0.0042085,0.27805,64,3,2.8984771573604062,True,75666943,
granite-3.0-3b-a800m,pre,GR,shared,3,240,ok,0.031361,0.01312,0.004224,0.002048,64,3,4.924812030075188,True,14388909,
granite-3.0-3b-a800m,pre,E240,private,3,240,ok,0.3525305,0.01288,0.004224,0.2816985,64,3,4.714828897338403,True,75643537,
granite-3.0-3b-a800m,pre,E0,private,3,0,ok,0.311251,0.0,0.004208,0.279122,64,3,4.281368821292776,True,68574401,
granite-3.0-3b-a800m,pre,E480,private,3,480,ok,0.349523,0.0127685,0.004128,0.280146,64,3,3.349079457364341,True,75683385,
granite-3.0-3b-a800m,pre,GR,private,3,240,ok,0.031184,0.012528,0.004128,0.002016,64,3,6.062015503875969,True,14220328,
granite-3.0-3b-a800m,pre,E240,native,4,240,ok,0.3479225,0.013296,0.00408,0.277042,64,3,3.9606299212598426,True,75307920,
granite-3.0-3b-a800m,pre,E0,native,4,0,ok,0.3098585,0.0,0.004192,0.2794585,64,3,3.732824427480916,True,68868040,
granite-3.0-3b-a800m,pre,E480,native,4,480,ok,0.349043,0.0126885,0.004128,0.275842,64,3,4.628149224806202,True,75318366,
granite-3.0-3b-a800m,pre,GR,native,4,240,ok,0.030576,0.012416,0.004128,0.001824,64,3,5.570764462809917,True,14129122,
granite-3.0-3b-a800m,pre,E240,shared,4,240,ok,0.3518745,0.0125125,0.004064,0.279634,64,3,2.56,True,76060495,
granite-3.0-3b-a800m,pre,E0,shared,4,0,ok,0.3158905,0.0,0.004192,0.278418,64,3,3.6030534351145036,True,68290238,
granite-3.0-3b-a800m,pre,E480,shared,4,480,ok,0.349715,0.012624,0.004128,0.277426,64,3,6.403100775193798,True,75605624,
granite-3.0-3b-a800m,pre,GR,shared,4,240,ok,0.030688,0.012736,0.004112,0.0017925,64,3,3.8135736196319017,True,14045844,
granite-3.0-3b-a800m,pre,E240,private,4,240,ok,0.347794,0.01288,0.004192,0.280562,64,3,2.4919254658385093,True,75566353,
granite-3.0-3b-a800m,pre,E0,private,4,0,ok,0.31301,0.0,0.004064,0.27837,64,3,1.8031496062992125,True,68254836,
granite-3.0-3b-a800m,pre,E480,private,4,480,ok,0.352131,0.0127365,0.004192,0.2812505,64,3,5.5606060606060606,True,75969576,
granite-3.0-3b-a800m,pre,GR,private,4,240,ok,0.0305765,0.0125125,0.004176,0.001984,64,3,5.28125,True,13971564,
granite-3.0-3b-a800m,pre,E240,native,5,240,ok,0.347747,0.012672,0.004112,0.279986,64,3,2.8726823238566133,True,75582798,
granite-3.0-3b-a800m,pre,E0,native,5,0,ok,0.311827,0.0,0.00416,0.281234,64,3,3.7099236641221376,True,67466188,
granite-3.0-3b-a800m,pre,E480,native,5,480,ok,0.351091,0.012768,0.004096,0.2799865,64,3,2.705630235729593,True,76405978,
granite-3.0-3b-a800m,pre,GR,native,5,240,ok,0.031632,0.0127205,0.0040645,0.00192,64,3,6.642857142857143,True,14245091,
granite-3.0-3b-a800m,pre,E240,shared,5,240,ok,0.352851,0.0128485,0.004192,0.2764025,64,3,3.5984848484848486,True,75416635,
granite-3.0-3b-a800m,pre,E0,shared,5,0,ok,0.309986,0.0,0.004192,0.279714,64,3,2.9307692307692306,True,67738065,
granite-3.0-3b-a800m,pre,E480,shared,5,480,ok,0.3509145,0.012976,0.004192,0.28109,64,3,2.863920099875156,True,75947624,
granite-3.0-3b-a800m,pre,GR,shared,5,240,ok,0.031504,0.013024,0.004128,0.00192,64,3,4.186046511627907,True,14352930,
granite-3.0-3b-a800m,pre,E240,private,5,240,ok,0.3539865,0.0131045,0.00416,0.2794585,64,3,6.023255813953488,True,76675149,
granite-3.0-3b-a800m,pre,E0,private,5,0,ok,0.313266,0.0,0.004128,0.2821465,64,3,5.728682170542636,True,68424294,
granite-3.0-3b-a800m,pre,E480,private,5,480,ok,0.350611,0.012816,0.004192,0.279954,64,3,6.3893129770992365,True,75775655,
granite-3.0-3b-a800m,pre,GR,private,5,240,ok,0.0311365,0.0127685,0.00416,0.002016,64,3,3.6564885496183206,True,13887709,
granite-3.0-3b-a800m,pre,E240,native,6,240,ok,0.3483225,0.012608,0.004096,0.279138,64,3,4.361029411764706,True,76029832,
granite-3.0-3b-a800m,pre,E0,native,6,0,ok,0.3104345,0.0,0.004192,0.276114,64,3,5.877862595419847,True,67988379,
granite-3.0-3b-a800m,pre,E480,native,6,480,ok,0.3490585,0.012912,0.0041125,0.283394,64,3,8.0390625,True,75497685,
granite-3.0-3b-a800m,pre,GR,native,6,240,ok,0.030832,0.0126565,0.0041445,0.001888,64,3,3.8188976377952755,True,14074570,
granite-3.0-3b-a800m,pre,E240,shared,6,240,ok,0.352099,0.0125925,0.00416,0.2815225,64,3,6.40625,True,75583665,
granite-3.0-3b-a800m,pre,E0,shared,6,0,ok,0.315203,0.0,0.00416,0.280034,64,3,5.815625,True,68155119,
granite-3.0-3b-a800m,pre,E480,shared,6,480,ok,0.35277,0.012592,0.004224,0.281122,64,3,3.7961783439490446,True,76236814,
granite-3.0-3b-a800m,pre,GR,shared,6,240,ok,0.030592,0.012512,0.004096,0.001936,64,3,6.885245901639344,True,15921470,
granite-3.0-3b-a800m,pre,E240,private,6,240,ok,0.3538425,0.012608,0.004208,0.279234,64,3,5.90898288973384,True,76153732,
granite-3.0-3b-a800m,pre,E0,private,6,0,ok,0.3160505,0.0,0.004192,0.281314,64,3,4.600760456273764,True,68132874,
granite-3.0-3b-a800m,pre,E480,private,6,480,ok,0.3518745,0.0126085,0.004208,0.279138,64,3,3.258754015148511,True,76109048,
granite-3.0-3b-a800m,pre,GR,private,6,240,ok,0.030992,0.012768,0.004176,0.001984,64,3,4.35004752851711,True,14200114,
granite-3.0-3b-a800m,pre,E240,native,7,240,ok,0.3486905,0.0123845,0.004192,0.27885,64,3,5.534741006903791,True,75188279,
granite-3.0-3b-a800m,pre,E0,native,7,0,ok,0.31245,0.0,0.00416,0.281026,64,3,5.184615384615385,True,67916798,
granite-3.0-3b-a800m,pre,E480,native,7,480,ok,0.349891,0.01264,0.004096,0.279058,64,3,3.310077519379845,True,75653587,
granite-3.0-3b-a800m,pre,GR,native,7,240,ok,0.03104,0.012704,0.004096,0.001936,64,3,7.672413793103448,True,14073409,
granite-3.0-3b-a800m,pre,E240,shared,7,240,ok,0.3526425,0.012624,0.004096,0.283442,64,3,6.125,True,76234776,
granite-3.0-3b-a800m,pre,E0,shared,7,0,ok,0.312163,0.0,0.004192,0.280738,64,3,3.0763358778625953,True,68377279,
granite-3.0-3b-a800m,pre,E480,shared,7,480,ok,0.3517945,0.012656,0.004128,0.2834585,64,3,6.775436046511628,True,75578727,
granite-3.0-3b-a800m,pre,GR,shared,7,240,ok,0.03088,0.012752,0.00416,0.001904,64,3,7.387096774193548,True,13852697,
granite-3.0-3b-a800m,pre,E240,private,7,240,ok,0.3531385,0.012704,0.00416,0.281394,64,3,4.684292753274847,True,76643317,
granite-3.0-3b-a800m,pre,E0,private,7,0,ok,0.3162585,0.0,0.004112,0.279234,64,3,1.739463601532567,True,68768703,
granite-3.0-3b-a800m,pre,E480,private,7,480,ok,0.348355,0.013056,0.004208,0.280098,64,3,5.885496183206107,True,76229357,
granite-3.0-3b-a800m,pre,GR,private,7,240,ok,0.0316485,0.012816,0.004224,0.002016,64,3,4.681818181818182,True,14269365,
granite-3.0-3b-a800m,pre,E240,native,8,240,ok,0.3537625,0.0128,0.0041125,0.2813785,64,3,5.674418604651163,True,76280621,
granite-3.0-3b-a800m,pre,E0,native,8,0,ok,0.312082,0.0,0.004064,0.27821,64,3,4.173228346456693,True,68397687,
granite-3.0-3b-a800m,pre,E480,native,8,480,ok,0.350963,0.0128,0.00416,0.28037,64,3,5.3486590038314175,True,75271935,
granite-3.0-3b-a800m,pre,GR,native,8,240,ok,0.032689,0.013024,0.004128,0.001888,64,3,3.4827586206896552,True,14529732,
granite-3.0-3b-a800m,pre,E240,shared,8,240,ok,0.3504665,0.012784,0.00416,0.276354,64,3,6.138701923076923,True,75720420,
granite-3.0-3b-a800m,pre,E0,shared,8,0,ok,0.310835,0.0,0.00416,0.27909,64,3,1.8863636363636365,True,68433086,
granite-3.0-3b-a800m,pre,E480,shared,8,480,ok,0.3514585,0.0128,0.00416,0.27909,64,3,4.1679389312977095,True,75860178,
granite-3.0-3b-a800m,pre,GR,shared,8,240,ok,0.031009,0.013104,0.004192,0.001856,64,3,7.706896551724138,True,15929980,
granite-3.0-3b-a800m,pre,E240,private,8,240,ok,0.350035,0.012576,0.004192,0.280898,64,3,3.840909090909091,True,76892857,
granite-3.0-3b-a800m,pre,E0,private,8,0,ok,0.312786,0.0,0.004176,0.2780345,64,3,4.515625,True,69250463,
granite-3.0-3b-a800m,pre,E480,private,8,480,ok,0.349106,0.012704,0.004112,0.281874,64,3,3.15625,True,75421172,
granite-3.0-3b-a800m,pre,GR,private,8,240,ok,0.030817,0.012944,0.00416,0.001952,64,3,6.7153846153846155,True,14060549,
granite-3.0-3b-a800m,pre,E240,native,9,240,ok,0.3512825,0.0127685,0.00416,0.2754585,64,3,3.5846153846153848,True,75817045,
granite-3.0-3b-a800m,pre,E0,native,9,0,ok,0.3103545,0.0,0.0042085,0.278674,64,3,4.290076335877862,True,67835358,
granite-3.0-3b-a800m,pre,E480,native,9,480,ok,0.348819,0.012992,0.004208,0.27565,64,3,3.1488567073170732,True,74700030,
granite-3.0-3b-a800m,pre,GR,native,9,240,ok,0.031713,0.0130245,0.004192,0.0019685,64,3,4.1848557692307695,True,14126608,
granite-3.0-3b-a800m,pre,E240,shared,9,240,ok,0.350451,0.012848,0.004192,0.280562,64,3,3.0114942528735633,True,76265046,
granite-3.0-3b-a800m,pre,E0,shared,9,0,ok,0.3094265,0.0,0.00416,0.27757,64,3,5.906976744186046,True,68323020,
granite-3.0-3b-a800m,pre,E480,shared,9,480,ok,0.348547,0.012624,0.004192,0.278786,64,3,3.183206106870229,True,75417203,
granite-3.0-3b-a800m,pre,GR,shared,9,240,ok,0.0316165,0.0129285,0.004192,0.001984,64,3,5.702290076335878,True,13902120,
granite-3.0-3b-a800m,pre,E240,private,9,240,ok,0.3503225,0.012704,0.004224,0.27717,64,3,3.6106870229007635,True,76327820,
granite-3.0-3b-a800m,pre,E0,private,9,0,ok,0.31141,0.0,0.004096,0.281202,64,3,1.649805447470817,True,67422272,
granite-3.0-3b-a800m,pre,E480,private,9,480,ok,0.3453945,0.012832,0.004192,0.277426,64,3,3.7105857193774505,True,75520018,
granite-3.0-3b-a800m,pre,GR,private,9,240,ok,0.031632,0.012688,0.004176,0.001968,64,3,3.2900763358778624,True,15961124,
