model,mode,arm,tiles,repeat,group_m,block_m,tokens,copies,experts_declared,flush_mb,duty,status,ms_p50,ms_p90,ms_min,ms_stdev,samples,calls_per_burst,bursts,gap_ms,duty_achieved,host_bound,host_enqueue_ms,backlog,sm_clock_load_mhz,clock_samples_mhz,clock_level_ok,clock_level_side,clock_drift_ok,power_w,mem_clock_mhz,per_call_sizing_ms,detail
jetmoe-8b,E240,native,1,0,4,32,128,1,8,240,0.25,ok,0.25654399394989014,0.28812798857688904,0.20563200116157532,0.023869189242636153,2280,153,15,104.1183057401795,0.24989963204099572,True,50.510588999713946,0.1657299559848489,1710.0,1710 1710 1710 1710 1710 1710 1710 1710 1710 1710 1710 1710 1710 1710 1710,,,True,238.677,,0.262128010392189,"no reference clock given, level not determinable; host-bound: in 15 of 15 trials the GPU had fewer than 2 iterations of work queued when the host finished enqueueing (smallest backlog 0.17 iterations; host enqueue 0.3301 ms per call); the intervals include host enqueue time and the number is an upper bound on the kernel time; time the callable as a graph replay or through a fused launcher to measure the GPU alone"
jetmoe-8b,E0,native,1,0,4,32,128,1,8,0,0.25,ok,0.295199990272522,0.31750398874282837,0.2497279942035675,0.017078086850826533,1905,128,15,113.48889475056787,0.2498908639459432,True,38.058526999520836,0.22106362969702995,1710.0,1710 1710 1710 1710 1710 1710 1710 1710 1710 1710 1710 1710 1710 1710 1710,,,True,205.399,,0.31279999017715454,"no reference clock given, level not determinable; host-bound: in 15 of 15 trials the GPU had fewer than 2 iterations of work queued when the host finished enqueueing (smallest backlog 0.22 iterations; host enqueue 0.2973 ms per call); the intervals include host enqueue time and the number is an upper bound on the kernel time; time the callable as a graph replay or through a fused launcher to measure the GPU alone"
jetmoe-8b,E480,native,1,0,4,32,128,1,8,480,0.25,ok,0.20841600000858307,0.21344000101089478,0.20284800231456757,0.009570939395521592,2865,192,15,92.61631742674217,0.24989576829049792,True,64.23430799986818,0.16277094324906818,1710.0,1710 1710 1710 1710 1710 1710 1710 1710 1710 1710 1710 1710 1710 1710 1710,,,True,293.04,,0.20819200575351715,"no reference clock given, level not determinable; host-bound: in 3 of 15 trials the GPU had fewer than 2 iterations of work queued when the host finished enqueueing (smallest backlog 0.16 iterations; host enqueue 0.3346 ms per call); the intervals include host enqueue time and the number is an upper bound on the kernel time; time the callable as a graph replay or through a fused launcher to measure the GPU alone"
jetmoe-8b,GR,native,1,0,4,32,128,1,8,240,0.25,ok,0.20457600057125092,0.20838400721549988,0.2006080001592636,0.002267734925230065,2925,196,15,105.1814351117864,0.2498983931368087,False,5.996973999572219,174.45513909767874,1710.0,1710 1710 1710 1710 1710 1710 1710 1710 1710 1710 1710 1710 1710 1710 1710,,,True,270.789,,0.20441600680351257,"no reference clock given, level not determinable"
jetmoe-8b,E240,shared,1,0,4,32,128,1,72,240,0.25,ok,0.263808012008667,0.2845759987831116,0.21638399362564087,0.01587395906898828,2235,150,15,106.64105337362709,0.2498978941107816,True,51.07062499973836,0.16534233745713237,1710.0,1710 1710 1710 1710 1710 1710 1710 1710 1710 1710 1710 1710 1710 1710 1710,,,True,237.192,,0.2671999931335449,"no reference clock given, level not determinable; host-bound: in 15 of 15 trials the GPU had fewer than 2 iterations of work queued when the host finished enqueueing (smallest backlog 0.17 iterations; host enqueue 0.3405 ms per call); the intervals include host enqueue time and the number is an upper bound on the kernel time; time the callable as a graph replay or through a fused launcher to measure the GPU alone"
jetmoe-8b,E0,shared,1,0,4,32,128,1,72,0,0.25,ok,0.3024799972772598,0.323199987411499,0.2577599883079529,0.015966441348780884,1860,125,15,113.98847791879236,0.24989140762040402,True,38.230879999900935,0.20956133990193895,1710.0,1710 1710 1710 1710 1710 1710 1710 1710 1710 1710 1710 1710 1710 1710 1710,,,True,208.468,,0.3203679919242859,"no reference clock given, level not determinable; host-bound: in 15 of 15 trials the GPU had fewer than 2 iterations of work queued when the host finished enqueueing (smallest backlog 0.21 iterations; host enqueue 0.3058 ms per call); the intervals include host enqueue time and the number is an upper bound on the kernel time; time the callable as a graph replay or through a fused launcher to measure the GPU alone"
jetmoe-8b,E480,shared,1,0,4,32,128,1,72,480,0.25,ok,0.20739200711250305,0.21199999749660492,0.20201599597930908,0.009433083783123245,2880,193,15,92.35666839084297,0.24989817898722985,True,64.79594400025235,0.23785281516791895,1710.0,1710 1710 1710 1710 1710 1710 1710 1710 1710 1710 1710 1710 1710 1710 1710,,,True,293.649,,0.207519993185997,"no reference clock given, level not determinable; host-bound: in 5 of 15 trials the GPU had fewer than 2 iterations of work queued when the host finished enqueueing (smallest backlog 0.24 iterations; host enqueue 0.3357 ms per call); the intervals include host enqueue time and the number is an upper bound on the kernel time; time the callable as a graph replay or through a fused launcher to measure the GPU alone"
jetmoe-8b,GR,shared,1,0,4,32,128,1,72,240,0.25,ok,0.20211200416088104,0.2061759978532791,0.19843199849128723,0.0021747489032742707,2940,197,15,104.33641262559831,0.24990735734104122,False,6.040973999915877,174.78680781686555,1710.0,1710 1710 1710 1710 1710 1710 1710 1710 1710 1710 1710 1710 1710 1710 1710,,,True,274.656,,0.20270399749279022,"no reference clock given, level not determinable"
jetmoe-8b,E240,private,1,0,4,32,128,1,72,240,0.25,ok,0.26262399554252625,0.2831040024757385,0.21638399362564087,0.01589109514716054,1920,129,15,90.81499720669672,0.24987836533395677,True,43.63578500033327,0.17338789708955413,1710.0,1710 1710 1710 1710 1710 1710 1710 1710 1710 1710 1710 1710 1710 1710 1710,,,True,238.61,,0.3092160075902939,"no reference clock given, level not determinable; host-bound: in 15 of 15 trials the GPU had fewer than 2 iterations of work queued when the host finished enqueueing (smallest backlog 0.17 iterations; host enqueue 0.3383 ms per call); the intervals include host enqueue time and the number is an upper bound on the kernel time; time the callable as a graph replay or through a fused launcher to measure the GPU alone"
jetmoe-8b,E0,private,1,0,4,32,128,1,72,0,0.25,ok,0.30430400371551514,0.32521599531173706,0.2569279968738556,0.01635610762145368,1890,127,15,116.01695340494916,0.24989833934480593,True,38.90160500031925,0.1860203505919202,1710.0,1710 1710 1710 1710 1710 1710 1710 1710 1710 1710 1710 1710 1710 1710 1710,,,True,203.745,,0.3160479962825775,"no reference clock given, level not determinable; host-bound: in 15 of 15 trials the GPU had fewer than 2 iterations of work queued when the host finished enqueueing (smallest backlog 0.19 iterations; host enqueue 0.3063 ms per call); the intervals include host enqueue time and the number is an upper bound on the kernel time; time the callable as a graph replay or through a fused launcher to measure the GPU alone"
jetmoe-8b,E480,private,1,0,4,32,128,1,72,480,0.25,ok,0.20713600516319275,0.21107199788093567,0.20192000269889832,0.002879915758253646,2895,194,15,92.64133684882836,0.2498998108822958,False,65.72663899987674,5.191206999443223,1710.0,1710 1710 1710 1710 1710 1710 1710 1710 1710 1710 1710 1710 1710 1710 1710,,,True,294.07,,0.20636800676584244,"no reference clock given, level not determinable"
jetmoe-8b,GR,private,1,0,4,32,128,1,72,240,0.25,ok,0.20239999890327454,0.2064639925956726,0.19913600385189056,0.002183392710144518,2940,197,15,104.42825306217127,0.249894346743315,False,6.051405000107479,173.24182631578412,1710.0,1710 1710 1710 1710 1710 1710 1710 1710 1710 1710 1710 1710 1710 1710 1710,,,True,275.24,,0.20279999822378159,"no reference clock given, level not determinable"
jetmoe-8b,E240,native,2,0,4,32,256,1,8,240,0.25,ok,0.26848000288009644,0.2703680098056793,0.2648639976978302,0.0019854322678468607,2235,150,15,109.23989323028945,0.24990018559896418,False,50.178649999907066,4.176491351363308,1710.0,1710 1710 1710 1710 1710 1710 1710 1710 1710 1710 1710 1710 1710 1710 1710,,,True,282.736,,0.2669599950313568,"no reference clock given, level not determinable"
jetmoe-8b,E0,native,2,0,4,32,256,1,8,0,0.25,ok,0.29232001304626465,0.316864013671875,0.26867198944091797,0.017294142003579552,2070,139,15,123.65367000053811,0.2499053663105402,True,41.445240000030026,0.3749090568307468,1710.0,1710 1710 1710 1710 1710 1710 1710 1710 1710 1710 1710 1710 1710 1710 1710,,,True,251.964,,0.287648007273674,"no reference clock given, level not determinable; host-bound: in 15 of 15 trials the GPU had fewer than 2 iterations of work queued when the host finished enqueueing (smallest backlog 0.37 iterations; host enqueue 0.2982 ms per call); the intervals include host enqueue time and the number is an upper bound on the kernel time; time the callable as a graph replay or through a fused launcher to measure the GPU alone"
jetmoe-8b,E480,native,2,0,4,32,256,1,8,480,0.25,ok,0.2703680098056793,0.2717120051383972,0.2669120132923126,0.0010621321037014963,2220,149,15,99.15233088594685,0.24990025369331575,False,50.42937200050801,26.913200117032535,1710.0,1710 1710 1710 1710 1710 1710 1710 1710 1710 1710 1710 1710 1710 1710 1710,,,True,303.263,,0.2691839933395386,"no reference clock given, level not determinable"
jetmoe-8b,GR,native,2,0,4,32,256,1,8,240,0.25,ok,0.26499199867248535,0.2662079930305481,0.26211199164390564,0.0008872430938584059,2265,152,15,108.6423890678343,0.24989796819523344,False,4.765634999785107,137.82922895695611,1710.0,1710 1710 1710 1710 1710 1710 1710 1710 1710 1710 1710 1710 1710 1710 1710,,,True,290.616,,0.26361599564552307,"no reference clock given, level not determinable"
jetmoe-8b,E240,shared,2,0,4,32,256,1,72,240,0.25,ok,0.2641279995441437,0.2658880054950714,0.26047998666763306,0.002180035031994201,2220,149,15,106.7294370626696,0.24989742144719168,True,50.42604400023265,1.043088497649937,1710.0,1710 1710 1710 1710 1710 1710 1710 1710 1710 1710 1710 1710 1710 1710 1710,,,True,289.002,,0.26844799518585205,"no reference clock given, level not determinable; host-bound: in 6 of 15 trials the GPU had fewer than 2 iterations of work queued when the host finished enqueueing (smallest backlog 1.04 iterations; host enqueue 0.3384 ms per call); the intervals include host enqueue time and the number is an upper bound on the kernel time; time the callable as a graph replay or through a fused launcher to measure the GPU alone"
jetmoe-8b,E0,shared,2,0,4,32,256,1,72,0,0.25,ok,0.30614399909973145,0.32528001070022583,0.2632960081100464,0.015557870011032818,1935,130,15,119.9250706691164,0.24989879798577272,True,40.15991799951735,0.3712754071895992,1710.0,1710 1710 1710 1710 1710 1710 1710 1710 1710 1710 1710 1710 1710 1710 1710,,,True,245.725,,0.3078559935092926,"no reference clock given, level not determinable; host-bound: in 15 of 15 trials the GPU had fewer than 2 iterations of work queued when the host finished enqueueing (smallest backlog 0.37 iterations; host enqueue 0.3089 ms per call); the intervals include host enqueue time and the number is an upper bound on the kernel time; time the callable as a graph replay or through a fused launcher to measure the GPU alone"
jetmoe-8b,E480,shared,2,0,4,32,256,1,72,480,0.25,ok,0.2645759880542755,0.2661759853363037,0.2610880136489868,0.001197439312277368,2265,152,15,98.48067889429512,0.2499019266019053,False,51.30109099991387,25.75604110536615,1710.0,1710 1710 1710 1710 1710 1710 1710 1710 1710 1710 1710 1710 1710 1710 1710,,,True,308.339,,0.26361599564552307,"no reference clock given, level not determinable"
jetmoe-8b,GR,shared,2,0,4,32,256,1,72,240,0.25,ok,0.2596159875392914,0.2608320116996765,0.2568959891796112,0.0008759061948357548,2280,153,15,106.9962151937798,0.24989901313104035,False,4.786532000252919,138.21439384833118,1710.0,1710 1710 1710 1710 1710 1710 1710 1710 1710 1710 1710 1710 1710 1710 1710,,,True,295.755,,0.26076799631118774,"no reference clock given, level not determinable"
jetmoe-8b,E240,private,2,0,4,32,256,2,72,240,0.25,ok,0.35862401127815247,0.3615039885044098,0.3534719944000244,0.0020761877974793275,1665,112,15,112.03479629731008,0.24989579387311017,False,38.60153900041041,23.63180139870935,1710.0,1710 1710 1710 1710 1710 1710 1710 1710 1710 1710 1710 1710 1710 1710 1710,,,True,276.479,,0.35868799686431885,"no reference clock given, level not determinable"
jetmoe-8b,E0,private,2,0,4,32,256,2,72,0,0.25,ok,0.3598079979419708,0.36265599727630615,0.3540480136871338,0.00208121299973219,1650,111,15,120.1595671110772,0.24989799286334072,False,34.87514300013572,13.54713172642372,1710.0,1710 1710 1710 1710 1710 1710 1710 1710 1710 1710 1710 1710 1710 1710 1710,,,True,260.606,,0.3600960075855255,"no reference clock given, level not determinable"
jetmoe-8b,E480,private,2,0,4,32,256,2,72,480,0.25,ok,0.35862401127815247,0.3615039885044098,0.35340800881385803,0.0020691168789845494,1650,111,15,103.31874267486273,0.24989638660618896,False,37.59167499993055,33.534200456452,1710.0,1710 1710 1710 1710 1710 1710 1710 1710 1710 1710 1710 1710 1710 1710 1710,,,True,290.885,,0.35894399881362915,"no reference clock given, level not determinable"
jetmoe-8b,GR,private,2,0,4,32,256,2,72,240,0.25,ok,0.35280001163482666,0.35555198788642883,0.34784001111984253,0.0019506785248848905,1680,113,15,110.58241508197533,0.24990813818624244,False,3.55820299955667,104.47931294468658,1710.0,1710 1710 1710 1710 1710 1710 1710 1710 1710 1710 1710 1710 1710 1710 1710,,,True,280.56,,0.35257598757743835,"no reference clock given, level not determinable"
jetmoe-8b,E240,native,3,0,4,32,384,1,8,240,0.25,ok,0.3909119963645935,0.39318400621414185,0.3856639862060547,0.001764465887339076,1515,102,15,111.77781223931379,0.24989587576472422,False,33.685438000247814,28.183897057660435,1710.0,1710 1710 1710 1710 1710 1710 1710 1710 1710 1710 1710 1710 1710 1710 1710,,,True,277.361,,0.3925760090351105,"no reference clock given, level not determinable"
jetmoe-8b,E0,native,3,0,4,32,384,1,8,0,0.25,ok,0.3930239975452423,0.39526399970054626,0.3887999951839447,0.0016499144109048283,1470,99,15,116.82332019605381,0.24989432097971756,False,28.818200999921828,25.30379841904238,1710.0,1710 1710 1710 1710 1710 1710 1710 1710 1710 1710 1710 1710 1710 1710 1710,,,True,262.51,,0.4028800129890442,"no reference clock given, level not determinable"
jetmoe-8b,E480,native,3,0,4,32,384,1,8,480,0.25,ok,0.3920319974422455,0.39375999569892883,0.3864319920539856,0.0013618573307066417,1515,102,15,105.06966517326511,0.24989932386284908,False,33.19023400035803,37.48114080314383,1710.0,1710 1710 1710 1710 1710 1710 1710 1710 1710 1710 1710 1710 1710 1710 1710,,,True,287.428,,0.39103999733924866,"no reference clock given, level not determinable"
jetmoe-8b,GR,native,3,0,4,32,384,1,8,240,0.25,ok,0.38707199692726135,0.38921600580215454,0.3815999925136566,0.0016350721223554196,1545,104,15,112.3226724571432,0.24989973757003028,False,3.2932410003922996,96.3977129443796,1710.0,1710 1710 1710 1710 1710 1710 1710 1710 1710 1710 1710 1710 1710 1710 1710,,,True,281.65,,0.385919988155365,"no reference clock given, level not determinable"
jetmoe-8b,E240,shared,3,0,4,32,384,1,72,240,0.25,ok,0.37987199425697327,0.38172799348831177,0.37408000230789185,0.0015886412197461308,1560,105,15,111.7028029138164,0.2499020544219276,False,35.10349699990911,23.94795724503605,1710.0,1710 1710 1710 1710 1710 1710 1710 1710 1710 1710 1710 1710 1710 1710 1710,,,True,293.292,,0.3792800009250641,"no reference clock given, level not determinable"
jetmoe-8b,E0,shared,3,0,4,32,384,1,72,0,0.25,ok,0.38179200887680054,0.3835200071334839,0.3779520094394684,0.0013100574931543861,1500,101,15,115.93768958423605,0.24989851818914996,False,30.680838999614934,20.2366680212384,1710.0,1710 1710 1710 1710 1710 1710 1710 1710 1710 1710 1710 1710 1710 1710 1710,,,True,270.129,,0.3975360095500946,"no reference clock given, level not determinable"
jetmoe-8b,E480,shared,3,0,4,32,384,1,72,480,0.25,ok,0.37987199425697327,0.3819200098514557,0.37481600046157837,0.0016062122897768127,1575,106,15,105.36735441313793,0.24989775732774447,False,36.05547099959949,35.03592255119706,1710.0,1710 1710 1710 1710 1710 1710 1710 1710 1710 1710 1710 1710 1710 1710 1710,,,True,301.141,,0.3787519931793213,"no reference clock given, level not determinable"
jetmoe-8b,GR,shared,3,0,4,32,384,1,72,240,0.25,ok,0.3734720051288605,0.37539198994636536,0.3688639998435974,0.0013640419853831883,1590,107,15,111.35451352034578,0.24990032234887302,False,3.3979139998336905,99.19902408747829,1710.0,1710 1710 1710 1710 1710 1710 1710 1710 1710 1710 1710 1710 1710 1710 1710,,,True,289.343,,0.37244799733161926,"no reference clock given, level not determinable"
jetmoe-8b,E240,private,3,0,4,32,384,3,72,240,0.25,ok,0.5411840081214905,0.5436480045318604,0.5322880148887634,0.002932097133474185,1095,74,15,114.57613178369502,0.24989798875611366,False,25.757057999726385,27.852066635268592,1710.0,1710 1710 1710 1710 1710 1710 1710 1710 1710 1710 1710 1710 1710 1710 1710,,,True,267.715,,0.5405919849872589,"no reference clock given, level not determinable"
jetmoe-8b,E0,private,3,0,4,32,384,3,72,0,0.25,ok,0.5433279871940613,0.5456640124320984,0.5335360169410706,0.0027432478112283856,1095,74,15,120.81758309495491,0.2499006207862814,False,22.21347899921966,33.06879531182393,1710.0,1710 1710 1710 1710 1710 1710 1710 1710 1710 1710 1710 1710 1710 1710 1710,,,True,260.884,,0.5427359938621521,"no reference clock given, level not determinable"
jetmoe-8b,E480,private,3,0,4,32,384,3,72,480,0.25,ok,0.5407040119171143,0.5433599948883057,0.5312319993972778,0.0029773685505233728,1095,74,15,109.23612818012771,0.24990022388039396,False,24.885850999453396,36.63350465672633,1710.0,1710 1710 1710 1710 1710 1710 1710 1710 1710 1710 1710 1710 1710 1710 1710,,,True,284.733,,0.5416960120201111,"no reference clock given, level not determinable"
jetmoe-8b,GR,private,3,0,4,32,384,3,72,240,0.25,ok,0.5362560153007507,0.5384960174560547,0.526528000831604,0.002973191937545687,1110,75,15,114.43235498217838,0.24990046166638252,False,2.45109100069385,70.88182583353307,1710.0,1710 1710 1710 1710 1710 1710 1710 1710 1710 1710 1710 1710 1710 1710 1710,,,True,270.891,,0.5355839729309082,"no reference clock given, level not determinable"
jetmoe-8b,E240,native,4,0,4,32,512,1,8,240,0.25,ok,0.48627200722694397,0.4887680113315582,0.48105600476264954,0.0018819141638241265,1215,82,15,113.42355229704845,0.24989582484981201,False,27.981619000456703,30.48504899695322,1710.0,1710 1710 1710 1710 1710 1710 1710 1710 1710 1710 1710 1710 1710 1710 1710,,,True,279.424,,0.4848639965057373,"no reference clock given, level not determinable"
jetmoe-8b,E0,native,4,0,4,32,512,1,8,0,0.25,ok,0.48953598737716675,0.49158400297164917,0.48281601071357727,0.001641174059066586,1215,82,15,120.9293248430986,0.2499077701068566,False,25.013084999955026,25.61765721318763,1710.0,1710 1710 1710 1710 1710 1710 1710 1710 1710 1710 1710 1710 1710 1710 1710,,,True,260.971,,0.48745599389076233,"no reference clock given, level not determinable"
jetmoe-8b,E480,native,4,0,4,32,512,1,8,480,0.25,ok,0.48767998814582825,0.4898880124092102,0.4818879961967468,0.001884085541329898,1215,82,15,108.19231021536687,0.2498994948367786,False,27.81060899997101,37.20382716336106,1710.0,1710 1710 1710 1710 1710 1710 1710 1710 1710 1710 1710 1710 1710 1710 1710,,,True,280.187,,0.4854080080986023,"no reference clock given, level not determinable"
jetmoe-8b,GR,native,4,0,4,32,512,1,8,240,0.25,ok,0.4805760085582733,0.48265600204467773,0.476639986038208,0.0015242263896072237,1230,83,15,113.03267206053717,0.2498949543238891,False,2.620115000354417,77.90737850815106,1710.0,1710 1710 1710 1710 1710 1710 1710 1710 1710 1710 1710 1710 1710 1710 1710,,,True,276.289,,0.48080000281333923,"no reference clock given, level not determinable"
jetmoe-8b,E240,shared,4,0,4,32,512,1,72,240,0.25,ok,0.4898560047149658,0.4920960068702698,0.48447999358177185,0.0017664549120082187,1215,82,15,114.49654212788302,0.24989784692156433,False,28.821913000683708,30.158926028618882,1710.0,1710 1710 1710 1710 1710 1710 1710 1710 1710 1710 1710 1710 1710 1710 1710,,,True,274.884,,0.48632000386714935,"no reference clock given, level not determinable"
jetmoe-8b,E0,shared,4,0,4,32,512,1,72,0,0.25,ok,0.49190399050712585,0.4944320023059845,0.48793599009513855,0.0017496221875776827,1200,81,15,119.87992008485163,0.2498994814369309,False,24.531576000299538,31.073285061989584,1710.0,1710 1710 1710 1710 1710 1710 1710 1710 1710 1710 1710 1710 1710 1710 1710,,,True,260.54,,0.49089600145816803,"no reference clock given, level not determinable"
jetmoe-8b,E480,shared,4,0,4,32,512,1,72,480,0.25,ok,0.4907200038433075,0.493120014667511,0.48416000604629517,0.0019846902438106486,1215,82,15,108.93566789780742,0.2499040597290557,False,27.87659400019038,31.004189808268844,1710.0,1710 1710 1710 1710 1710 1710 1710 1710 1710 1710 1710 1710 1710 1710 1710,,,True,283.123,,0.48900800943374634,"no reference clock given, level not determinable"
jetmoe-8b,GR,shared,4,0,4,32,512,1,72,240,0.25,ok,0.4832000136375427,0.4852159917354584,0.4790399968624115,0.0015171355502277789,1230,83,15,113.58873577342457,0.2498968222329173,False,2.7339409998603514,77.92402364090954,1710.0,1710 1710 1710 1710 1710 1710 1710 1710 1710 1710 1710 1710 1710 1710 1710,,,True,278.65,,0.48179200291633606,"no reference clock given, level not determinable"
jetmoe-8b,E240,private,4,0,4,32,512,4,72,240,0.25,ok,0.6807840168476105,0.6832320094108582,0.6757439970970154,0.001852873966140344,870,59,15,116.17873174394481,0.2499046957531323,False,21.038687000327627,31.1054595047552,1710.0,1710 1710 1710 1710 1710 1710 1710 1710 1710 1710 1710 1710 1710 1710 1710,,,True,279.549,,0.6808000206947327,"no reference clock given, level not determinable"
jetmoe-8b,E0,private,4,0,4,32,512,4,72,0,0.25,ok,0.6823679804801941,0.68476802110672,0.6775680184364319,0.001800519679713334,870,59,15,121.2073099681511,0.2498993842200547,False,18.47021899993706,31.26497120119291,1710.0,1710 1710 1710 1710 1710 1710 1710 1710 1710 1710 1710 1710 1710 1710 1710,,,True,269.865,,0.6824640035629272,"no reference clock given, level not determinable"
jetmoe-8b,E480,private,4,0,4,32,512,4,72,480,0.25,ok,0.6807039976119995,0.6831039786338806,0.6757760047912598,0.0017733855591263558,870,59,15,111.97355075075757,0.24990942155763826,False,20.36940199923265,33.73285446277179,1710.0,1710 1710 1710 1710 1710 1710 1710 1710 1710 1710 1710 1710 1710 1710 1710,,,True,284.236,,0.680351972579956,"no reference clock given, level not determinable"
jetmoe-8b,GR,private,4,0,4,32,512,4,72,240,0.25,ok,0.6756799817085266,0.6780480146408081,0.6710720062255859,0.0017523799112594892,870,59,15,114.80558269992616,0.24989539607910616,False,1.9362379998710821,56.265886416229996,1710.0,1710 1710 1710 1710 1710 1710 1710 1710 1710 1710 1710 1710 1710 1710 1710,,,True,278.662,,0.6753919720649719,"no reference clock given, level not determinable"
jetmoe-8b,E240,shared,4,1,4,32,512,1,72,240,0.25,ok,0.49027198553085327,0.49219200015068054,0.4851199984550476,0.0015598514969477426,1215,82,15,114.53974151126751,0.24989432255840693,False,28.120019999732904,29.9304476539633,1710.0,1710 1710 1710 1710 1710 1710 1710 1710 1710 1710 1710 1710 1710 1710 1710,,,True,273.086,,0.4856480062007904,"no reference clock given, level not determinable"
jetmoe-8b,E0,shared,4,1,4,32,512,1,72,0,0.25,ok,0.4917759895324707,0.4939520061016083,0.48550400137901306,0.0017761103601964924,1200,81,15,119.9822239291243,0.2498979221611362,False,24.749083000642713,27.97866141667261,1710.0,1710 1710 1710 1710 1710 1710 1710 1710 1710 1710 1710 1710 1710 1710 1710,,,True,260.367,,0.4923039972782135,"no reference clock given, level not determinable"
jetmoe-8b,E480,shared,4,1,4,32,512,1,72,480,0.25,ok,0.49027198553085327,0.4926399886608124,0.48467200994491577,0.0018301391765299724,1215,82,15,108.75086867178472,0.24989873431716011,False,27.908147000744066,36.299117315840306,1710.0,1710 1710 1710 1710 1710 1710 1710 1710 1710 1710 1710 1710 1710 1710 1710,,,True,283.878,,0.4891040027141571,"no reference clock given, level not determinable"
jetmoe-8b,GR,shared,4,1,4,32,512,1,72,240,0.25,ok,0.4832000136375427,0.48550400137901306,0.47920000553131104,0.0017063927126333427,1230,83,15,113.6678397808937,0.2499058859063324,False,2.6003080001828494,78.17363802872752,1710.0,1710 1710 1710 1710 1710 1710 1710 1710 1710 1710 1710 1710 1710 1710 1710,,,True,274.999,,0.48150399327278137,"no reference clock given, level not determinable"
jetmoe-8b,E240,private,4,1,4,32,512,4,72,240,0.25,ok,0.6808160245418549,0.6832320094108582,0.6745920181274414,0.0018749253800742945,870,59,15,116.17556362466713,0.24990313627826008,False,20.696092000434874,31.192933105117657,1710.0,1710 1710 1710 1710 1710 1710 1710 1710 1710 1710 1710 1710 1710 1710 1710,,,True,279.467,,0.681056022644043,"no reference clock given, level not determinable"
jetmoe-8b,E0,private,4,1,4,32,512,4,72,0,0.25,ok,0.6823839843273163,0.6849920153617859,0.6764479875564575,0.0019907205542714743,870,59,15,121.20702123766385,0.24989966420513177,False,18.37834700017993,31.99607599613176,1710.0,1710 1710 1710 1710 1710 1710 1710 1710 1710 1710 1710 1710 1710 1710 1710,,,True,269.841,,0.6833599805831909,"no reference clock given, level not determinable"
jetmoe-8b,E480,private,4,1,4,32,512,4,72,480,0.25,ok,0.6807680130004883,0.6832320094108582,0.6750400066375732,0.0018518931645955382,870,59,15,111.94859075432758,0.24989941206078456,False,19.902517999980773,34.76858088294446,1710.0,1710 1710 1710 1710 1710 1710 1710 1710 1710 1710 1710 1710 1710 1710 1710,,,True,284.724,,0.6807680130004883,"no reference clock given, level not determinable"
jetmoe-8b,GR,private,4,1,4,32,512,4,72,240,0.25,ok,0.6758240163326263,0.6783040165901184,0.6708800196647644,0.0018466811243850521,870,59,15,114.79774331345108,0.24990140036032052,False,1.9283980000182055,56.208728704359,1710.0,1710 1710 1710 1710 1710 1710 1710 1710 1710 1710 1710 1710 1710 1710 1710,,,True,277.42,,0.6751360297203064,"no reference clock given, level not determinable"
jetmoe-8b,E240,native,4,1,4,32,512,1,8,240,0.25,ok,0.4865120053291321,0.48870399594306946,0.48179200291633606,0.0016398900360285681,1230,83,15,114.94933997232145,0.24990603585652799,False,28.140979999989213,32.4706518800539,1710.0,1710 1710 1710 1710 1710 1710 1710 1710 1710 1710 1710 1710 1710 1710 1710,,,True,274.938,,0.4843679964542389,"no reference clock given, level not determinable"
jetmoe-8b,E0,native,4,1,4,32,512,1,8,0,0.25,ok,0.4885439872741699,0.49062401056289673,0.48208001255989075,0.0018128504788810324,1215,82,15,120.69665428743612,0.24989722639847936,False,25.50819199950638,29.770673707556735,1710.0,1710 1710 1710 1710 1710 1710 1710 1710 1710 1710 1710 1710 1710 1710 1710,,,True,260.968,,0.4890559911727905,"no reference clock given, level not determinable"
jetmoe-8b,E480,native,4,1,4,32,512,1,8,480,0.25,ok,0.4868159890174866,0.4891520142555237,0.4816640019416809,0.00185812137333172,1215,82,15,107.7612072474076,0.2498971409051485,False,28.156372000012198,36.33540331881688,1710.0,1710 1710 1710 1710 1710 1710 1710 1710 1710 1710 1710 1710 1710 1710 1710,,,True,287.465,,0.485152006149292,"no reference clock given, level not determinable"
jetmoe-8b,GR,native,4,1,4,32,512,1,8,240,0.25,ok,0.47999998927116394,0.4821760058403015,0.47619199752807617,0.0016303609040290111,1230,83,15,112.90220884704469,0.24990061119986592,False,2.642579999701411,78.03482677699589,1710.0,1710 1710 1710 1710 1710 1710 1710 1710 1710 1710 1710 1710 1710 1710 1710,,,True,277.762,,0.4803520143032074,"no reference clock given, level not determinable"
jetmoe-8b,E240,shared,3,1,4,32,384,1,72,240,0.25,ok,0.3797760009765625,0.38176000118255615,0.3750399947166443,0.0014482886185189921,1575,106,15,112.70510275303968,0.24989896398546238,False,36.149264000414405,27.1708002174142,1710.0,1710 1710 1710 1710 1710 1710 1710 1710 1710 1710 1710 1710 1710 1710 1710,,,True,290.661,,0.3776960074901581,"no reference clock given, level not determinable"
jetmoe-8b,E0,shared,3,1,4,32,384,1,72,0,0.25,ok,0.3816959857940674,0.38335999846458435,0.3786880075931549,0.0013708715046026666,1485,100,15,114.85682891425678,0.24989657928031725,False,31.424204999893846,16.778533284537332,1710.0,1710 1710 1710 1710 1710 1710 1710 1710 1710 1710 1710 1710 1710 1710 1710,,,True,273.118,,0.39923200011253357,"no reference clock given, level not determinable"
jetmoe-8b,E480,shared,3,1,4,32,384,1,72,480,0.25,ok,0.37993600964546204,0.38207998871803284,0.37491199374198914,0.0016284640021510585,1575,106,15,105.45353005427025,0.24990146629133156,False,37.39823400064779,34.565873655196114,1710.0,1710 1710 1710 1710 1710 1710 1710 1710 1710 1710 1710 1710 1710 1710 1710,,,True,302.775,,0.37848000228405,"no reference clock given, level not determinable"
jetmoe-8b,GR,shared,3,1,4,32,384,1,72,240,0.25,ok,0.3733760118484497,0.3749760091304779,0.3704319894313812,0.0011624557642619252,1590,107,15,111.37646588122152,0.24989718157553517,False,3.4371780002402375,99.17758244130782,1710.0,1710 1710 1710 1710 1710 1710 1710 1710 1710 1710 1710 1710 1710 1710 1710,,,True,289.787,,0.3728640079498291,"no reference clock given, level not determinable"
jetmoe-8b,E240,private,3,1,4,32,384,3,72,240,0.25,ok,0.5412480235099792,0.543615996837616,0.5322880148887634,0.002994816417600458,1095,74,15,114.4841321405256,0.24989930483288558,False,26.265221999892674,31.01553836578807,1710.0,1710 1710 1710 1710 1710 1710 1710 1710 1710 1710 1710 1710 1710 1710 1710,,,True,270.505,,0.5407199859619141,"no reference clock given, level not determinable"
jetmoe-8b,E0,private,3,1,4,32,384,3,72,0,0.25,ok,0.5433279871940613,0.5456640124320984,0.5345600247383118,0.0029531693446020616,1095,74,15,120.90660536078212,0.24989886393664856,False,22.438025000155903,31.277500847201164,1710.0,1710 1710 1710 1710 1710 1710 1710 1710 1710 1710 1710 1710 1710 1710 1710,,,True,260.71,,0.5432319939136505,"no reference clock given, level not determinable"
jetmoe-8b,E480,private,3,1,4,32,384,3,72,480,0.25,ok,0.5407040119171143,0.5431039929389954,0.531328022480011,0.002995249143181625,1095,74,15,109.16678260947083,0.24989753882987825,False,25.000413000270783,36.01264976336817,1710.0,1710 1710 1710 1710 1710 1710 1710 1710 1710 1710 1710 1710 1710 1710 1710,,,True,284.747,,0.5406079888343811,"no reference clock given, level not determinable"
jetmoe-8b,GR,private,3,1,4,32,384,3,72,240,0.25,ok,0.5361279845237732,0.5383039712905884,0.5263360142707825,0.0025803274443957185,1110,75,15,114.47017967102873,0.2498982307583712,False,2.4391859997194842,70.84695079845226,1710.0,1710 1710 1710 1710 1710 1710 1710 1710 1710 1710 1710 1710 1710 1710 1710,,,True,271.832,,0.536512017250061,"no reference clock given, level not determinable"
jetmoe-8b,E240,native,3,1,4,32,384,1,8,240,0.25,ok,0.3909119963645935,0.39289599657058716,0.38649600744247437,0.0015702431740165542,1530,103,15,112.94264120068692,0.24989482894446666,False,33.83001499969396,30.565645850895077,1710.0,1710 1710 1710 1710 1710 1710 1710 1710 1710 1710 1710 1710 1710 1710 1710,,,True,280.846,,0.3896639943122864,"no reference clock given, level not determinable"
jetmoe-8b,E0,native,3,1,4,32,384,1,8,0,0.25,ok,0.39209601283073425,0.39398398995399475,0.38700801134109497,0.0015756917253845946,1485,100,15,117.75560506454349,0.24989563191104947,False,28.880793000098492,25.348441645703318,1710.0,1710 1710 1710 1710 1710 1710 1710 1710 1710 1710 1710 1710 1710 1710 1710,,,True,264.5,,0.40006399154663086,"no reference clock given, level not determinable"
jetmoe-8b,E480,native,3,1,4,32,384,1,8,480,0.25,ok,0.3904320001602173,0.3927359879016876,0.38550400733947754,0.001731484418016068,1530,103,15,105.60863755794708,0.24989942995168268,False,33.318714999950316,37.24737659696078,1710.0,1710 1710 1710 1710 1710 1710 1710 1710 1710 1710 1710 1710 1710 1710 1710,,,True,294.659,,0.3892480134963989,"no reference clock given, level not determinable"
jetmoe-8b,GR,native,3,1,4,32,384,1,8,240,0.25,ok,0.3861120045185089,0.3882240056991577,0.38124799728393555,0.0016656291330455018,1545,104,15,112.00437081397833,0.24990362487655338,False,3.2493680000698077,96.62575631327215,1710.0,1710 1710 1710 1710 1710 1710 1710 1710 1710 1710 1710 1710 1710 1710 1710,,,True,280.145,,0.38624000549316406,"no reference clock given, level not determinable"
jetmoe-8b,E240,shared,2,1,4,32,256,1,72,240,0.25,ok,0.2865920066833496,0.30617600679397583,0.2624000012874603,0.014398505447069965,2220,149,15,116.72899669309844,0.24991229151844144,True,54.3905860004088,0.2809254505947242,1710.0,1710 1710 1710 1710 1710 1710 1710 1710 1710 1710 1710 1710 1710 1710 1710,,,True,279.05,,0.2686080038547516,"no reference clock given, level not determinable; host-bound: in 15 of 15 trials the GPU had fewer than 2 iterations of work queued when the host finished enqueueing (smallest backlog 0.28 iterations; host enqueue 0.3650 ms per call); the intervals include host enqueue time and the number is an upper bound on the kernel time; time the callable as a graph replay or through a fused launcher to measure the GPU alone"
jetmoe-8b,E0,shared,2,1,4,32,256,1,72,0,0.25,ok,0.30239999294281006,0.3222399950027466,0.2648639976978302,0.015317638717849927,1695,114,15,103.15413704314413,0.24988203561658864,True,34.539108999524615,0.4155929666213762,1710.0,1710 1710 1710 1710 1710 1710 1710 1710 1710 1710 1710 1710 1710 1710 1710,,,True,249.302,,0.3505919873714447,"no reference clock given, level not determinable; host-bound: in 15 of 15 trials the GPU had fewer than 2 iterations of work queued when the host finished enqueueing (smallest backlog 0.42 iterations; host enqueue 0.3030 ms per call); the intervals include host enqueue time and the number is an upper bound on the kernel time; time the callable as a graph replay or through a fused launcher to measure the GPU alone"
jetmoe-8b,E480,shared,2,1,4,32,256,1,72,480,0.25,ok,0.26441600918769836,0.2658880054950714,0.2608320116996765,0.0011384009974061526,2265,152,15,98.51770302220395,0.24990403981523823,False,53.49502700028097,20.839925290165162,1710.0,1710 1710 1710 1710 1710 1710 1710 1710 1710 1710 1710 1710 1710 1710 1710,,,True,310.622,,0.26230400800704956,"no reference clock given, level not determinable"
jetmoe-8b,GR,shared,2,1,4,32,256,1,72,240,0.25,ok,0.25939199328422546,0.26070401072502136,0.2561280131340027,0.0009462104852400469,2295,154,15,107.46667851116217,0.249904659422672,False,4.9011250002877205,139.02520610463768,1710.0,1710 1710 1710 1710 1710 1710 1710 1710 1710 1710 1710 1710 1710 1710 1710,,,True,291.729,,0.25990399718284607,"no reference clock given, level not determinable"
jetmoe-8b,E240,private,2,1,4,32,256,2,72,240,0.25,ok,0.35865598917007446,0.3612160086631775,0.35155200958251953,0.0021964197323331206,1650,111,15,110.9520160110551,0.24989648517559276,False,40.33857499962323,18.608417554466797,1710.0,1710 1710 1710 1710 1710 1710 1710 1710 1710 1710 1710 1710 1710 1710 1710,,,True,269.642,,0.35942399501800537,"no reference clock given, level not determinable"
jetmoe-8b,E0,private,2,1,4,32,256,2,72,0,0.25,ok,0.3598079979419708,0.362527996301651,0.35363200306892395,0.002214066281665372,1650,111,15,120.0555993465241,0.24990561075390963,False,34.7050609998405,15.043896964406088,1710.0,1710 1710 1710 1710 1710 1710 1710 1710 1710 1710 1710 1710 1710 1710 1710,,,True,261.547,,0.3598079979419708,"no reference clock given, level not determinable"
jetmoe-8b,E480,private,2,1,4,32,256,2,72,480,0.25,ok,0.3585599958896637,0.36127999424934387,0.3528960049152374,0.002178163382057024,1665,112,15,104.17592429756043,0.24989679050998645,False,39.524905000689614,33.106794926602916,1710.0,1710 1710 1710 1710 1710 1710 1710 1710 1710 1710 1710 1710 1710 1710 1710,,,True,291.737,,0.3583360016345978,"no reference clock given, level not determinable"
jetmoe-8b,GR,private,2,1,4,32,256,2,72,240,0.25,ok,0.3533119857311249,0.3558720052242279,0.3479680120944977,0.002132659568161165,1680,113,15,110.65659092862914,0.24989558367590672,False,3.6515800002234755,104.31823878865303,1710.0,1710 1710 1710 1710 1710 1710 1710 1710 1710 1710 1710 1710 1710 1710 1710,,,True,272.262,,0.3529280126094818,"no reference clock given, level not determinable"
jetmoe-8b,E240,native,2,1,4,32,256,1,8,240,0.25,ok,0.2714880108833313,0.27318400144577026,0.2674559950828552,0.0021822814694108465,2205,148,15,109.17013628768474,0.24989848609469623,False,48.27300400029344,8.438988907558603,1710.0,1710 1710 1710 1710 1710 1710 1710 1710 1710 1710 1710 1710 1710 1710 1710,,,True,283.329,,0.27052798867225647,"no reference clock given, level not determinable"
jetmoe-8b,E0,native,2,1,4,32,256,1,8,0,0.25,ok,0.2894720137119293,0.3134399950504303,0.2696000039577484,0.016207508120717518,1875,126,15,109.82583306576998,0.24988539602572368,True,36.77778099972784,0.3522980259105738,1710.0,1710 1710 1710 1710 1710 1710 1710 1710 1710 1710 1710 1710 1710 1710 1710,,,True,258.412,,0.3164159953594208,"no reference clock given, level not determinable; host-bound: in 15 of 15 trials the GPU had fewer than 2 iterations of work queued when the host finished enqueueing (smallest backlog 0.35 iterations; host enqueue 0.2919 ms per call); the intervals include host enqueue time and the number is an upper bound on the kernel time; time the callable as a graph replay or through a fused launcher to measure the GPU alone"
jetmoe-8b,E480,native,2,1,4,32,256,1,8,480,0.25,ok,0.2710080146789551,0.27270400524139404,0.2670400142669678,0.0012717638774269646,2205,148,15,98.73780366753634,0.24990113272098824,False,49.21752300015214,29.24678674594219,1710.0,1710 1710 1710 1710 1710 1710 1710 1710 1710 1710 1710 1710 1710 1710 1710,,,True,300.02,,0.26976001262664795,"no reference clock given, level not determinable"
jetmoe-8b,GR,native,2,1,4,32,256,1,8,240,0.25,ok,0.26716798543930054,0.2685759961605072,0.2645759880542755,0.0010056129594102888,2220,149,15,107.3822984678409,0.2498953983534483,False,4.725091000182147,134.72014900981344,1710.0,1710 1710 1710 1710 1710 1710 1710 1710 1710 1710 1710 1710 1710 1710 1710,,,True,281.011,,0.26764799654483795,"no reference clock given, level not determinable"
jetmoe-8b,E240,shared,1,1,4,32,128,1,72,240,0.25,ok,0.2643519937992096,0.2845120131969452,0.21427200734615326,0.015596152856999081,2100,141,15,102.52763120344025,0.24989943908506046,True,48.75719900064723,0.16585126102590994,1710.0,1710 1710 1710 1710 1710 1710 1710 1710 1710 1710 1710 1710 1710 1710 1710,,,True,239.012,,0.2837440073490143,"no reference clock given, level not determinable; host-bound: in 15 of 15 trials the GPU had fewer than 2 iterations of work queued when the host finished enqueueing (smallest backlog 0.17 iterations; host enqueue 0.3458 ms per call); the intervals include host enqueue time and the number is an upper bound on the kernel time; time the callable as a graph replay or through a fused launcher to measure the GPU alone"
jetmoe-8b,E0,shared,1,1,4,32,128,1,72,0,0.25,ok,0.3016799986362457,0.3214080035686493,0.25308799743652344,0.01510211948763041,1920,129,15,116.3484718985128,0.24989699455255426,True,39.0372549991298,0.16638787988502174,1710.0,1710 1710 1710 1710 1710 1710 1710 1710 1710 1710 1710 1710 1710 1710 1710,,,True,206.068,,0.30955199897289276,"no reference clock given, level not determinable; host-bound: in 15 of 15 trials the GPU had fewer than 2 iterations of work queued when the host finished enqueueing (smallest backlog 0.17 iterations; host enqueue 0.3026 ms per call); the intervals include host enqueue time and the number is an upper bound on the kernel time; time the callable as a graph replay or through a fused launcher to measure the GPU alone"
jetmoe-8b,E480,shared,1,1,4,32,128,1,72,480,0.25,ok,0.20707200467586517,0.21148799359798431,0.20207999646663666,0.0052993035846668,2850,191,15,91.27558521126048,0.24989251961997835,True,66.08721800057538,0.18686063123547633,1710.0,1710 1710 1710 1710 1710 1710 1710 1710 1710 1710 1710 1710 1710 1710 1710,,,True,298.32,,0.20950399339199066,"no reference clock given, level not determinable; host-bound: in 6 of 15 trials the GPU had fewer than 2 iterations of work queued when the host finished enqueueing (smallest backlog 0.19 iterations; host enqueue 0.3460 ms per call); the intervals include host enqueue time and the number is an upper bound on the kernel time; time the callable as a graph replay or through a fused launcher to measure the GPU alone"
jetmoe-8b,GR,shared,1,1,4,32,128,1,72,240,0.25,ok,0.20265600085258484,0.20665599405765533,0.19910399615764618,0.0022201287274905817,2955,198,15,105.14793010820722,0.24989441377148022,False,6.2100949999148725,174.8811341466759,1710.0,1710 1710 1710 1710 1710 1710 1710 1710 1710 1710 1710 1710 1710 1710 1710,,,True,274.817,,0.20241600275039673,"no reference clock given, level not determinable"
jetmoe-8b,E240,private,1,1,4,32,128,1,72,240,0.25,ok,0.2747040092945099,0.29337599873542786,0.2242559939622879,0.015836677354090892,1920,129,15,96.72496691941343,0.24987724423414018,True,45.57096799999272,0.15550562680484747,1710.0,1710 1710 1710 1710 1710 1710 1710 1710 1710 1710 1710 1710 1710 1710 1710,,,True,234.087,,0.30928000807762146,"no reference clock given, level not determinable; host-bound: in 15 of 15 trials the GPU had fewer than 2 iterations of work queued when the host finished enqueueing (smallest backlog 0.16 iterations; host enqueue 0.3533 ms per call); the intervals include host enqueue time and the number is an upper bound on the kernel time; time the callable as a graph replay or through a fused launcher to measure the GPU alone"
jetmoe-8b,E0,private,1,1,4,32,128,1,72,0,0.25,ok,0.3094239979982376,0.3296000063419342,0.26521599292755127,0.015626057873535326,1830,123,15,113.89849373137986,0.24989116111699017,True,38.18864000004396,0.21653377382714364,1710.0,1710 1710 1710 1710 1710 1710 1710 1710 1710 1710 1710 1710 1710 1710 1710,,,True,204.923,,0.32438400387763977,"no reference clock given, level not determinable; host-bound: in 15 of 15 trials the GPU had fewer than 2 iterations of work queued when the host finished enqueueing (smallest backlog 0.22 iterations; host enqueue 0.3105 ms per call); the intervals include host enqueue time and the number is an upper bound on the kernel time; time the callable as a graph replay or through a fused launcher to measure the GPU alone"
jetmoe-8b,E480,private,1,1,4,32,128,1,72,480,0.25,ok,0.20796799659729004,0.21932800114154816,0.2017280012369156,0.006994777469052648,2460,165,15,79.71789302521209,0.24988626761182683,True,58.479225000155566,0.16332316255764215,1710.0,1710 1710 1710 1710 1710 1710 1710 1710 1710 1710 1710 1710 1710 1710 1710,,,True,291.975,,0.242064006626606,"no reference clock given, level not determinable; host-bound: in 15 of 15 trials the GPU had fewer than 2 iterations of work queued when the host finished enqueueing (smallest backlog 0.16 iterations; host enqueue 0.3544 ms per call); the intervals include host enqueue time and the number is an upper bound on the kernel time; time the callable as a graph replay or through a fused launcher to measure the GPU alone"
jetmoe-8b,GR,private,1,1,4,32,128,1,72,240,0.25,ok,0.20217600464820862,0.20611199736595154,0.19855999946594238,0.0021714661604787756,2955,198,15,104.79868273956528,0.24989520447219726,False,6.157070999506686,175.5882169373219,1710.0,1710 1710 1710 1710 1710 1710 1710 1710 1710 1710 1710 1710 1710 1710 1710,,,True,275.856,,0.202224001288414,"no reference clock given, level not determinable"
jetmoe-8b,E240,native,1,1,4,32,128,1,8,240,0.25,ok,0.25785601139068604,0.2783679962158203,0.20662400126457214,0.01651284422068282,2205,148,15,103.22634273175935,0.2498963406841581,True,49.70507899997756,0.16662371155029312,1710.0,1710 1710 1710 1710 1710 1710 1710 1710 1710 1710 1710 1710 1710 1710 1710,,,True,237.538,,0.27084799110889435,"no reference clock given, level not determinable; host-bound: in 15 of 15 trials the GPU had fewer than 2 iterations of work queued when the host finished enqueueing (smallest backlog 0.17 iterations; host enqueue 0.3358 ms per call); the intervals include host enqueue time and the number is an upper bound on the kernel time; time the callable as a graph replay or through a fused launcher to measure the GPU alone"
jetmoe-8b,E0,native,1,1,4,32,128,1,8,0,0.25,ok,0.28384000062942505,0.30559998750686646,0.23849600553512573,0.0167587025344805,2070,139,15,118.52369758999703,0.24989545511275182,True,39.77325999949244,0.1865475208107886,1710.0,1710 1710 1710 1710 1710 1710 1710 1710 1710 1710 1710 1710 1710 1710 1710,,,True,208.725,,0.2879999876022339,"no reference clock given, level not determinable; host-bound: in 15 of 15 trials the GPU had fewer than 2 iterations of work queued when the host finished enqueueing (smallest backlog 0.19 iterations; host enqueue 0.2861 ms per call); the intervals include host enqueue time and the number is an upper bound on the kernel time; time the callable as a graph replay or through a fused launcher to measure the GPU alone"
jetmoe-8b,E480,native,1,1,4,32,128,1,8,480,0.25,ok,0.2070080041885376,0.21091200411319733,0.2030079960823059,0.0025422569449190897,2880,193,15,92.05458806733077,0.24989490444636128,False,65.6289429998651,6.23804502355281,1710.0,1710 1710 1710 1710 1710 1710 1710 1710 1710 1710 1710 1710 1710 1710 1710,,,True,292.599,,0.20681599527597427,"no reference clock given, level not determinable"
jetmoe-8b,GR,native,1,1,4,32,128,1,8,240,0.25,ok,0.20374399423599243,0.2078399956226349,0.19968000054359436,0.0022866623835281095,2925,196,15,104.79238202027044,0.24990346145405912,False,6.086861999392568,173.79130714128365,1710.0,1710 1710 1710 1710 1710 1710 1710 1710 1710 1710 1710 1710 1710 1710 1710,,,True,268.982,,0.20454399287700653,"no reference clock given, level not determinable"
jetmoe-8b,E240,private,1,2,4,32,128,1,72,240,0.25,ok,0.2674559950828552,0.28867200016975403,0.213919997215271,0.0167903294600519,2190,147,15,108.7673537248993,0.24989871984959106,True,51.48682000071858,0.1891098896263491,1710.0,1710 1710 1710 1710 1710 1710 1710 1710 1710 1710 1710 1710 1710 1710 1710,,,True,234.731,,0.2714720070362091,"no reference clock given, level not determinable; host-bound: in 15 of 15 trials the GPU had fewer than 2 iterations of work queued when the host finished enqueueing (smallest backlog 0.19 iterations; host enqueue 0.3503 ms per call); the intervals include host enqueue time and the number is an upper bound on the kernel time; time the callable as a graph replay or through a fused launcher to measure the GPU alone"
jetmoe-8b,E0,private,1,2,4,32,128,1,72,0,0.25,ok,0.31353598833084106,0.3337920010089874,0.2642880082130432,0.01530244590142258,1875,126,15,118.46917080358982,0.24989434289274204,True,39.74449100041966,0.17441829955607707,1710.0,1710 1710 1710 1710 1710 1710 1710 1710 1710 1710 1710 1710 1710 1710 1710,,,True,201.485,,0.3171039968729019,"no reference clock given, level not determinable; host-bound: in 15 of 15 trials the GPU had fewer than 2 iterations of work queued when the host finished enqueueing (smallest backlog 0.17 iterations; host enqueue 0.3154 ms per call); the intervals include host enqueue time and the number is an upper bound on the kernel time; time the callable as a graph replay or through a fused launcher to measure the GPU alone"
jetmoe-8b,E480,private,1,2,4,32,128,1,72,480,0.25,ok,0.20662400126457214,0.21068799495697021,0.20182399451732635,0.0025341749331035733,2895,194,15,92.43944904518139,0.24989378203166926,False,65.77873500009446,6.163627503063786,1710.0,1710 1710 1710 1710 1710 1710 1710 1710 1710 1710 1710 1710 1710 1710 1710,,,True,296.312,,0.20628800243139267,"no reference clock given, level not determinable"
jetmoe-8b,GR,private,1,2,4,32,128,1,72,240,0.25,ok,0.20230400562286377,0.20640000700950623,0.199072003364563,0.0021683680527920524,2955,198,15,104.9638672810979,0.24989747450466535,False,6.234702999790898,175.19149417750134,1710.0,1710 1710 1710 1710 1710 1710 1710 1710 1710 1710 1710 1710 1710 1710 1710,,,True,273.15,,0.2019359990954399,"no reference clock given, level not determinable"
jetmoe-8b,E240,native,1,2,4,32,128,1,8,240,0.25,ok,0.2555519938468933,0.27987200021743774,0.20627200603485107,0.02083175285810093,2025,136,15,93.35642563527655,0.24987763797462395,True,45.18504400039092,0.17475640120109637,1710.0,1710 1710 1710 1710 1710 1710 1710 1710 1710 1710 1710 1710 1710 1710 1710,,,True,236.724,,0.29392001032829285,"no reference clock given, level not determinable; host-bound: in 15 of 15 trials the GPU had fewer than 2 iterations of work queued when the host finished enqueueing (smallest backlog 0.17 iterations; host enqueue 0.3322 ms per call); the intervals include host enqueue time and the number is an upper bound on the kernel time; time the callable as a graph replay or through a fused launcher to measure the GPU alone"
jetmoe-8b,E0,native,1,2,4,32,128,1,8,0,0.25,ok,0.28966400027275085,0.31248000264167786,0.24713599681854248,0.01652638043933942,1815,122,15,106.12030676903669,0.2498845232686438,True,35.591500000009546,0.20928446671608544,1710.0,1710 1710 1710 1710 1710 1710 1710 1710 1710 1710 1710 1710 1710 1710 1710,,,True,208.93,,0.32681599259376526,"no reference clock given, level not determinable; host-bound: in 15 of 15 trials the GPU had fewer than 2 iterations of work queued when the host finished enqueueing (smallest backlog 0.21 iterations; host enqueue 0.2917 ms per call); the intervals include host enqueue time and the number is an upper bound on the kernel time; time the callable as a graph replay or through a fused launcher to measure the GPU alone"
jetmoe-8b,E480,native,1,2,4,32,128,1,8,480,0.25,ok,0.20854400098323822,0.21264000236988068,0.20390400290489197,0.0022853953830234038,2865,192,15,92.56092421401263,0.24989757035135216,False,63.371004999680736,11.299287161757464,1710.0,1710 1710 1710 1710 1710 1710 1710 1710 1710 1710 1710 1710 1710 1710 1710,,,True,291.435,,0.20825600624084473,"no reference clock given, level not determinable"
jetmoe-8b,GR,native,1,2,4,32,128,1,8,240,0.25,ok,0.20444799959659576,0.20867200195789337,0.2006399929523468,0.002235088572673438,2925,196,15,105.20284312650618,0.24990125127099674,False,6.161006999718666,173.51964067181254,1710.0,1710 1710 1710 1710 1710 1710 1710 1710 1710 1710 1710 1710 1710 1710 1710,,,True,268.601,,0.20451200008392334,"no reference clock given, level not determinable"
jetmoe-8b,E240,shared,1,2,4,32,128,1,72,240,0.25,ok,0.265392005443573,0.28406399488449097,0.21676799654960632,0.015381530373781066,2100,141,15,100.36210059510631,0.24989465631410593,True,48.01856999984011,0.17184919284048172,1710.0,1710 1710 1710 1710 1710 1710 1710 1710 1710 1710 1710 1710 1710 1710 1710,,,True,235.653,,0.2844959944486618,"no reference clock given, level not determinable; host-bound: in 15 of 15 trials the GPU had fewer than 2 iterations of work queued when the host finished enqueueing (smallest backlog 0.17 iterations; host enqueue 0.3406 ms per call); the intervals include host enqueue time and the number is an upper bound on the kernel time; time the callable as a graph replay or through a fused launcher to measure the GPU alone"
jetmoe-8b,E0,shared,1,2,4,32,128,1,72,0,0.25,ok,0.3032959997653961,0.32185599207878113,0.26175999641418457,0.014617547973504263,1755,118,15,107.39361515068593,0.2498860674233933,True,36.009487000228546,0.2493097120380019,1710.0,1710 1710 1710 1710 1710 1710 1710 1710 1710 1710 1710 1710 1710 1710 1710,,,True,207.068,,0.34014399349689484,"no reference clock given, level not determinable; host-bound: in 15 of 15 trials the GPU had fewer than 2 iterations of work queued when the host finished enqueueing (smallest backlog 0.25 iterations; host enqueue 0.3052 ms per call); the intervals include host enqueue time and the number is an upper bound on the kernel time; time the callable as a graph replay or through a fused launcher to measure the GPU alone"
jetmoe-8b,E480,shared,1,2,4,32,128,1,72,480,0.25,ok,0.20633600652217865,0.21113599836826324,0.2019840031862259,0.005070206385147344,2865,192,15,91.3395202298925,0.24989665480834042,True,66.51042100020277,0.22049923607104774,1710.0,1710 1710 1710 1710 1710 1710 1710 1710 1710 1710 1710 1710 1710 1710 1710,,,True,291.912,,0.2086079940199852,"no reference clock given, level not determinable; host-bound: in 6 of 15 trials the GPU had fewer than 2 iterations of work queued when the host finished enqueueing (smallest backlog 0.22 iterations; host enqueue 0.3464 ms per call); the intervals include host enqueue time and the number is an upper bound on the kernel time; time the callable as a graph replay or through a fused launcher to measure the GPU alone"
jetmoe-8b,GR,shared,1,2,4,32,128,1,72,240,0.25,ok,0.20255999267101288,0.2064639925956726,0.1987520009279251,0.002188173893331593,2955,198,15,105.06492321615224,0.2498974442303208,False,6.15793399992981,175.13182359600663,1710.0,1710 1710 1710 1710 1710 1710 1710 1710 1710 1710 1710 1710 1710 1710 1710,,,True,274.752,,0.20235200226306915,"no reference clock given, level not determinable"
jetmoe-8b,E240,private,2,2,4,32,256,2,72,240,0.25,ok,0.3585279881954193,0.3611519932746887,0.35228800773620605,0.002156405103625181,1650,111,15,110.95911865380184,0.24989489260195413,False,37.895645999924454,22.543001666263766,1710.0,1710 1710 1710 1710 1710 1710 1710 1710 1710 1710 1710 1710 1710 1710 1710,,,True,268.993,,0.3587839901447296,"no reference clock given, level not determinable"
jetmoe-8b,E0,private,2,2,4,32,256,2,72,0,0.25,ok,0.3595519959926605,0.36214399337768555,0.3537600040435791,0.002391025039735336,1650,111,15,120.00116608860118,0.2498999989369919,False,33.956991999730235,15.916882486151513,1710.0,1710 1710 1710 1710 1710 1710 1710 1710 1710 1710 1710 1710 1710 1710 1710,,,True,261.173,,0.359360009431839,"no reference clock given, level not determinable"
jetmoe-8b,E480,private,2,2,4,32,256,2,72,480,0.25,ok,0.3583039939403534,0.36102399230003357,0.352512001991272,0.0021326716846955104,1650,111,15,103.25077580244397,0.24990354555948083,False,38.24105600051553,32.68234873337797,1710.0,1710 1710 1710 1710 1710 1710 1710 1710 1710 1710 1710 1710 1710 1710 1710,,,True,291.675,,0.35945600271224976,"no reference clock given, level not determinable"
jetmoe-8b,GR,private,2,2,4,32,256,2,72,240,0.25,ok,0.3535040020942688,0.3560959994792938,0.34726399183273315,0.002216972004168395,1680,113,15,110.7459014330161,0.24990482198337446,False,3.4763150006256183,104.64388586695141,1710.0,1710 1710 1710 1710 1710 1710 1710 1710 1710 1710 1710 1710 1710 1710 1710,,,True,276.93,,0.3535839915275574,"no reference clock given, level not determinable"
jetmoe-8b,E240,native,2,2,4,32,256,1,8,240,0.25,ok,0.2706559896469116,0.2726080119609833,0.26678401231765747,0.0025276943525709035,2205,148,15,108.85835945542202,0.2498975503578451,False,49.4492360003278,5.675419154372291,1710.0,1710 1710 1710 1710 1710 1710 1710 1710 1710 1710 1710 1710 1710 1710 1710,,,True,283.613,,0.26972800493240356,"no reference clock given, level not determinable"
jetmoe-8b,E0,native,2,2,4,32,256,1,8,0,0.25,ok,0.28702399134635925,0.3097600042819977,0.2698880136013031,0.014607706947921864,1980,133,15,114.97913129027437,0.2498937124618629,True,38.52227399966068,0.39110376699685795,1710.0,1710 1710 1710 1710 1710 1710 1710 1710 1710 1710 1710 1710 1710 1710 1710,,,True,249.141,,0.3015040010213852,"no reference clock given, level not determinable; host-bound: in 15 of 15 trials the GPU had fewer than 2 iterations of work queued when the host finished enqueueing (smallest backlog 0.39 iterations; host enqueue 0.2896 ms per call); the intervals include host enqueue time and the number is an upper bound on the kernel time; time the callable as a graph replay or through a fused launcher to measure the GPU alone"
jetmoe-8b,E480,native,2,2,4,32,256,1,8,480,0.25,ok,0.2726399898529053,0.27423998713493347,0.26864001154899597,0.0011546483095509082,2190,147,15,98.8201735671537,0.24990024222035478,False,47.98688999926526,31.26772224386909,1710.0,1710 1710 1710 1710 1710 1710 1710 1710 1710 1710 1710 1710 1710 1710 1710,,,True,298.934,,0.2722879946231842,"no reference clock given, level not determinable"
jetmoe-8b,GR,native,2,2,4,32,256,1,8,240,0.25,ok,0.2670080065727234,0.2683199942111969,0.2635200023651123,0.0010144200971385557,2220,149,15,107.51516257082402,0.2499023847320892,False,4.725252000753244,135.10089111050337,1710.0,1710 1710 1710 1710 1710 1710 1710 1710 1710 1710 1710 1710 1710 1710 1710,,,True,283.776,,0.2675679922103882,"no reference clock given, level not determinable"
jetmoe-8b,E240,shared,2,2,4,32,256,1,72,240,0.25,ok,0.2706719934940338,0.29366400837898254,0.26070401072502136,0.012806179424546916,1920,129,15,97.28422770264297,0.2498843013551716,True,45.7957050002733,0.2965095030424633,1710.0,1710 1710 1710 1710 1710 1710 1710 1710 1710 1710 1710 1710 1710 1710 1710,,,True,285.032,,0.30932800471782684,"no reference clock given, level not determinable; host-bound: in 15 of 15 trials the GPU had fewer than 2 iterations of work queued when the host finished enqueueing (smallest backlog 0.30 iterations; host enqueue 0.3550 ms per call); the intervals include host enqueue time and the number is an upper bound on the kernel time; time the callable as a graph replay or through a fused launcher to measure the GPU alone"
jetmoe-8b,E0,shared,2,2,4,32,256,1,72,0,0.25,ok,0.3080639988183975,0.32841598987579346,0.2662400007247925,0.018736440573368318,1890,127,15,117.07256540605887,0.24989450269654395,True,39.200264000101015,0.31583036296244077,1710.0,1710 1710 1710 1710 1710 1710 1710 1710 1710 1710 1710 1710 1710 1710 1710,,,True,243.312,,0.31596799194812775,"no reference clock given, level not determinable; host-bound: in 15 of 15 trials the GPU had fewer than 2 iterations of work queued when the host finished enqueueing (smallest backlog 0.32 iterations; host enqueue 0.3087 ms per call); the intervals include host enqueue time and the number is an upper bound on the kernel time; time the callable as a graph replay or through a fused launcher to measure the GPU alone"
jetmoe-8b,E480,shared,2,2,4,32,256,1,72,480,0.25,ok,0.2648639976978302,0.2664960026741028,0.2606399953365326,0.0012357614850458658,2250,151,15,98.01207336067455,0.24989963104988258,False,50.93695999948977,21.559685029068557,1710.0,1710 1710 1710 1710 1710 1710 1710 1710 1710 1710 1710 1710 1710 1710 1710,,,True,305.676,,0.26451200246810913,"no reference clock given, level not determinable"
jetmoe-8b,GR,shared,2,2,4,32,256,1,72,240,0.25,ok,0.25993600487709045,0.2611199915409088,0.2571839988231659,0.000905626137524716,2280,153,15,107.0171120782761,0.24989925780435773,False,4.7980519993870985,138.48711256557866,1710.0,1710 1710 1710 1710 1710 1710 1710 1710 1710 1710 1710 1710 1710 1710 1710,,,True,296.235,,0.26156799495220184,"no reference clock given, level not determinable"
jetmoe-8b,E240,private,3,2,4,32,384,3,72,240,0.25,ok,0.5407360196113586,0.5432000160217285,0.5319679975509644,0.002956585096152424,1095,74,15,114.43552484660177,0.24989611222728947,False,25.67974600060552,30.62661275128184,1710.0,1710 1710 1710 1710 1710 1710 1710 1710 1710 1710 1710 1710 1710 1710 1710,,,True,265.921,,0.5410559773445129,"no reference clock given, level not determinable"
jetmoe-8b,E0,private,3,2,4,32,384,3,72,0,0.25,ok,0.5429440140724182,0.5453119874000549,0.5343999862670898,0.002836672784146142,1095,74,15,120.76798268380662,0.24989472947683156,False,23.631921999367478,29.301678424021006,1710.0,1710 1710 1710 1710 1710 1710 1710 1710 1710 1710 1710 1710 1710 1710 1710,,,True,260.542,,0.5433279871940613,"no reference clock given, level not determinable"
jetmoe-8b,E480,private,3,2,4,32,384,3,72,480,0.25,ok,0.5406399965286255,0.543008029460907,0.5311679840087891,0.0027325109862786504,1095,74,15,109.20809720034593,0.24989721933962755,False,25.60140900004626,36.18172529077034,1710.0,1710 1710 1710 1710 1710 1710 1710 1710 1710 1710 1710 1710 1710 1710 1710,,,True,278.976,,0.5394400060176849,"no reference clock given, level not determinable"
jetmoe-8b,GR,private,3,2,4,32,384,3,72,240,0.25,ok,0.5347680151462555,0.5372800230979919,0.5263360142707825,0.002992785444954257,1110,75,15,114.0824379479018,0.24989934586378162,False,2.417491000414884,70.89188333014565,1710.0,1710 1710 1710 1710 1710 1710 1710 1710 1710 1710 1710 1710 1710 1710 1710,,,True,278.779,,0.5339199900627136,"no reference clock given, level not determinable"
jetmoe-8b,E240,native,3,2,4,32,384,1,8,240,0.25,ok,0.38892799615859985,0.3908480107784271,0.3839679956436157,0.0014959566942055616,1530,103,15,112.34597136385128,0.24989833679670342,False,33.68252499967639,27.014595322608688,1710.0,1710 1710 1710 1710 1710 1710 1710 1710 1710 1710 1710 1710 1710 1710 1710,,,True,280.012,,0.3883199989795685,"no reference clock given, level not determinable"
jetmoe-8b,E0,native,3,2,4,32,384,1,8,0,0.25,ok,0.38969600200653076,0.39161598682403564,0.38543999195098877,0.0017633615611249416,1485,100,15,117.29090293574701,0.24989162277103494,False,30.14669100048195,21.506033086360127,1710.0,1710 1710 1710 1710 1710 1710 1710 1710 1710 1710 1710 1710 1710 1710 1710,,,True,264.85,,0.4001440107822418,"no reference clock given, level not determinable"
jetmoe-8b,E480,native,3,2,4,32,384,1,8,480,0.25,ok,0.388480007648468,0.39075198769569397,0.38278400897979736,0.0017710837419047734,1530,103,15,105.02271871608538,0.24991197322395428,False,33.47887600011745,39.708519393758564,1710.0,1710 1710 1710 1710 1710 1710 1710 1710 1710 1710 1710 1710 1710 1710 1710,,,True,294.624,,0.3879680037498474,"no reference clock given, level not determinable"
jetmoe-8b,GR,native,3,2,4,32,384,1,8,240,0.25,ok,0.3834879994392395,0.3852800130844116,0.3789120018482208,0.0013977600187812314,1560,105,15,112.30692893221567,0.24990020477488548,False,3.3063929995478247,97.53173655076218,1710.0,1710 1710 1710 1710 1710 1710 1710 1710 1710 1710 1710 1710 1710 1710 1710,,,True,288.605,,0.38251200318336487,"no reference clock given, level not determinable"
jetmoe-8b,E240,shared,3,2,4,32,384,1,72,240,0.25,ok,0.37958401441574097,0.38147199153900146,0.37491199374198914,0.0015247849697380246,1575,106,15,112.61642962427868,0.2498977452469201,False,35.732972999539925,27.962621015476387,1710.0,1710 1710 1710 1710 1710 1710 1710 1710 1710 1710 1710 1710 1710 1710 1710,,,True,289.361,,0.3771679997444153,"no reference clock given, level not determinable"
jetmoe-8b,E0,shared,3,2,4,32,384,1,72,0,0.25,ok,0.3808639943599701,0.38288000226020813,0.3758719861507416,0.001622201165341148,1500,101,15,115.82018690209226,0.249891588055137,False,30.6485179999072,20.737646673422187,1710.0,1710 1710 1710 1710 1710 1710 1710 1710 1710 1710 1710 1710 1710 1710 1710,,,True,271.177,,0.3952319920063019,"no reference clock given, level not determinable"
jetmoe-8b,E480,shared,3,2,4,32,384,1,72,480,0.25,ok,0.3802880048751831,0.38230401277542114,0.375328004360199,0.0015799108496241138,1560,105,15,104.61737413938683,0.2498960023585652,False,36.19083200010209,35.53587568848629,1710.0,1710 1710 1710 1710 1710 1710 1710 1710 1710 1710 1710 1710 1710 1710 1710,,,True,300.905,,0.38020800054073334,"no reference clock given, level not determinable"
jetmoe-8b,GR,shared,3,2,4,32,384,1,72,240,0.25,ok,0.37353599071502686,0.37567999958992004,0.3694080114364624,0.0015577568330113457,1605,108,15,112.42257380985393,0.24990287473060024,False,3.5229709992563585,99.90019596085956,1710.0,1710 1710 1710 1710 1710 1710 1710 1710 1710 1710 1710 1710 1710 1710 1710,,,True,289.345,,0.3720319867134094,"no reference clock given, level not determinable"
jetmoe-8b,E240,private,4,2,4,32,512,4,72,240,0.25,ok,0.6808000206947327,0.6831679940223694,0.6752640008926392,0.0018362599647663003,870,59,15,116.2033385008035,0.24989501332334754,False,20.462777999455284,31.577254111130724,1710.0,1710 1710 1710 1710 1710 1710 1710 1710 1710 1710 1710 1710 1710 1710 1710,,,True,277.755,,0.6803839802742004,"no reference clock given, level not determinable"
jetmoe-8b,E0,private,4,2,4,32,512,4,72,0,0.25,ok,0.6827840209007263,0.6852480173110962,0.6775680184364319,0.0018168570306109069,870,59,15,121.31159875795127,0.24989533642902395,False,18.666285000108473,31.350358070575155,1710.0,1710 1710 1710 1710 1710 1710 1710 1710 1710 1710 1710 1710 1710 1710 1710,,,True,270.77,,0.6832000017166138,"no reference clock given, level not determinable"
jetmoe-8b,E480,private,4,2,4,32,512,4,72,480,0.25,ok,0.6805440187454224,0.6829760074615479,0.6742720007896423,0.0018889309388652404,870,59,15,111.97156631428514,0.24989661725338339,False,20.50594599950273,34.06494978139762,1710.0,1710 1710 1710 1710 1710 1710 1710 1710 1710 1710 1710 1710 1710 1710 1710,,,True,288.108,,0.6809279918670654,"no reference clock given, level not determinable"
jetmoe-8b,GR,private,4,2,4,32,512,4,72,240,0.25,ok,0.6749759912490845,0.6772480010986328,0.6705600023269653,0.0016881410079994258,870,59,15,114.65806271014297,0.249899135096095,False,1.920525999594247,56.31498312162406,1710.0,1710 1710 1710 1710 1710 1710 1710 1710 1710 1710 1710 1710 1710 1710 1710,,,True,283.245,,0.6750079989433289,"no reference clock given, level not determinable"
jetmoe-8b,E240,native,4,2,4,32,512,1,8,240,0.25,ok,0.4864960014820099,0.4888319969177246,0.4813440144062042,0.0019031136240888012,1215,82,15,113.68220840068535,0.24989861870577815,False,28.655736000473553,31.026851028674724,1710.0,1710 1710 1710 1710 1710 1710 1710 1710 1710 1710 1710 1710 1710 1710 1710,,,True,269.52,,0.48499199748039246,"no reference clock given, level not determinable"
jetmoe-8b,E0,native,4,2,4,32,512,1,8,0,0.25,ok,0.4893440008163452,0.4917440116405487,0.483487993478775,0.0018891788581667677,1215,82,15,120.85361453591759,0.2498904253345881,False,25.390014999175037,30.014034789507818,1710.0,1710 1710 1710 1710 1710 1710 1710 1710 1710 1710 1710 1710 1710 1710 1710,,,True,261.05,,0.4850720018148422,"no reference clock given, level not determinable"
jetmoe-8b,E480,native,4,2,4,32,512,1,8,480,0.25,ok,0.48655998706817627,0.4888960123062134,0.4806720018386841,0.0019040790575609076,1215,82,15,107.93727062712425,0.2498974455632991,False,28.888025999549427,36.170448902388976,1710.0,1710 1710 1710 1710 1710 1710 1710 1710 1710 1710 1710 1710 1710 1710 1710,,,True,281.901,,0.4852159917354584,"no reference clock given, level not determinable"
jetmoe-8b,GR,native,4,2,4,32,512,1,8,240,0.25,ok,0.48022401332855225,0.4824320077896118,0.4756160080432892,0.0016310674423499708,1245,84,15,114.28367528722447,0.24989877298908286,False,2.663795999978902,79.0411798768872,1710.0,1710 1710 1710 1710 1710 1710 1710 1710 1710 1710 1710 1710 1710 1710 1710,,,True,280.483,,0.4785279929637909,"no reference clock given, level not determinable"
jetmoe-8b,E240,shared,4,2,4,32,512,1,72,240,0.25,ok,0.4898560047149658,0.4922240078449249,0.48447999358177185,0.001802476137528504,1215,82,15,114.34662228442905,0.24990195768739318,False,28.429302000404277,31.74683078663929,1710.0,1710 1710 1710 1710 1710 1710 1710 1710 1710 1710 1710 1710 1710 1710 1710,,,True,274.539,,0.4896639883518219,"no reference clock given, level not determinable"
jetmoe-8b,E0,shared,4,2,4,32,512,1,72,0,0.25,ok,0.4920960068702698,0.4941760003566742,0.48607999086380005,0.0015420360934484702,1215,82,15,121.56362746166997,0.24990108217395235,False,25.221310000233643,30.939168366269914,1710.0,1710 1710 1710 1710 1710 1710 1710 1710 1710 1710 1710 1710 1710 1710 1710,,,True,262.182,,0.4904800057411194,"no reference clock given, level not determinable"
jetmoe-8b,E480,shared,4,2,4,32,512,1,72,480,0.25,ok,0.4905279874801636,0.49299201369285583,0.48371198773384094,0.0019516579016969663,1215,82,15,108.91067570820451,0.24990166703574382,False,28.265781000300194,36.88344944303824,1710.0,1710 1710 1710 1710 1710 1710 1710 1710 1710 1710 1710 1710 1710 1710 1710,,,True,285.185,,0.4907680004835129,"no reference clock given, level not determinable"
jetmoe-8b,GR,shared,4,2,4,32,512,1,72,240,0.25,ok,0.48310399055480957,0.4856640100479126,0.4780479967594147,0.0018343732305931616,1230,83,15,113.64678319394442,0.24989515319618907,False,2.650708000146551,78.0538449779341,1710.0,1710 1710 1710 1710 1710 1710 1710 1710 1710 1710 1710 1710 1710 1710 1710,,,True,273.428,,0.4833280146121979,"no reference clock given, level not determinable"
