schema_version,run_id,timestamp,git_sha,git_dirty,gpu_name,gpu_count,device_index,sm_count,l2_bytes,total_memory,driver_version,cuda_version,torch_version,triton_version,env_name,env_version,host_cpu,python_version,allow_tf32,allow_bf16_reduced_reduction,allow_fp16_reduced_reduction,model,hidden_size,intermediate_size,num_experts,top_k,num_tokens,rows,dtype,routing_kind,routing_param,trace_id,seed,pipeline,impl,scope,covers,cuda_graph_safe,load_num_experts,load_total_rows,load_active_experts,load_empty_experts,load_max_rows,load_min_rows,load_mean_rows,load_max_over_mean,load_cv,load_entropy_norm,load_gini,load_top1_share,load_tile_eff_bm64,load_tile_eff_bm128,l2_flush,flush_mb,flush_mode,cuda_graph,capture_status,graph_skip_reason,routing_fixed_across_iters,warmup,iters,trials,ms_p50,ms_p90,ms_min,ms_std,jitter_p90_over_p50,flops,compulsory_bytes,tflops,compulsory_gbps,arith_intensity_compulsory,achieved_bw_gbps,bw_ceiling_pattern,achieved_peak_tflops,pct_of_achieved_tflops,implied_traffic_ratio,input_init,input_scale,trace_sha,correctness_passed,max_abs_err,rel_err,tol_rel_max,tol_calibrated,oracle,sm_clock_start_mhz,sm_clock_end_mhz,temp_start_c,temp_end_c,clock_drift_pct,throttled,notes
3,f2a140af4e34,2026-08-28T00:59:02,c07c41ecdbbab3bdf6edcbc8a6680b3eacb75de4,False,NVIDIA H200,1,0,132,62914560,150109880320,580.159.04,13.0,2.13.0+cu130,3.7.1,base,torch 2.13.0+cu130 / triton 3.7.1,x86_64,3.12.3,False,True,True,mixtral-8x7b,4096,14336,8,2,512,1024,bf16,uniform,0.0,,0,ref_router -> ref_permute -> ref_up_gemm -> ref_act -> torch_grouped_mm_down -> ref_unpermute,torch_grouped_mm_down,span,down_gemm,True,8,1024,8,0,147,114,128.0,1.1484375,0.08341467384399462,0.9983348459125087,0.046630859375,0.1435546875,0.8,0.6666666666666666,True,256,read,False,n/a,,True,5,10,1,0.4258880019187927,0.4275520145893097,0.4249280095100403,0.0009968709807122369,1.0039071602464027,120259084288.0,977272868,282.37255744746415,2294.6710487193864,123.05578945838492,4376.974307768541,triad,712.3551394589422,39.639295318615325,1.9074517500934394,fan_in,1.0,,True,0.014567852020263672,0.004841545982603175,0.03126095134236674,False,golden_fp32,1980,1980,33,35,0.0,False,
3,f2a140af4e34,2026-08-28T00:59:03,c07c41ecdbbab3bdf6edcbc8a6680b3eacb75de4,False,NVIDIA H200,1,0,132,62914560,150109880320,580.159.04,13.0,2.13.0+cu130,3.7.1,base,torch 2.13.0+cu130 / triton 3.7.1,x86_64,3.12.3,False,True,True,mixtral-8x7b,4096,14336,8,2,512,1024,bf16,uniform,0.0,,0,ref_router -> ref_permute -> torch_grouped_mm_up -> ref_act -> ref_down_gemm -> ref_unpermute,torch_grouped_mm_up,span,up_gemm,True,8,1024,8,0,147,114,128.0,1.1484375,0.08341467384399462,0.9983348459125087,0.046630859375,0.1435546875,0.8,0.6666666666666666,True,256,read,False,n/a,,True,5,10,1,0.8769440054893494,0.878495991230011,0.8707519769668579,0.0028630595490776135,1.0017697660636788,240518168576.0,1946157092,274.2685588480497,2219.2489826234823,123.58620461045496,4376.974307768541,triad,712.3551394589422,38.50166071046612,1.9722772622810023,fan_in,1.0,,True,0.014567852020263672,0.004841545982603175,0.03126095134236674,False,golden_fp32,1980,1980,35,35,0.0,False,
3,f2a140af4e34,2026-08-28T00:59:03,c07c41ecdbbab3bdf6edcbc8a6680b3eacb75de4,False,NVIDIA H200,1,0,132,62914560,150109880320,580.159.04,13.0,2.13.0+cu130,3.7.1,base,torch 2.13.0+cu130 / triton 3.7.1,x86_64,3.12.3,False,True,True,mixtral-8x7b,4096,14336,8,2,512,1024,bf16,zipf,1.2,,0,ref_router -> ref_permute -> ref_up_gemm -> ref_act -> torch_grouped_mm_down -> ref_unpermute,torch_grouped_mm_down,span,down_gemm,True,8,1024,8,0,369,49,128.0,2.8828125,0.7919578685921367,0.8776704677922221,0.380126953125,0.3603515625,0.8421052631578947,0.7272727272727273,True,256,read,False,n/a,,True,5,10,1,0.39478400349617004,0.3977600038051605,0.392767995595932,0.0018854246233684232,1.0075383001404192,120259084288.0,977272868,304.6199522346317,2475.462175127065,123.05578945838492,4376.974307768541,triad,712.3551394589422,42.76237165439711,1.7681442890735632,fan_in,1.0,,True,0.016190528869628906,0.00535652802202938,0.03126095134236674,False,golden_fp32,1980,1980,36,36,0.0,False,
3,f2a140af4e34,2026-08-28T00:59:03,c07c41ecdbbab3bdf6edcbc8a6680b3eacb75de4,False,NVIDIA H200,1,0,132,62914560,150109880320,580.159.04,13.0,2.13.0+cu130,3.7.1,base,torch 2.13.0+cu130 / triton 3.7.1,x86_64,3.12.3,False,True,True,mixtral-8x7b,4096,14336,8,2,512,1024,bf16,zipf,1.2,,0,ref_router -> ref_permute -> torch_grouped_mm_up -> ref_act -> ref_down_gemm -> ref_unpermute,torch_grouped_mm_up,span,up_gemm,True,8,1024,8,0,369,49,128.0,2.8828125,0.7919578685921367,0.8776704677922221,0.380126953125,0.3603515625,0.8421052631578947,0.7272727272727273,True,256,read,False,n/a,,True,5,10,1,0.7423519790172577,0.7461439967155457,0.736191987991333,0.0041495469338343124,1.0051081128702692,240518168576.0,1946157092,323.99478330266373,2621.6096232091504,123.58620461045496,4376.974307768541,triad,712.3551394589422,45.482199166661275,1.6695751606261742,fan_in,1.0,,True,0.016190528869628906,0.00535652802202938,0.03126095134236674,False,golden_fp32,1980,1980,36,36,0.0,False,
3,f2a140af4e34,2026-08-28T00:59:03,c07c41ecdbbab3bdf6edcbc8a6680b3eacb75de4,False,NVIDIA H200,1,0,132,62914560,150109880320,580.159.04,13.0,2.13.0+cu130,3.7.1,base,torch 2.13.0+cu130 / triton 3.7.1,x86_64,3.12.3,False,True,True,mixtral-8x7b,4096,14336,8,2,576,1152,bf16,uniform,0.0,,0,ref_router -> ref_permute -> ref_up_gemm -> ref_act -> torch_grouped_mm_down -> ref_unpermute,torch_grouped_mm_down,span,down_gemm,True,8,1152,8,0,166,130,144.0,1.1527777777777777,0.08326096394640138,0.9983529585378335,0.04600694444444442,0.1440972222222222,0.75,0.5625,True,256,read,False,n/a,,True,5,10,1,0.31702400743961334,0.31811198592185974,0.3142080008983612,0.0013532823238649435,1.0034318488717409,135291469824.0,981991460,426.75465153777134,3097.530272015912,137.77255234378515,4376.974307768541,triad,712.3551394589422,59.90756967962721,1.4130529561927252,fan_in,1.0,,True,0.014568328857421875,0.004841707525969386,0.03126095134236674,False,golden_fp32,1980,1980,36,36,0.0,False,
3,f2a140af4e34,2026-08-28T00:59:03,c07c41ecdbbab3bdf6edcbc8a6680b3eacb75de4,False,NVIDIA H200,1,0,132,62914560,150109880320,580.159.04,13.0,2.13.0+cu130,3.7.1,base,torch 2.13.0+cu130 / triton 3.7.1,x86_64,3.12.3,False,True,True,mixtral-8x7b,4096,14336,8,2,576,1152,bf16,uniform,0.0,,0,ref_router -> ref_permute -> torch_grouped_mm_up -> ref_act -> ref_down_gemm -> ref_unpermute,torch_grouped_mm_up,span,up_gemm,True,8,1152,8,0,166,130,144.0,1.1527777777777777,0.08326096394640138,0.9983529585378335,0.04600694444444442,0.1440972222222222,0.75,0.5625,True,256,read,False,n/a,,True,5,10,1,0.6788800060749054,0.680895984172821,0.6742720007896423,0.00233531354995505,1.0029695646946084,270582939648.0,1954545700,398.57255660309545,2879.0738900982474,138.43776569051315,4376.974307768541,triad,712.3551394589422,55.95138359018856,1.5202716133204826,fan_in,1.0,,True,0.014568328857421875,0.004841707525969386,0.03126095134236674,False,golden_fp32,1980,1980,37,37,0.0,False,
3,f2a140af4e34,2026-08-28T00:59:03,c07c41ecdbbab3bdf6edcbc8a6680b3eacb75de4,False,NVIDIA H200,1,0,132,62914560,150109880320,580.159.04,13.0,2.13.0+cu130,3.7.1,base,torch 2.13.0+cu130 / triton 3.7.1,x86_64,3.12.3,False,True,True,mixtral-8x7b,4096,14336,8,2,576,1152,bf16,zipf,1.2,,0,ref_router -> ref_permute -> ref_up_gemm -> ref_act -> torch_grouped_mm_down -> ref_unpermute,torch_grouped_mm_down,span,down_gemm,True,8,1152,8,0,409,51,144.0,2.8402777777777777,0.7894630026554306,0.8762060411077633,0.3862847222222223,0.3550347222222222,0.8181818181818182,0.6923076923076923,True,256,read,False,n/a,,True,5,10,1,0.4513919949531555,0.45321598649024963,0.45001599192619324,0.0013159563016505028,1.004040814984509,135291469824.0,981991460,299.72057842549964,2175.473803211572,137.77255234378515,4376.974307768541,triad,712.3551394589422,42.074600409726465,2.0119636932915372,fan_in,1.0,,True,0.016190290451049805,0.0053564499878644345,0.03126095134236674,False,golden_fp32,1980,1980,38,38,0.0,False,
3,f2a140af4e34,2026-08-28T00:59:03,c07c41ecdbbab3bdf6edcbc8a6680b3eacb75de4,False,NVIDIA H200,1,0,132,62914560,150109880320,580.159.04,13.0,2.13.0+cu130,3.7.1,base,torch 2.13.0+cu130 / triton 3.7.1,x86_64,3.12.3,False,True,True,mixtral-8x7b,4096,14336,8,2,576,1152,bf16,zipf,1.2,,0,ref_router -> ref_permute -> torch_grouped_mm_up -> ref_act -> ref_down_gemm -> ref_unpermute,torch_grouped_mm_up,span,up_gemm,True,8,1152,8,0,409,51,144.0,2.8402777777777777,0.7894630026554306,0.8762060411077633,0.3862847222222223,0.3550347222222222,0.8181818181818182,0.6923076923076923,True,256,read,False,n/a,,True,5,10,1,0.7687520086765289,0.7707520127296448,0.7662079930305481,0.005112727114832961,1.0026016244907887,270582939648.0,1954545700,351.97688798736436,2542.491828235889,138.43776569051315,4376.974307768541,triad,712.3551394589422,49.41031074117086,1.72152935130789,fan_in,1.0,,True,0.016190290451049805,0.0053564499878644345,0.03126095134236674,False,golden_fp32,1980,1980,36,36,0.0,False,
3,f2a140af4e34,2026-08-28T00:59:04,c07c41ecdbbab3bdf6edcbc8a6680b3eacb75de4,False,NVIDIA H200,1,0,132,62914560,150109880320,580.159.04,13.0,2.13.0+cu130,3.7.1,base,torch 2.13.0+cu130 / triton 3.7.1,x86_64,3.12.3,False,True,True,mixtral-8x7b,4096,14336,8,2,640,1280,bf16,uniform,0.0,,0,ref_router -> ref_permute -> ref_up_gemm -> ref_act -> torch_grouped_mm_down -> ref_unpermute,torch_grouped_mm_down,span,down_gemm,True,8,1280,8,0,187,144,160.0,1.16875,0.09153636572423006,0.99801456262764,0.05039062499999991,0.14609375,0.8333333333333334,0.625,True,256,read,False,n/a,,True,5,10,1,0.3150079995393753,0.31750398874282837,0.3134079873561859,0.0038147499649974067,1.0079235740270178,150323855360.0,986710052,477.20646961287673,3132.333316750146,152.34855979758478,4376.974307768541,triad,712.3551394589422,66.989966546087,1.3973526649806647,fan_in,1.0,,True,0.015105962753295898,0.005020386529906517,0.03126095134236674,False,golden_fp32,1980,1980,36,39,0.0,False,
3,f2a140af4e34,2026-08-28T00:59:04,c07c41ecdbbab3bdf6edcbc8a6680b3eacb75de4,False,NVIDIA H200,1,0,132,62914560,150109880320,580.159.04,13.0,2.13.0+cu130,3.7.1,base,torch 2.13.0+cu130 / triton 3.7.1,x86_64,3.12.3,False,True,True,mixtral-8x7b,4096,14336,8,2,640,1280,bf16,uniform,0.0,,0,ref_router -> ref_permute -> torch_grouped_mm_up -> ref_act -> ref_down_gemm -> ref_unpermute,torch_grouped_mm_up,span,up_gemm,True,8,1280,8,0,187,144,160.0,1.16875,0.09153636572423006,0.99801456262764,0.05039062499999991,0.14609375,0.8333333333333334,0.625,True,256,read,False,n/a,,True,5,10,1,0.6725119948387146,0.6754559874534607,0.6708160042762756,0.0048757152826631,1.0043776061056757,300647710720.0,1962934308,447.05181919038176,2918.8093640928464,153.16239035341167,4376.974307768541,triad,712.3551394589422,62.75687426498148,1.4995752588757665,fan_in,1.0,,True,0.015105962753295898,0.005020386529906517,0.03126095134236674,False,golden_fp32,1980,1980,39,39,0.0,False,
3,f2a140af4e34,2026-08-28T00:59:04,c07c41ecdbbab3bdf6edcbc8a6680b3eacb75de4,False,NVIDIA H200,1,0,132,62914560,150109880320,580.159.04,13.0,2.13.0+cu130,3.7.1,base,torch 2.13.0+cu130 / triton 3.7.1,x86_64,3.12.3,False,True,True,mixtral-8x7b,4096,14336,8,2,640,1280,bf16,zipf,1.2,,0,ref_router -> ref_permute -> ref_up_gemm -> ref_act -> torch_grouped_mm_down -> ref_unpermute,torch_grouped_mm_down,span,down_gemm,True,8,1280,8,0,457,57,160.0,2.85625,0.7992000394926166,0.8730686631953456,0.390625,0.35703125,0.8,0.7142857142857143,True,256,read,False,n/a,,True,5,10,1,0.4604000002145767,0.46169599890708923,0.4580160081386566,0.001558295249009458,1.0028149406861608,150323855360.0,986710052,326.5070705689383,2143.158235317394,152.34855979758478,4376.974307768541,triad,712.3551394589422,45.83487259134979,2.042301046950146,fan_in,1.0,,True,0.016190290451049805,0.0053564499878644345,0.03126095134236674,False,golden_fp32,1980,1980,39,39,0.0,False,
3,f2a140af4e34,2026-08-28T00:59:04,c07c41ecdbbab3bdf6edcbc8a6680b3eacb75de4,False,NVIDIA H200,1,0,132,62914560,150109880320,580.159.04,13.0,2.13.0+cu130,3.7.1,base,torch 2.13.0+cu130 / triton 3.7.1,x86_64,3.12.3,False,True,True,mixtral-8x7b,4096,14336,8,2,640,1280,bf16,zipf,1.2,,0,ref_router -> ref_permute -> torch_grouped_mm_up -> ref_act -> ref_down_gemm -> ref_unpermute,torch_grouped_mm_up,span,up_gemm,True,8,1280,8,0,457,57,160.0,2.85625,0.7992000394926166,0.8730686631953456,0.390625,0.35703125,0.8,0.7142857142857143,True,256,read,False,n/a,,True,5,10,1,0.8318879902362823,0.833791971206665,0.827455997467041,0.008204739514429467,1.0022887467937143,300647710720.0,1962934308,361.4040763283607,2359.613711267144,153.16239035341167,4376.974307768541,triad,712.3551394589422,50.733693955357616,1.854953752331795,fan_in,1.0,,True,0.016190290451049805,0.0053564499878644345,0.03126095134236674,False,golden_fp32,1980,1980,38,38,0.0,False,
3,f2a140af4e34,2026-08-28T00:59:04,c07c41ecdbbab3bdf6edcbc8a6680b3eacb75de4,False,NVIDIA H200,1,0,132,62914560,150109880320,580.159.04,13.0,2.13.0+cu130,3.7.1,base,torch 2.13.0+cu130 / triton 3.7.1,x86_64,3.12.3,False,True,True,mixtral-8x7b,4096,14336,8,2,704,1408,bf16,uniform,0.0,,0,ref_router -> ref_permute -> ref_up_gemm -> ref_act -> torch_grouped_mm_down -> ref_unpermute,torch_grouped_mm_down,span,down_gemm,True,8,1408,8,0,203,160,176.0,1.1534090909090908,0.07847288248257461,0.9985399183560445,0.04314630681818188,0.14417613636363635,0.88,0.6875,True,256,read,False,n/a,,True,5,10,1,0.317455992102623,0.3195840120315552,0.3160000145435333,0.012262279816232855,1.0067033541085098,165356240896.0,991428644,520.8792557380546,3123.042779672919,166.78582154824247,4376.974307768541,triad,712.3551394589422,73.12072685173297,0.0,fan_in,1.0,,True,0.015105962753295898,0.0050203861321054324,0.03126095134236674,False,golden_fp32,1980,1980,39,39,0.0,False,
3,f2a140af4e34,2026-08-28T00:59:04,c07c41ecdbbab3bdf6edcbc8a6680b3eacb75de4,False,NVIDIA H200,1,0,132,62914560,150109880320,580.159.04,13.0,2.13.0+cu130,3.7.1,base,torch 2.13.0+cu130 / triton 3.7.1,x86_64,3.12.3,False,True,True,mixtral-8x7b,4096,14336,8,2,704,1408,bf16,uniform,0.0,,0,ref_router -> ref_permute -> torch_grouped_mm_up -> ref_act -> ref_down_gemm -> ref_unpermute,torch_grouped_mm_up,span,up_gemm,True,8,1408,8,0,203,160,176.0,1.1534090909090908,0.07847288248257461,0.9985399183560445,0.04314630681818188,0.14417613636363635,0.88,0.6875,True,256,read,False,n/a,,True,5,10,1,0.6610240042209625,0.6647359728813171,0.6593599915504456,0.015299025484710554,1.0056154823979944,330712481792.0,1971322916,500.30328653761217,2982.225915265007,167.76169906402083,4376.974307768541,triad,712.3551394589422,70.23228426731215,0.0,fan_in,1.0,,True,0.015105962753295898,0.0050203861321054324,0.03126095134236674,False,golden_fp32,1980,1980,37,37,0.0,False,
3,f2a140af4e34,2026-08-28T00:59:04,c07c41ecdbbab3bdf6edcbc8a6680b3eacb75de4,False,NVIDIA H200,1,0,132,62914560,150109880320,580.159.04,13.0,2.13.0+cu130,3.7.1,base,torch 2.13.0+cu130 / triton 3.7.1,x86_64,3.12.3,False,True,True,mixtral-8x7b,4096,14336,8,2,704,1408,bf16,zipf,1.2,,0,ref_router -> ref_permute -> ref_up_gemm -> ref_act -> torch_grouped_mm_down -> ref_unpermute,torch_grouped_mm_down,span,down_gemm,True,8,1408,8,0,499,63,176.0,2.835227272727273,0.7949420020816322,0.8742928378974897,0.3884943181818181,0.3544034090909091,0.8461538461538461,0.7333333333333333,True,256,read,False,n/a,,True,5,10,1,0.4501120001077652,0.4511359930038452,0.44675201177597046,0.0166239189493574,1.002274973552882,165356240896.0,991428644,367.36687947979755,2202.6265546411414,166.78582154824247,4376.974307768541,triad,712.3551394589422,51.57074879235449,0.0,fan_in,1.0,,True,0.016190528869628906,0.00535652802202938,0.03126095134236674,False,golden_fp32,1980,1980,40,40,0.0,False,
3,f2a140af4e34,2026-08-28T00:59:04,c07c41ecdbbab3bdf6edcbc8a6680b3eacb75de4,False,NVIDIA H200,1,0,132,62914560,150109880320,580.159.04,13.0,2.13.0+cu130,3.7.1,base,torch 2.13.0+cu130 / triton 3.7.1,x86_64,3.12.3,False,True,True,mixtral-8x7b,4096,14336,8,2,704,1408,bf16,zipf,1.2,,0,ref_router -> ref_permute -> torch_grouped_mm_up -> ref_act -> ref_down_gemm -> ref_unpermute,torch_grouped_mm_up,span,up_gemm,True,8,1408,8,0,499,63,176.0,2.835227272727273,0.7949420020816322,0.8742928378974897,0.3884943181818181,0.3544034090909091,0.8461538461538461,0.7333333333333333,True,256,read,False,n/a,,True,5,10,1,0.833215981721878,0.8358079791069031,0.8311039805412292,0.016074355473437964,1.0031108349358213,330712481792.0,1971322916,396.9108719069069,2365.9206727242236,167.76169906402083,4376.974307768541,triad,712.3551394589422,55.718117259373486,0.0,fan_in,1.0,,True,0.016190528869628906,0.00535652802202938,0.03126095134236674,False,golden_fp32,1980,1980,40,40,0.0,False,
3,f2a140af4e34,2026-08-28T00:59:04,c07c41ecdbbab3bdf6edcbc8a6680b3eacb75de4,False,NVIDIA H200,1,0,132,62914560,150109880320,580.159.04,13.0,2.13.0+cu130,3.7.1,base,torch 2.13.0+cu130 / triton 3.7.1,x86_64,3.12.3,False,True,True,mixtral-8x7b,4096,14336,8,2,768,1536,bf16,uniform,0.0,,0,ref_router -> ref_permute -> ref_up_gemm -> ref_act -> torch_grouped_mm_down -> ref_unpermute,torch_grouped_mm_down,span,down_gemm,True,8,1536,8,0,220,173,192.0,1.1458333333333333,0.07747122281585166,0.9985748610400634,0.04296875,0.14322916666666666,0.8888888888888888,0.75,True,256,read,False,n/a,,True,5,10,1,0.3206560015678406,0.3224320113658905,0.3193280100822449,0.00229777933551585,1.0055386763053433,180388626432.0,996147236,562.561204374762,3106.5915845309605,181.0863092451526,4376.974307768541,triad,712.3551394589422,78.97201454909784,0.0,fan_in,1.0,,True,0.015104293823242188,0.005019831869862808,0.03126095134236674,False,golden_fp32,1980,1980,40,40,0.0,False,
3,f2a140af4e34,2026-08-28T00:59:04,c07c41ecdbbab3bdf6edcbc8a6680b3eacb75de4,False,NVIDIA H200,1,0,132,62914560,150109880320,580.159.04,13.0,2.13.0+cu130,3.7.1,base,torch 2.13.0+cu130 / triton 3.7.1,x86_64,3.12.3,False,True,True,mixtral-8x7b,4096,14336,8,2,768,1536,bf16,uniform,0.0,,0,ref_router -> ref_permute -> torch_grouped_mm_up -> ref_act -> ref_down_gemm -> ref_unpermute,torch_grouped_mm_up,span,up_gemm,True,8,1536,8,0,220,173,192.0,1.1458333333333333,0.07747122281585166,0.9985748610400634,0.04296875,0.14322916666666666,0.8888888888888888,0.75,True,256,read,False,n/a,,True,5,10,1,0.6628639996051788,0.6649280190467834,0.6612480282783508,0.004770157320554724,1.0031137902236869,360777252864.0,1979711524,544.2703979683456,2986.6028705423346,182.23728482170517,4376.974307768541,triad,712.3551394589422,76.40436178810157,0.0,fan_in,1.0,,True,0.015104293823242188,0.005019831869862808,0.03126095134236674,False,golden_fp32,1980,1980,40,41,0.0,False,
3,f2a140af4e34,2026-08-28T00:59:04,c07c41ecdbbab3bdf6edcbc8a6680b3eacb75de4,False,NVIDIA H200,1,0,132,62914560,150109880320,580.159.04,13.0,2.13.0+cu130,3.7.1,base,torch 2.13.0+cu130 / triton 3.7.1,x86_64,3.12.3,False,True,True,mixtral-8x7b,4096,14336,8,2,768,1536,bf16,zipf,1.2,,0,ref_router -> ref_permute -> ref_up_gemm -> ref_act -> torch_grouped_mm_down -> ref_unpermute,torch_grouped_mm_down,span,down_gemm,True,8,1536,8,0,549,66,192.0,2.859375,0.8044219828936178,0.871379385968887,0.39306640625,0.357421875,0.8571428571428571,0.75,True,256,read,False,n/a,,True,5,10,1,0.4511519968509674,0.45180800557136536,0.4493759870529175,0.006223374516767846,1.001454074735293,180388626432.0,996147236,399.8400266231986,2208.0080393151075,181.0863092451526,4376.974307768541,triad,712.3551394589422,56.12931029414494,0.0,fan_in,1.0,,True,0.0161895751953125,0.005356212505270116,0.03126095134236674,False,golden_fp32,1980,1980,41,40,0.0,False,
3,f2a140af4e34,2026-08-28T00:59:05,c07c41ecdbbab3bdf6edcbc8a6680b3eacb75de4,False,NVIDIA H200,1,0,132,62914560,150109880320,580.159.04,13.0,2.13.0+cu130,3.7.1,base,torch 2.13.0+cu130 / triton 3.7.1,x86_64,3.12.3,False,True,True,mixtral-8x7b,4096,14336,8,2,768,1536,bf16,zipf,1.2,,0,ref_router -> ref_permute -> torch_grouped_mm_up -> ref_act -> ref_down_gemm -> ref_unpermute,torch_grouped_mm_up,span,up_gemm,True,8,1536,8,0,549,66,192.0,2.859375,0.8044219828936178,0.871379385968887,0.39306640625,0.357421875,0.8571428571428571,0.75,True,256,read,False,n/a,,True,5,10,1,0.893775999546051,0.9045760035514832,0.8809919953346252,0.011345433172158343,1.0120835690496472,360777252864.0,1979711524,403.65511386212967,2214.997409871708,182.23728482170517,4376.974307768541,triad,712.3551394589422,56.66487002097288,0.0,fan_in,1.0,,True,0.0161895751953125,0.005356212505270116,0.03126095134236674,False,golden_fp32,1980,1980,40,40,0.0,False,
