block_m,tokens,rows_per_expert,tiles_per_expert,padded_rows,tile_eff,aligned,waves_up,waves_down,ms_p50,ms_min,ms_stdev,iters,useful_tflops,padded_tflops,status,detail,instrument,warmup_ms,trials,sm_clock_load_mhz,clock_level_ok,clock_drift_ok,clock_level_side,l2_flush,prov_bandwidth,prov_bandwidth_source,prov_cuda_version,prov_driver_version,prov_git_dirty,prov_git_dirty_files,prov_git_sha,prov_gpu_name,prov_hostname,prov_instrument,prov_iters,prov_missing,prov_provenance_version,prov_python,prov_ridge,prov_ridge_source,prov_sglang,prov_target_ms,prov_torch,prov_triton,prov_utc,prov_vllm,prov_warmup_ms
16,56,14.0,1,128,0.875,False,27.151515151515152,3.878787878787879,0.75273597240448,0.7352960109710693,0.013798585917584474,533,52.422115427740316,59.91098906027465,ok,,queue-deep/l2-flush/clock-under-load/v3,328.51567977666855,3,1905.0,False,True,high,True,4374.549151491332,"measured on this device: NVIDIA H200 (measured), 4374.5 GB/s (triad pattern)",13.0,580.159.04,True,1,981a42f6caeb8b634a6a2e62113cc622d75910bc,NVIDIA H200,238b79f71e94,queue-deep/l2-flush/clock-under-load/v3,,iters=supplied as None; sglang=package not installed,1,3.12.3,152.8120650229884,"measured on this device: NVIDIA H200 (measured), 668.5 TFLOP/s bf16 over 4374.5 GB/s (triad pattern); calibrated 2026-09-09 at 981a42f6",,400.0,2.13.0,3.7.1,2026-09-09T17:04:47+00:00,0.27.1,300.0
16,64,16.0,1,128,1.0,True,27.151515151515152,3.878787878787879,0.7614399790763855,0.7424960136413574,0.011062311909631266,523,59.22614762453388,59.22614762453388,ok,,queue-deep/l2-flush/clock-under-load/v3,340.37734347581863,3,1785.0,False,True,high,True,4374.549151491332,"measured on this device: NVIDIA H200 (measured), 4374.5 GB/s (triad pattern)",13.0,580.159.04,True,1,981a42f6caeb8b634a6a2e62113cc622d75910bc,NVIDIA H200,238b79f71e94,queue-deep/l2-flush/clock-under-load/v3,,iters=supplied as None; sglang=package not installed,1,3.12.3,152.8120650229884,"measured on this device: NVIDIA H200 (measured), 668.5 TFLOP/s bf16 over 4374.5 GB/s (triad pattern); calibrated 2026-09-09 at 981a42f6",,400.0,2.13.0,3.7.1,2026-09-09T17:04:47+00:00,0.27.1,300.0
16,72,18.0,2,256,0.5625,False,54.303030303030305,7.757575757575758,1.3129279613494873,1.2676479816436768,0.02439789990576758,303,38.6421057952433,68.69707696932142,ok,,queue-deep/l2-flush/clock-under-load/v3,341.20655727386475,3,1650.0,False,False,high,True,4374.549151491332,"measured on this device: NVIDIA H200 (measured), 4374.5 GB/s (triad pattern)",13.0,580.159.04,True,1,981a42f6caeb8b634a6a2e62113cc622d75910bc,NVIDIA H200,238b79f71e94,queue-deep/l2-flush/clock-under-load/v3,,iters=supplied as None; sglang=package not installed,1,3.12.3,152.8120650229884,"measured on this device: NVIDIA H200 (measured), 668.5 TFLOP/s bf16 over 4374.5 GB/s (triad pattern); calibrated 2026-09-09 at 981a42f6",,400.0,2.13.0,3.7.1,2026-09-09T17:04:47+00:00,0.27.1,300.0
16,120,30.0,2,256,0.9375,False,54.303030303030305,7.757575757575758,1.343392014503479,1.2844799757003784,0.020995442638634263,297,62.94303355022736,67.13923578690918,ok,,queue-deep/l2-flush/clock-under-load/v3,337.81084954738617,3,1605.0,False,False,high,True,4374.549151491332,"measured on this device: NVIDIA H200 (measured), 4374.5 GB/s (triad pattern)",13.0,580.159.04,True,1,981a42f6caeb8b634a6a2e62113cc622d75910bc,NVIDIA H200,238b79f71e94,queue-deep/l2-flush/clock-under-load/v3,,iters=supplied as None; sglang=package not installed,1,3.12.3,152.8120650229884,"measured on this device: NVIDIA H200 (measured), 668.5 TFLOP/s bf16 over 4374.5 GB/s (triad pattern); calibrated 2026-09-09 at 981a42f6",,400.0,2.13.0,3.7.1,2026-09-09T17:04:47+00:00,0.27.1,300.0
16,128,32.0,2,256,1.0,True,54.303030303030305,7.757575757575758,1.3583199977874756,1.3103359937667847,0.015953202541845693,290,66.40137328679151,66.40137328679151,ok,,queue-deep/l2-flush/clock-under-load/v3,339.6954517364502,3,1545.0,True,False,,True,4374.549151491332,"measured on this device: NVIDIA H200 (measured), 4374.5 GB/s (triad pattern)",13.0,580.159.04,True,1,981a42f6caeb8b634a6a2e62113cc622d75910bc,NVIDIA H200,238b79f71e94,queue-deep/l2-flush/clock-under-load/v3,,iters=supplied as None; sglang=package not installed,1,3.12.3,152.8120650229884,"measured on this device: NVIDIA H200 (measured), 668.5 TFLOP/s bf16 over 4374.5 GB/s (triad pattern); calibrated 2026-09-09 at 981a42f6",,400.0,2.13.0,3.7.1,2026-09-09T17:04:47+00:00,0.27.1,300.0
16,136,34.0,3,384,0.7083333333333334,False,81.45454545454545,11.636363636363637,1.975775957107544,1.9196799993515015,0.028745331013965456,201,48.50320070312697,68.47510687500278,ok,,queue-deep/l2-flush/clock-under-load/v3,339.754846572876,3,1582.5,False,False,high,True,4374.549151491332,"measured on this device: NVIDIA H200 (measured), 4374.5 GB/s (triad pattern)",13.0,580.159.04,True,1,981a42f6caeb8b634a6a2e62113cc622d75910bc,NVIDIA H200,238b79f71e94,queue-deep/l2-flush/clock-under-load/v3,,iters=supplied as None; sglang=package not installed,1,3.12.3,152.8120650229884,"measured on this device: NVIDIA H200 (measured), 668.5 TFLOP/s bf16 over 4374.5 GB/s (triad pattern); calibrated 2026-09-09 at 981a42f6",,400.0,2.13.0,3.7.1,2026-09-09T17:04:47+00:00,0.27.1,300.0
16,184,46.0,3,384,0.9583333333333334,False,81.45454545454545,11.636363636363637,2.0236480236053467,1.960319995880127,0.02116417616149301,196,64.06960288331508,66.85523779128532,ok,,queue-deep/l2-flush/clock-under-load/v3,330.4411504268646,3,1537.5,True,False,,True,4374.549151491332,"measured on this device: NVIDIA H200 (measured), 4374.5 GB/s (triad pattern)",13.0,580.159.04,True,1,981a42f6caeb8b634a6a2e62113cc622d75910bc,NVIDIA H200,238b79f71e94,queue-deep/l2-flush/clock-under-load/v3,,iters=supplied as None; sglang=package not installed,1,3.12.3,152.8120650229884,"measured on this device: NVIDIA H200 (measured), 668.5 TFLOP/s bf16 over 4374.5 GB/s (triad pattern); calibrated 2026-09-09 at 981a42f6",,400.0,2.13.0,3.7.1,2026-09-09T17:04:47+00:00,0.27.1,300.0
16,192,48.0,3,384,1.0,True,81.45454545454545,11.636363636363637,2.039167881011963,1.9584319591522217,0.020757374995089863,195,66.34641075106573,66.34641075106573,ok,,queue-deep/l2-flush/clock-under-load/v3,336.06086564064026,3,1522.5,True,True,,True,4374.549151491332,"measured on this device: NVIDIA H200 (measured), 4374.5 GB/s (triad pattern)",13.0,580.159.04,True,1,981a42f6caeb8b634a6a2e62113cc622d75910bc,NVIDIA H200,238b79f71e94,queue-deep/l2-flush/clock-under-load/v3,,iters=supplied as None; sglang=package not installed,1,3.12.3,152.8120650229884,"measured on this device: NVIDIA H200 (measured), 668.5 TFLOP/s bf16 over 4374.5 GB/s (triad pattern); calibrated 2026-09-09 at 981a42f6",,400.0,2.13.0,3.7.1,2026-09-09T17:04:47+00:00,0.27.1,300.0
16,200,50.0,4,512,0.78125,False,108.60606060606061,15.515151515151516,2.6709439754486084,2.6219840049743652,0.018732686235478326,149,52.76359807447096,67.53740553532283,ok,,queue-deep/l2-flush/clock-under-load/v3,339.7852473258972,3,1522.5,True,True,,True,4374.549151491332,"measured on this device: NVIDIA H200 (measured), 4374.5 GB/s (triad pattern)",13.0,580.159.04,True,1,981a42f6caeb8b634a6a2e62113cc622d75910bc,NVIDIA H200,238b79f71e94,queue-deep/l2-flush/clock-under-load/v3,,iters=supplied as None; sglang=package not installed,1,3.12.3,152.8120650229884,"measured on this device: NVIDIA H200 (measured), 668.5 TFLOP/s bf16 over 4374.5 GB/s (triad pattern); calibrated 2026-09-09 at 981a42f6",,400.0,2.13.0,3.7.1,2026-09-09T17:04:47+00:00,0.27.1,300.0
16,248,62.0,4,512,0.96875,False,108.60606060606061,15.515151515151516,2.699007987976074,2.619935989379883,0.01631931967867347,147,64.74655971175625,66.83515841213548,ok,,queue-deep/l2-flush/clock-under-load/v3,334.4405424594879,3,1500.0,True,True,,True,4374.549151491332,"measured on this device: NVIDIA H200 (measured), 4374.5 GB/s (triad pattern)",13.0,580.159.04,True,1,981a42f6caeb8b634a6a2e62113cc622d75910bc,NVIDIA H200,238b79f71e94,queue-deep/l2-flush/clock-under-load/v3,,iters=supplied as None; sglang=package not installed,1,3.12.3,152.8120650229884,"measured on this device: NVIDIA H200 (measured), 668.5 TFLOP/s bf16 over 4374.5 GB/s (triad pattern); calibrated 2026-09-09 at 981a42f6",,400.0,2.13.0,3.7.1,2026-09-09T17:04:47+00:00,0.27.1,300.0
16,256,64.0,4,512,1.0,True,108.60606060606061,15.515151515151516,2.7027840614318848,2.6589438915252686,0.02106604149665852,146,66.74178266999009,66.74178266999009,ok,,queue-deep/l2-flush/clock-under-load/v3,337.5267524719238,3,1500.0,True,True,,True,4374.549151491332,"measured on this device: NVIDIA H200 (measured), 4374.5 GB/s (triad pattern)",13.0,580.159.04,True,1,981a42f6caeb8b634a6a2e62113cc622d75910bc,NVIDIA H200,238b79f71e94,queue-deep/l2-flush/clock-under-load/v3,,iters=supplied as None; sglang=package not installed,1,3.12.3,152.8120650229884,"measured on this device: NVIDIA H200 (measured), 668.5 TFLOP/s bf16 over 4374.5 GB/s (triad pattern); calibrated 2026-09-09 at 981a42f6",,400.0,2.13.0,3.7.1,2026-09-09T17:04:47+00:00,0.27.1,300.0
16,264,66.0,5,640,0.825,False,135.75757575757575,19.393939393939394,3.3367679119110107,3.234368085861206,0.038956847550133136,119,55.750287679271224,67.57610627790451,ok,,queue-deep/l2-flush/clock-under-load/v3,333.5156497955322,3,1515.0,True,True,,True,4374.549151491332,"measured on this device: NVIDIA H200 (measured), 4374.5 GB/s (triad pattern)",13.0,580.159.04,True,1,981a42f6caeb8b634a6a2e62113cc622d75910bc,NVIDIA H200,238b79f71e94,queue-deep/l2-flush/clock-under-load/v3,,iters=supplied as None; sglang=package not installed,1,3.12.3,152.8120650229884,"measured on this device: NVIDIA H200 (measured), 668.5 TFLOP/s bf16 over 4374.5 GB/s (triad pattern); calibrated 2026-09-09 at 981a42f6",,400.0,2.13.0,3.7.1,2026-09-09T17:04:47+00:00,0.27.1,300.0
16,312,78.0,5,640,0.975,False,135.75757575757575,19.393939393939394,3.366736054420471,3.3234879970550537,0.018272776745121126,118,65.30022992902643,66.97459479900147,ok,,queue-deep/l2-flush/clock-under-load/v3,337.8348789215088,3,1492.5,True,True,,True,4374.549151491332,"measured on this device: NVIDIA H200 (measured), 4374.5 GB/s (triad pattern)",13.0,580.159.04,True,1,981a42f6caeb8b634a6a2e62113cc622d75910bc,NVIDIA H200,238b79f71e94,queue-deep/l2-flush/clock-under-load/v3,,iters=supplied as None; sglang=package not installed,1,3.12.3,152.8120650229884,"measured on this device: NVIDIA H200 (measured), 668.5 TFLOP/s bf16 over 4374.5 GB/s (triad pattern); calibrated 2026-09-09 at 981a42f6",,400.0,2.13.0,3.7.1,2026-09-09T17:04:47+00:00,0.27.1,300.0
16,320,80.0,5,640,1.0,True,135.75757575757575,19.393939393939394,3.370368003845215,3.2960638999938965,0.022085893287526703,117,66.90242216361709,66.90242216361709,ok,,queue-deep/l2-flush/clock-under-load/v3,335.8842535018921,3,1500.0,True,False,,True,4374.549151491332,"measured on this device: NVIDIA H200 (measured), 4374.5 GB/s (triad pattern)",13.0,580.159.04,True,1,981a42f6caeb8b634a6a2e62113cc622d75910bc,NVIDIA H200,238b79f71e94,queue-deep/l2-flush/clock-under-load/v3,,iters=supplied as None; sglang=package not installed,1,3.12.3,152.8120650229884,"measured on this device: NVIDIA H200 (measured), 668.5 TFLOP/s bf16 over 4374.5 GB/s (triad pattern); calibrated 2026-09-09 at 981a42f6",,400.0,2.13.0,3.7.1,2026-09-09T17:04:47+00:00,0.27.1,300.0
16,328,82.0,6,768,0.8541666666666666,False,162.9090909090909,23.272727272727273,4.009215831756592,3.9060800075531006,0.03245074472977349,99,57.647913535933576,67.49024023719052,ok,,queue-deep/l2-flush/clock-under-load/v3,340.120285987854,3,1500.0,True,True,,True,4374.549151491332,"measured on this device: NVIDIA H200 (measured), 4374.5 GB/s (triad pattern)",13.0,580.159.04,True,1,981a42f6caeb8b634a6a2e62113cc622d75910bc,NVIDIA H200,238b79f71e94,queue-deep/l2-flush/clock-under-load/v3,,iters=supplied as None; sglang=package not installed,1,3.12.3,152.8120650229884,"measured on this device: NVIDIA H200 (measured), 668.5 TFLOP/s bf16 over 4374.5 GB/s (triad pattern); calibrated 2026-09-09 at 981a42f6",,400.0,2.13.0,3.7.1,2026-09-09T17:04:47+00:00,0.27.1,300.0
16,376,94.0,6,768,0.9791666666666666,False,162.9090909090909,23.272727272727273,4.037248134613037,3.960832118988037,0.03482901765072345,97,65.62534336210538,67.02162726342678,ok,,queue-deep/l2-flush/clock-under-load/v3,346.78291368484497,3,1500.0,True,True,,True,4374.549151491332,"measured on this device: NVIDIA H200 (measured), 4374.5 GB/s (triad pattern)",13.0,580.159.04,True,1,981a42f6caeb8b634a6a2e62113cc622d75910bc,NVIDIA H200,238b79f71e94,queue-deep/l2-flush/clock-under-load/v3,,iters=supplied as None; sglang=package not installed,1,3.12.3,152.8120650229884,"measured on this device: NVIDIA H200 (measured), 668.5 TFLOP/s bf16 over 4374.5 GB/s (triad pattern); calibrated 2026-09-09 at 981a42f6",,400.0,2.13.0,3.7.1,2026-09-09T17:04:47+00:00,0.27.1,300.0
16,384,96.0,6,768,1.0,True,162.9090909090909,23.272727272727273,4.037600040435791,3.931999921798706,0.033860272917646844,99,67.01578584757374,67.01578584757374,ok,,queue-deep/l2-flush/clock-under-load/v3,346.1439046859741,3,1500.0,True,False,,True,4374.549151491332,"measured on this device: NVIDIA H200 (measured), 4374.5 GB/s (triad pattern)",13.0,580.159.04,True,1,981a42f6caeb8b634a6a2e62113cc622d75910bc,NVIDIA H200,238b79f71e94,queue-deep/l2-flush/clock-under-load/v3,,iters=supplied as None; sglang=package not installed,1,3.12.3,152.8120650229884,"measured on this device: NVIDIA H200 (measured), 668.5 TFLOP/s bf16 over 4374.5 GB/s (triad pattern); calibrated 2026-09-09 at 981a42f6",,400.0,2.13.0,3.7.1,2026-09-09T17:04:47+00:00,0.27.1,300.0
16,392,98.0,7,896,0.875,False,190.06060606060606,27.151515151515152,4.668352127075195,4.620992183685303,0.023714800602758004,85,59.168648102185195,67.62131211678309,ok,,queue-deep/l2-flush/clock-under-load/v3,333.6457304954529,3,1500.0,True,True,,True,4374.549151491332,"measured on this device: NVIDIA H200 (measured), 4374.5 GB/s (triad pattern)",13.0,580.159.04,True,1,981a42f6caeb8b634a6a2e62113cc622d75910bc,NVIDIA H200,238b79f71e94,queue-deep/l2-flush/clock-under-load/v3,,iters=supplied as None; sglang=package not installed,1,3.12.3,152.8120650229884,"measured on this device: NVIDIA H200 (measured), 668.5 TFLOP/s bf16 over 4374.5 GB/s (triad pattern); calibrated 2026-09-09 at 981a42f6",,400.0,2.13.0,3.7.1,2026-09-09T17:04:47+00:00,0.27.1,300.0
16,512,128.0,8,1024,1.0,True,217.21212121212122,31.03030303030303,5.352640151977539,5.306623935699463,0.033502715945765656,74,67.40173869725025,67.40173869725025,ok,,queue-deep/l2-flush/clock-under-load/v3,329.07078075408936,3,1485.0,True,True,,True,4374.549151491332,"measured on this device: NVIDIA H200 (measured), 4374.5 GB/s (triad pattern)",13.0,580.159.04,True,1,981a42f6caeb8b634a6a2e62113cc622d75910bc,NVIDIA H200,238b79f71e94,queue-deep/l2-flush/clock-under-load/v3,,iters=supplied as None; sglang=package not installed,1,3.12.3,152.8120650229884,"measured on this device: NVIDIA H200 (measured), 668.5 TFLOP/s bf16 over 4374.5 GB/s (triad pattern); calibrated 2026-09-09 at 981a42f6",,400.0,2.13.0,3.7.1,2026-09-09T17:04:47+00:00,0.27.1,300.0
16,640,160.0,10,1280,1.0,True,271.5151515151515,38.78787878787879,6.70684814453125,6.577568054199219,0.047799177537708626,59,67.240461743229,67.240461743229,ok,,queue-deep/l2-flush/clock-under-load/v3,329.10495710372925,3,1485.0,True,True,,True,4374.549151491332,"measured on this device: NVIDIA H200 (measured), 4374.5 GB/s (triad pattern)",13.0,580.159.04,True,1,981a42f6caeb8b634a6a2e62113cc622d75910bc,NVIDIA H200,238b79f71e94,queue-deep/l2-flush/clock-under-load/v3,,iters=supplied as None; sglang=package not installed,1,3.12.3,152.8120650229884,"measured on this device: NVIDIA H200 (measured), 668.5 TFLOP/s bf16 over 4374.5 GB/s (triad pattern); calibrated 2026-09-09 at 981a42f6",,400.0,2.13.0,3.7.1,2026-09-09T17:04:47+00:00,0.27.1,300.0
16,768,192.0,12,1536,1.0,True,325.8181818181818,46.54545454545455,8.04537582397461,7.95795202255249,0.07327487089135899,49,67.26421377151415,67.26421377151415,ok,,queue-deep/l2-flush/clock-under-load/v3,345.64928245544434,3,1470.0,True,True,,True,4374.549151491332,"measured on this device: NVIDIA H200 (measured), 4374.5 GB/s (triad pattern)",13.0,580.159.04,True,1,981a42f6caeb8b634a6a2e62113cc622d75910bc,NVIDIA H200,238b79f71e94,queue-deep/l2-flush/clock-under-load/v3,,iters=supplied as None; sglang=package not installed,1,3.12.3,152.8120650229884,"measured on this device: NVIDIA H200 (measured), 668.5 TFLOP/s bf16 over 4374.5 GB/s (triad pattern); calibrated 2026-09-09 at 981a42f6",,400.0,2.13.0,3.7.1,2026-09-09T17:04:47+00:00,0.27.1,300.0
16,896,224.0,14,1792,1.0,True,380.1212121212121,54.303030303030305,9.389135837554932,9.290047645568848,0.06660455370181413,42,67.243695632421,67.243695632421,ok,,queue-deep/l2-flush/clock-under-load/v3,328.0944938659668,3,1470.0,True,True,,True,4374.549151491332,"measured on this device: NVIDIA H200 (measured), 4374.5 GB/s (triad pattern)",13.0,580.159.04,True,1,981a42f6caeb8b634a6a2e62113cc622d75910bc,NVIDIA H200,238b79f71e94,queue-deep/l2-flush/clock-under-load/v3,,iters=supplied as None; sglang=package not installed,1,3.12.3,152.8120650229884,"measured on this device: NVIDIA H200 (measured), 668.5 TFLOP/s bf16 over 4374.5 GB/s (triad pattern); calibrated 2026-09-09 at 981a42f6",,400.0,2.13.0,3.7.1,2026-09-09T17:04:47+00:00,0.27.1,300.0
16,1024,256.0,16,2048,1.0,True,434.42424242424244,62.06060606060606,10.733887672424316,10.62764835357666,0.04659601173742238,37,67.22210328152543,67.22210328152543,ok,,queue-deep/l2-flush/clock-under-load/v3,332.9171485900879,3,1470.0,True,True,,True,4374.549151491332,"measured on this device: NVIDIA H200 (measured), 4374.5 GB/s (triad pattern)",13.0,580.159.04,True,1,981a42f6caeb8b634a6a2e62113cc622d75910bc,NVIDIA H200,238b79f71e94,queue-deep/l2-flush/clock-under-load/v3,,iters=supplied as None; sglang=package not installed,1,3.12.3,152.8120650229884,"measured on this device: NVIDIA H200 (measured), 668.5 TFLOP/s bf16 over 4374.5 GB/s (triad pattern); calibrated 2026-09-09 at 981a42f6",,400.0,2.13.0,3.7.1,2026-09-09T17:04:47+00:00,0.27.1,300.0
16,1152,288.0,18,2304,1.0,True,488.72727272727275,69.81818181818181,12.075712203979492,11.953760147094727,0.04460318864984295,33,67.22161022324563,67.22161022324563,ok,,queue-deep/l2-flush/clock-under-load/v3,325.3985929489136,3,1455.0,True,True,,True,4374.549151491332,"measured on this device: NVIDIA H200 (measured), 4374.5 GB/s (triad pattern)",13.0,580.159.04,True,1,981a42f6caeb8b634a6a2e62113cc622d75910bc,NVIDIA H200,238b79f71e94,queue-deep/l2-flush/clock-under-load/v3,,iters=supplied as None; sglang=package not installed,1,3.12.3,152.8120650229884,"measured on this device: NVIDIA H200 (measured), 668.5 TFLOP/s bf16 over 4374.5 GB/s (triad pattern); calibrated 2026-09-09 at 981a42f6",,400.0,2.13.0,3.7.1,2026-09-09T17:04:47+00:00,0.27.1,300.0
16,1280,320.0,20,2560,1.0,True,543.030303030303,77.57575757575758,13.431872367858887,13.228128433227539,0.11154729572702136,29,67.14947160443981,67.14947160443981,ok,,queue-deep/l2-flush/clock-under-load/v3,321.47481536865234,3,1455.0,True,True,,True,4374.549151491332,"measured on this device: NVIDIA H200 (measured), 4374.5 GB/s (triad pattern)",13.0,580.159.04,True,1,981a42f6caeb8b634a6a2e62113cc622d75910bc,NVIDIA H200,238b79f71e94,queue-deep/l2-flush/clock-under-load/v3,,iters=supplied as None; sglang=package not installed,1,3.12.3,152.8120650229884,"measured on this device: NVIDIA H200 (measured), 668.5 TFLOP/s bf16 over 4374.5 GB/s (triad pattern); calibrated 2026-09-09 at 981a42f6",,400.0,2.13.0,3.7.1,2026-09-09T17:04:47+00:00,0.27.1,300.0
16,1408,352.0,22,2816,1.0,True,597.3333333333334,85.33333333333333,14.773263931274414,14.695679664611816,0.0661032982940896,26,67.15763354607674,67.15763354607674,ok,,queue-deep/l2-flush/clock-under-load/v3,324.8599042892456,3,1455.0,True,True,,True,4374.549151491332,"measured on this device: NVIDIA H200 (measured), 4374.5 GB/s (triad pattern)",13.0,580.159.04,True,1,981a42f6caeb8b634a6a2e62113cc622d75910bc,NVIDIA H200,238b79f71e94,queue-deep/l2-flush/clock-under-load/v3,,iters=supplied as None; sglang=package not installed,1,3.12.3,152.8120650229884,"measured on this device: NVIDIA H200 (measured), 668.5 TFLOP/s bf16 over 4374.5 GB/s (triad pattern); calibrated 2026-09-09 at 981a42f6",,400.0,2.13.0,3.7.1,2026-09-09T17:04:47+00:00,0.27.1,300.0
16,1536,384.0,24,3072,1.0,True,651.6363636363636,93.0909090909091,16.135231971740723,15.896063804626465,0.09379591511959205,24,67.0787851384844,67.0787851384844,ok,,queue-deep/l2-flush/clock-under-load/v3,321.50470447540283,3,1455.0,True,True,,True,4374.549151491332,"measured on this device: NVIDIA H200 (measured), 4374.5 GB/s (triad pattern)",13.0,580.159.04,True,1,981a42f6caeb8b634a6a2e62113cc622d75910bc,NVIDIA H200,238b79f71e94,queue-deep/l2-flush/clock-under-load/v3,,iters=supplied as None; sglang=package not installed,1,3.12.3,152.8120650229884,"measured on this device: NVIDIA H200 (measured), 668.5 TFLOP/s bf16 over 4374.5 GB/s (triad pattern); calibrated 2026-09-09 at 981a42f6",,400.0,2.13.0,3.7.1,2026-09-09T17:04:47+00:00,0.27.1,300.0
16,1664,416.0,26,3328,1.0,True,705.939393939394,100.84848484848484,17.460944175720215,17.23846435546875,0.10965232374676422,22,67.15135562018578,67.15135562018578,ok,,queue-deep/l2-flush/clock-under-load/v3,330.5583038330078,3,1455.0,True,True,,True,4374.549151491332,"measured on this device: NVIDIA H200 (measured), 4374.5 GB/s (triad pattern)",13.0,580.159.04,True,1,981a42f6caeb8b634a6a2e62113cc622d75910bc,NVIDIA H200,238b79f71e94,queue-deep/l2-flush/clock-under-load/v3,,iters=supplied as None; sglang=package not installed,1,3.12.3,152.8120650229884,"measured on this device: NVIDIA H200 (measured), 668.5 TFLOP/s bf16 over 4374.5 GB/s (triad pattern); calibrated 2026-09-09 at 981a42f6",,400.0,2.13.0,3.7.1,2026-09-09T17:04:47+00:00,0.27.1,300.0
16,1792,448.0,28,3584,1.0,True,760.2424242424242,108.60606060606061,18.81692886352539,18.547584533691406,0.18728491031189237,21,67.10555129278555,67.10555129278555,ok,,queue-deep/l2-flush/clock-under-load/v3,336.83248138427734,3,1455.0,True,True,,True,4374.549151491332,"measured on this device: NVIDIA H200 (measured), 4374.5 GB/s (triad pattern)",13.0,580.159.04,True,1,981a42f6caeb8b634a6a2e62113cc622d75910bc,NVIDIA H200,238b79f71e94,queue-deep/l2-flush/clock-under-load/v3,,iters=supplied as None; sglang=package not installed,1,3.12.3,152.8120650229884,"measured on this device: NVIDIA H200 (measured), 668.5 TFLOP/s bf16 over 4374.5 GB/s (triad pattern); calibrated 2026-09-09 at 981a42f6",,400.0,2.13.0,3.7.1,2026-09-09T17:04:47+00:00,0.27.1,300.0
16,1920,480.0,30,3840,1.0,True,814.5454545454545,116.36363636363636,20.180255889892578,19.920223236083984,0.15648361111307327,19,67.04150361728648,67.04150361728648,ok,,queue-deep/l2-flush/clock-under-load/v3,322.68271827697754,3,1455.0,True,True,,True,4374.549151491332,"measured on this device: NVIDIA H200 (measured), 4374.5 GB/s (triad pattern)",13.0,580.159.04,True,1,981a42f6caeb8b634a6a2e62113cc622d75910bc,NVIDIA H200,238b79f71e94,queue-deep/l2-flush/clock-under-load/v3,,iters=supplied as None; sglang=package not installed,1,3.12.3,152.8120650229884,"measured on this device: NVIDIA H200 (measured), 668.5 TFLOP/s bf16 over 4374.5 GB/s (triad pattern); calibrated 2026-09-09 at 981a42f6",,400.0,2.13.0,3.7.1,2026-09-09T17:04:47+00:00,0.27.1,300.0
16,2048,512.0,32,4096,1.0,True,868.8484848484849,124.12121212121212,21.518287658691406,21.14019203186035,0.2137510277285343,18,67.06430522472901,67.06430522472901,ok,,queue-deep/l2-flush/clock-under-load/v3,343.1631031036377,3,1455.0,True,True,,True,4374.549151491332,"measured on this device: NVIDIA H200 (measured), 4374.5 GB/s (triad pattern)",13.0,580.159.04,True,1,981a42f6caeb8b634a6a2e62113cc622d75910bc,NVIDIA H200,238b79f71e94,queue-deep/l2-flush/clock-under-load/v3,,iters=supplied as None; sglang=package not installed,1,3.12.3,152.8120650229884,"measured on this device: NVIDIA H200 (measured), 668.5 TFLOP/s bf16 over 4374.5 GB/s (triad pattern); calibrated 2026-09-09 at 981a42f6",,400.0,2.13.0,3.7.1,2026-09-09T17:04:47+00:00,0.27.1,300.0
16,2176,544.0,34,4352,1.0,True,923.1515151515151,131.87878787878788,22.867488861083984,22.57244873046875,0.19087228725442007,17,67.05167034240405,67.05167034240405,ok,,queue-deep/l2-flush/clock-under-load/v3,342.57084465026855,3,1455.0,True,True,,True,4374.549151491332,"measured on this device: NVIDIA H200 (measured), 4374.5 GB/s (triad pattern)",13.0,580.159.04,True,1,981a42f6caeb8b634a6a2e62113cc622d75910bc,NVIDIA H200,238b79f71e94,queue-deep/l2-flush/clock-under-load/v3,,iters=supplied as None; sglang=package not installed,1,3.12.3,152.8120650229884,"measured on this device: NVIDIA H200 (measured), 668.5 TFLOP/s bf16 over 4374.5 GB/s (triad pattern); calibrated 2026-09-09 at 981a42f6",,400.0,2.13.0,3.7.1,2026-09-09T17:04:47+00:00,0.27.1,300.0
16,2304,576.0,36,4608,1.0,True,977.4545454545455,139.63636363636363,24.215152740478516,23.854591369628906,0.2385698557527992,16,67.04469946101682,67.04469946101682,ok,,queue-deep/l2-flush/clock-under-load/v3,336.7842903137207,3,1455.0,True,True,,True,4374.549151491332,"measured on this device: NVIDIA H200 (measured), 4374.5 GB/s (triad pattern)",13.0,580.159.04,True,1,981a42f6caeb8b634a6a2e62113cc622d75910bc,NVIDIA H200,238b79f71e94,queue-deep/l2-flush/clock-under-load/v3,,iters=supplied as None; sglang=package not installed,1,3.12.3,152.8120650229884,"measured on this device: NVIDIA H200 (measured), 668.5 TFLOP/s bf16 over 4374.5 GB/s (triad pattern); calibrated 2026-09-09 at 981a42f6",,400.0,2.13.0,3.7.1,2026-09-09T17:04:47+00:00,0.27.1,300.0
16,2432,608.0,38,4864,1.0,True,1031.7575757575758,147.3939393939394,25.578975677490234,25.414655685424805,0.19686254990104685,15,66.99611324201958,66.99611324201958,ok,,queue-deep/l2-flush/clock-under-load/v3,332.8162899017334,3,1455.0,True,True,,True,4374.549151491332,"measured on this device: NVIDIA H200 (measured), 4374.5 GB/s (triad pattern)",13.0,580.159.04,True,1,981a42f6caeb8b634a6a2e62113cc622d75910bc,NVIDIA H200,238b79f71e94,queue-deep/l2-flush/clock-under-load/v3,,iters=supplied as None; sglang=package not installed,1,3.12.3,152.8120650229884,"measured on this device: NVIDIA H200 (measured), 668.5 TFLOP/s bf16 over 4374.5 GB/s (triad pattern); calibrated 2026-09-09 at 981a42f6",,400.0,2.13.0,3.7.1,2026-09-09T17:04:47+00:00,0.27.1,300.0
16,2560,640.0,40,5120,1.0,True,1086.060606060606,155.15151515151516,26.93667221069336,26.488256454467773,0.3051736361550501,14,66.96767329721935,66.96767329721935,ok,,queue-deep/l2-flush/clock-under-load/v3,349.0458564758301,3,1440.0,True,True,,True,4374.549151491332,"measured on this device: NVIDIA H200 (measured), 4374.5 GB/s (triad pattern)",13.0,580.159.04,True,1,981a42f6caeb8b634a6a2e62113cc622d75910bc,NVIDIA H200,238b79f71e94,queue-deep/l2-flush/clock-under-load/v3,,iters=supplied as None; sglang=package not installed,1,3.12.3,152.8120650229884,"measured on this device: NVIDIA H200 (measured), 668.5 TFLOP/s bf16 over 4374.5 GB/s (triad pattern); calibrated 2026-09-09 at 981a42f6",,400.0,2.13.0,3.7.1,2026-09-09T17:04:47+00:00,0.27.1,300.0
16,2688,672.0,42,5376,1.0,True,1140.3636363636363,162.9090909090909,28.266799926757812,27.962560653686523,0.3038069847305271,14,67.00725170319095,67.00725170319095,ok,,queue-deep/l2-flush/clock-under-load/v3,338.8389415740967,3,1455.0,True,True,,True,4374.549151491332,"measured on this device: NVIDIA H200 (measured), 4374.5 GB/s (triad pattern)",13.0,580.159.04,True,1,981a42f6caeb8b634a6a2e62113cc622d75910bc,NVIDIA H200,238b79f71e94,queue-deep/l2-flush/clock-under-load/v3,,iters=supplied as None; sglang=package not installed,1,3.12.3,152.8120650229884,"measured on this device: NVIDIA H200 (measured), 668.5 TFLOP/s bf16 over 4374.5 GB/s (triad pattern); calibrated 2026-09-09 at 981a42f6",,400.0,2.13.0,3.7.1,2026-09-09T17:04:47+00:00,0.27.1,300.0
256,56,14.0,1,2048,0.0546875,False,27.151515151515152,3.878787878787879,1.6014080047607422,1.598431944847107,0.012080147603067838,248,24.640823521982774,450.575058687685,ok,,queue-deep/l2-flush/clock-under-load/v3,326.53244745731354,3,1980.0,False,True,high,True,4374.549151491332,"measured on this device: NVIDIA H200 (measured), 4374.5 GB/s (triad pattern)",13.0,580.159.04,True,1,981a42f6caeb8b634a6a2e62113cc622d75910bc,NVIDIA H200,238b79f71e94,queue-deep/l2-flush/clock-under-load/v3,,iters=supplied as None; sglang=package not installed,1,3.12.3,152.8120650229884,"measured on this device: NVIDIA H200 (measured), 668.5 TFLOP/s bf16 over 4374.5 GB/s (triad pattern); calibrated 2026-09-09 at 981a42f6",,400.0,2.13.0,3.7.1,2026-09-09T17:04:47+00:00,0.27.1,300.0
256,64,16.0,1,2048,0.0625,False,27.151515151515152,3.878787878787879,1.6028800010681152,1.5990400314331055,0.015261946117224662,248,28.135079717725898,450.16127548361436,ok,,queue-deep/l2-flush/clock-under-load/v3,326.81500720977783,3,1980.0,False,True,high,True,4374.549151491332,"measured on this device: NVIDIA H200 (measured), 4374.5 GB/s (triad pattern)",13.0,580.159.04,True,1,981a42f6caeb8b634a6a2e62113cc622d75910bc,NVIDIA H200,238b79f71e94,queue-deep/l2-flush/clock-under-load/v3,,iters=supplied as None; sglang=package not installed,1,3.12.3,152.8120650229884,"measured on this device: NVIDIA H200 (measured), 668.5 TFLOP/s bf16 over 4374.5 GB/s (triad pattern); calibrated 2026-09-09 at 981a42f6",,400.0,2.13.0,3.7.1,2026-09-09T17:04:47+00:00,0.27.1,300.0
256,72,18.0,1,2048,0.0703125,False,27.151515151515152,3.878787878787879,1.6079360246658325,1.6047359704971313,0.008193840386228883,247,31.552437662775663,448.7457800928094,ok,,queue-deep/l2-flush/clock-under-load/v3,327.8996151685715,3,1980.0,False,True,high,True,4374.549151491332,"measured on this device: NVIDIA H200 (measured), 4374.5 GB/s (triad pattern)",13.0,580.159.04,True,1,981a42f6caeb8b634a6a2e62113cc622d75910bc,NVIDIA H200,238b79f71e94,queue-deep/l2-flush/clock-under-load/v3,,iters=supplied as None; sglang=package not installed,1,3.12.3,152.8120650229884,"measured on this device: NVIDIA H200 (measured), 668.5 TFLOP/s bf16 over 4374.5 GB/s (triad pattern); calibrated 2026-09-09 at 981a42f6",,400.0,2.13.0,3.7.1,2026-09-09T17:04:47+00:00,0.27.1,300.0
256,120,30.0,1,2048,0.1171875,False,27.151515151515152,3.878787878787879,1.6209280490875244,1.6165440082550049,0.008492284447595987,245,52.16589884270317,445.1490034577337,ok,,queue-deep/l2-flush/clock-under-load/v3,330.5058879852295,3,1980.0,False,True,high,True,4374.549151491332,"measured on this device: NVIDIA H200 (measured), 4374.5 GB/s (triad pattern)",13.0,580.159.04,True,1,981a42f6caeb8b634a6a2e62113cc622d75910bc,NVIDIA H200,238b79f71e94,queue-deep/l2-flush/clock-under-load/v3,,iters=supplied as None; sglang=package not installed,1,3.12.3,152.8120650229884,"measured on this device: NVIDIA H200 (measured), 668.5 TFLOP/s bf16 over 4374.5 GB/s (triad pattern); calibrated 2026-09-09 at 981a42f6",,400.0,2.13.0,3.7.1,2026-09-09T17:04:47+00:00,0.27.1,300.0
256,128,32.0,1,2048,0.125,False,27.151515151515152,3.878787878787879,1.6251519918441772,1.621824026107788,0.008344310731179229,245,55.499001735616126,443.992013884929,ok,,queue-deep/l2-flush/clock-under-load/v3,331.305597782135,3,1980.0,False,True,high,True,4374.549151491332,"measured on this device: NVIDIA H200 (measured), 4374.5 GB/s (triad pattern)",13.0,580.159.04,True,1,981a42f6caeb8b634a6a2e62113cc622d75910bc,NVIDIA H200,238b79f71e94,queue-deep/l2-flush/clock-under-load/v3,,iters=supplied as None; sglang=package not installed,1,3.12.3,152.8120650229884,"measured on this device: NVIDIA H200 (measured), 668.5 TFLOP/s bf16 over 4374.5 GB/s (triad pattern); calibrated 2026-09-09 at 981a42f6",,400.0,2.13.0,3.7.1,2026-09-09T17:04:47+00:00,0.27.1,300.0
256,136,34.0,1,2048,0.1328125,False,27.151515151515152,3.878787878787879,1.6282559633255005,1.623744010925293,0.008567417807483544,244,58.85527825507038,443.1456245087652,ok,,queue-deep/l2-flush/clock-under-load/v3,331.6654758453369,3,1980.0,False,True,high,True,4374.549151491332,"measured on this device: NVIDIA H200 (measured), 4374.5 GB/s (triad pattern)",13.0,580.159.04,True,1,981a42f6caeb8b634a6a2e62113cc622d75910bc,NVIDIA H200,238b79f71e94,queue-deep/l2-flush/clock-under-load/v3,,iters=supplied as None; sglang=package not installed,1,3.12.3,152.8120650229884,"measured on this device: NVIDIA H200 (measured), 668.5 TFLOP/s bf16 over 4374.5 GB/s (triad pattern); calibrated 2026-09-09 at 981a42f6",,400.0,2.13.0,3.7.1,2026-09-09T17:04:47+00:00,0.27.1,300.0
256,184,46.0,1,2048,0.1796875,False,27.151515151515152,3.878787878787879,1.6626559495925903,1.648800015449524,0.017980434767564127,241,77.9802491788935,433.97703890862476,ok,,queue-deep/l2-flush/clock-under-load/v3,336.700031042099,3,1965.0,False,True,high,True,4374.549151491332,"measured on this device: NVIDIA H200 (measured), 4374.5 GB/s (triad pattern)",13.0,580.159.04,True,1,981a42f6caeb8b634a6a2e62113cc622d75910bc,NVIDIA H200,238b79f71e94,queue-deep/l2-flush/clock-under-load/v3,,iters=supplied as None; sglang=package not installed,1,3.12.3,152.8120650229884,"measured on this device: NVIDIA H200 (measured), 668.5 TFLOP/s bf16 over 4374.5 GB/s (triad pattern); calibrated 2026-09-09 at 981a42f6",,400.0,2.13.0,3.7.1,2026-09-09T17:04:47+00:00,0.27.1,300.0
256,192,48.0,1,2048,0.1875,False,27.151515151515152,3.878787878787879,1.6680160164833069,1.6517759561538696,0.01720616893988017,240,81.10921507170909,432.5824803824485,ok,,queue-deep/l2-flush/clock-under-load/v3,337.68908953666687,3,1950.0,False,True,high,True,4374.549151491332,"measured on this device: NVIDIA H200 (measured), 4374.5 GB/s (triad pattern)",13.0,580.159.04,True,1,981a42f6caeb8b634a6a2e62113cc622d75910bc,NVIDIA H200,238b79f71e94,queue-deep/l2-flush/clock-under-load/v3,,iters=supplied as None; sglang=package not installed,1,3.12.3,152.8120650229884,"measured on this device: NVIDIA H200 (measured), 668.5 TFLOP/s bf16 over 4374.5 GB/s (triad pattern); calibrated 2026-09-09 at 981a42f6",,400.0,2.13.0,3.7.1,2026-09-09T17:04:47+00:00,0.27.1,300.0
256,200,50.0,1,2048,0.1953125,False,27.151515151515152,3.878787878787879,1.6757760047912598,1.6713279485702515,0.013613947970899697,236,84.09752496578714,430.5793278248302,ok,,queue-deep/l2-flush/clock-under-load/v3,340.4880322217941,3,1965.0,False,True,high,True,4374.549151491332,"measured on this device: NVIDIA H200 (measured), 4374.5 GB/s (triad pattern)",13.0,580.159.04,True,1,981a42f6caeb8b634a6a2e62113cc622d75910bc,NVIDIA H200,238b79f71e94,queue-deep/l2-flush/clock-under-load/v3,,iters=supplied as None; sglang=package not installed,1,3.12.3,152.8120650229884,"measured on this device: NVIDIA H200 (measured), 668.5 TFLOP/s bf16 over 4374.5 GB/s (triad pattern); calibrated 2026-09-09 at 981a42f6",,400.0,2.13.0,3.7.1,2026-09-09T17:04:47+00:00,0.27.1,300.0
256,248,62.0,1,2048,0.2421875,False,27.151515151515152,3.878787878787879,1.7216320037841797,1.6953279972076416,0.01664193135653845,231,101.50338833844454,419.11076475228714,ok,,queue-deep/l2-flush/clock-under-load/v3,341.65814757347107,3,1935.0,False,True,high,True,4374.549151491332,"measured on this device: NVIDIA H200 (measured), 4374.5 GB/s (triad pattern)",13.0,580.159.04,True,1,981a42f6caeb8b634a6a2e62113cc622d75910bc,NVIDIA H200,238b79f71e94,queue-deep/l2-flush/clock-under-load/v3,,iters=supplied as None; sglang=package not installed,1,3.12.3,152.8120650229884,"measured on this device: NVIDIA H200 (measured), 668.5 TFLOP/s bf16 over 4374.5 GB/s (triad pattern); calibrated 2026-09-09 at 981a42f6",,400.0,2.13.0,3.7.1,2026-09-09T17:04:47+00:00,0.27.1,300.0
256,256,64.0,1,2048,0.25,False,27.151515151515152,3.878787878787879,1.7311999797821045,1.7023999691009521,0.013444511226047656,230,104.19860705792314,416.79442823169256,ok,,queue-deep/l2-flush/clock-under-load/v3,335.2716107368469,3,1935.0,False,True,high,True,4374.549151491332,"measured on this device: NVIDIA H200 (measured), 4374.5 GB/s (triad pattern)",13.0,580.159.04,True,1,981a42f6caeb8b634a6a2e62113cc622d75910bc,NVIDIA H200,238b79f71e94,queue-deep/l2-flush/clock-under-load/v3,,iters=supplied as None; sglang=package not installed,1,3.12.3,152.8120650229884,"measured on this device: NVIDIA H200 (measured), 668.5 TFLOP/s bf16 over 4374.5 GB/s (triad pattern); calibrated 2026-09-09 at 981a42f6",,400.0,2.13.0,3.7.1,2026-09-09T17:04:47+00:00,0.27.1,300.0
256,264,66.0,1,2048,0.2578125,False,27.151515151515152,3.878787878787879,1.7302560210227966,1.702720046043396,0.017661755888483323,230,107.51343659421893,417.02181466848555,ok,,queue-deep/l2-flush/clock-under-load/v3,341.767808675766,3,1935.0,False,True,high,True,4374.549151491332,"measured on this device: NVIDIA H200 (measured), 4374.5 GB/s (triad pattern)",13.0,580.159.04,True,1,981a42f6caeb8b634a6a2e62113cc622d75910bc,NVIDIA H200,238b79f71e94,queue-deep/l2-flush/clock-under-load/v3,,iters=supplied as None; sglang=package not installed,1,3.12.3,152.8120650229884,"measured on this device: NVIDIA H200 (measured), 668.5 TFLOP/s bf16 over 4374.5 GB/s (triad pattern); calibrated 2026-09-09 at 981a42f6",,400.0,2.13.0,3.7.1,2026-09-09T17:04:47+00:00,0.27.1,300.0
256,312,78.0,1,2048,0.3046875,False,27.151515151515152,3.878787878787879,1.7621760368347168,1.7408959865570068,0.016276424869130238,223,124.75974810036568,409.46789120120025,ok,,queue-deep/l2-flush/clock-under-load/v3,332.3090864419937,3,1935.0,False,True,high,True,4374.549151491332,"measured on this device: NVIDIA H200 (measured), 4374.5 GB/s (triad pattern)",13.0,580.159.04,True,1,981a42f6caeb8b634a6a2e62113cc622d75910bc,NVIDIA H200,238b79f71e94,queue-deep/l2-flush/clock-under-load/v3,,iters=supplied as None; sglang=package not installed,1,3.12.3,152.8120650229884,"measured on this device: NVIDIA H200 (measured), 668.5 TFLOP/s bf16 over 4374.5 GB/s (triad pattern); calibrated 2026-09-09 at 981a42f6",,400.0,2.13.0,3.7.1,2026-09-09T17:04:47+00:00,0.27.1,300.0
256,320,80.0,1,2048,0.3125,False,27.151515151515152,3.878787878787879,1.7695679664611816,1.7428480386734009,0.020633553990073526,223,127.42420032101458,407.7574410272466,ok,,queue-deep/l2-flush/clock-under-load/v3,331.5432651042938,3,1927.5,False,True,high,True,4374.549151491332,"measured on this device: NVIDIA H200 (measured), 4374.5 GB/s (triad pattern)",13.0,580.159.04,True,1,981a42f6caeb8b634a6a2e62113cc622d75910bc,NVIDIA H200,238b79f71e94,queue-deep/l2-flush/clock-under-load/v3,,iters=supplied as None; sglang=package not installed,1,3.12.3,152.8120650229884,"measured on this device: NVIDIA H200 (measured), 668.5 TFLOP/s bf16 over 4374.5 GB/s (triad pattern); calibrated 2026-09-09 at 981a42f6",,400.0,2.13.0,3.7.1,2026-09-09T17:04:47+00:00,0.27.1,300.0
256,328,82.0,1,2048,0.3203125,False,27.151515151515152,3.878787878787879,1.7780960202217102,1.751296043395996,0.015988359412192517,222,129.98337828076424,405.80176633994694,ok,,queue-deep/l2-flush/clock-under-load/v3,334.7177313566208,3,1920.0,False,True,high,True,4374.549151491332,"measured on this device: NVIDIA H200 (measured), 4374.5 GB/s (triad pattern)",13.0,580.159.04,True,1,981a42f6caeb8b634a6a2e62113cc622d75910bc,NVIDIA H200,238b79f71e94,queue-deep/l2-flush/clock-under-load/v3,,iters=supplied as None; sglang=package not installed,1,3.12.3,152.8120650229884,"measured on this device: NVIDIA H200 (measured), 668.5 TFLOP/s bf16 over 4374.5 GB/s (triad pattern); calibrated 2026-09-09 at 981a42f6",,400.0,2.13.0,3.7.1,2026-09-09T17:04:47+00:00,0.27.1,300.0
256,376,94.0,1,2048,0.3671875,False,27.151515151515152,3.878787878787879,1.8218239545822144,1.7869759798049927,0.01588995778246349,219,145.42886781437565,396.06159745191667,ok,,queue-deep/l2-flush/clock-under-load/v3,338.6942368745804,3,1905.0,False,True,high,True,4374.549151491332,"measured on this device: NVIDIA H200 (measured), 4374.5 GB/s (triad pattern)",13.0,580.159.04,True,1,981a42f6caeb8b634a6a2e62113cc622d75910bc,NVIDIA H200,238b79f71e94,queue-deep/l2-flush/clock-under-load/v3,,iters=supplied as None; sglang=package not installed,1,3.12.3,152.8120650229884,"measured on this device: NVIDIA H200 (measured), 668.5 TFLOP/s bf16 over 4374.5 GB/s (triad pattern); calibrated 2026-09-09 at 981a42f6",,400.0,2.13.0,3.7.1,2026-09-09T17:04:47+00:00,0.27.1,300.0
256,384,96.0,1,2048,0.375,False,27.151515151515152,3.878787878787879,1.8236480355262756,1.779871940612793,0.021230054925610465,218,148.3745406881181,395.66544183498155,ok,,queue-deep/l2-flush/clock-under-load/v3,340.98425328731537,3,1905.0,False,True,high,True,4374.549151491332,"measured on this device: NVIDIA H200 (measured), 4374.5 GB/s (triad pattern)",13.0,580.159.04,True,1,981a42f6caeb8b634a6a2e62113cc622d75910bc,NVIDIA H200,238b79f71e94,queue-deep/l2-flush/clock-under-load/v3,,iters=supplied as None; sglang=package not installed,1,3.12.3,152.8120650229884,"measured on this device: NVIDIA H200 (measured), 668.5 TFLOP/s bf16 over 4374.5 GB/s (triad pattern); calibrated 2026-09-09 at 981a42f6",,400.0,2.13.0,3.7.1,2026-09-09T17:04:47+00:00,0.27.1,300.0
256,392,98.0,1,2048,0.3828125,False,27.151515151515152,3.878787878787879,1.8345760107040405,1.7951359748840332,0.01970110600640042,218,150.56344496622802,393.3085909321875,ok,,queue-deep/l2-flush/clock-under-load/v3,336.6940175294876,3,1890.0,False,True,high,True,4374.549151491332,"measured on this device: NVIDIA H200 (measured), 4374.5 GB/s (triad pattern)",13.0,580.159.04,True,1,981a42f6caeb8b634a6a2e62113cc622d75910bc,NVIDIA H200,238b79f71e94,queue-deep/l2-flush/clock-under-load/v3,,iters=supplied as None; sglang=package not installed,1,3.12.3,152.8120650229884,"measured on this device: NVIDIA H200 (measured), 668.5 TFLOP/s bf16 over 4374.5 GB/s (triad pattern); calibrated 2026-09-09 at 981a42f6",,400.0,2.13.0,3.7.1,2026-09-09T17:04:47+00:00,0.27.1,300.0
256,512,128.0,1,2048,0.5,False,27.151515151515152,3.878787878787879,1.9229120016098022,1.8616960048675537,0.023782845689587048,211,187.62026164586234,375.2405232917247,ok,,queue-deep/l2-flush/clock-under-load/v3,335.4985599517822,3,1860.0,False,True,high,True,4374.549151491332,"measured on this device: NVIDIA H200 (measured), 4374.5 GB/s (triad pattern)",13.0,580.159.04,True,1,981a42f6caeb8b634a6a2e62113cc622d75910bc,NVIDIA H200,238b79f71e94,queue-deep/l2-flush/clock-under-load/v3,,iters=supplied as None; sglang=package not installed,1,3.12.3,152.8120650229884,"measured on this device: NVIDIA H200 (measured), 668.5 TFLOP/s bf16 over 4374.5 GB/s (triad pattern); calibrated 2026-09-09 at 981a42f6",,400.0,2.13.0,3.7.1,2026-09-09T17:04:47+00:00,0.27.1,300.0
256,640,160.0,1,2048,0.625,False,27.151515151515152,3.878787878787879,1.9825600385665894,1.903872013092041,0.025649390999022404,202,227.46931104596302,363.9508976735408,ok,,queue-deep/l2-flush/clock-under-load/v3,343.08883261680603,3,1792.5,False,True,high,True,4374.549151491332,"measured on this device: NVIDIA H200 (measured), 4374.5 GB/s (triad pattern)",13.0,580.159.04,True,1,981a42f6caeb8b634a6a2e62113cc622d75910bc,NVIDIA H200,238b79f71e94,queue-deep/l2-flush/clock-under-load/v3,,iters=supplied as None; sglang=package not installed,1,3.12.3,152.8120650229884,"measured on this device: NVIDIA H200 (measured), 668.5 TFLOP/s bf16 over 4374.5 GB/s (triad pattern); calibrated 2026-09-09 at 981a42f6",,400.0,2.13.0,3.7.1,2026-09-09T17:04:47+00:00,0.27.1,300.0
256,768,192.0,1,2048,0.75,False,27.151515151515152,3.878787878787879,2.0269761085510254,1.9740159511566162,0.01967701022122808,200,266.98187364568884,355.9758315275851,ok,,queue-deep/l2-flush/clock-under-load/v3,332.22649240493774,3,1725.0,False,True,high,True,4374.549151491332,"measured on this device: NVIDIA H200 (measured), 4374.5 GB/s (triad pattern)",13.0,580.159.04,True,1,981a42f6caeb8b634a6a2e62113cc622d75910bc,NVIDIA H200,238b79f71e94,queue-deep/l2-flush/clock-under-load/v3,,iters=supplied as None; sglang=package not installed,1,3.12.3,152.8120650229884,"measured on this device: NVIDIA H200 (measured), 668.5 TFLOP/s bf16 over 4374.5 GB/s (triad pattern); calibrated 2026-09-09 at 981a42f6",,400.0,2.13.0,3.7.1,2026-09-09T17:04:47+00:00,0.27.1,300.0
256,896,224.0,1,2048,0.875,False,27.151515151515152,3.878787878787879,2.0257599353790283,1.9598720073699951,0.03147566161617618,196,311.6658501758106,356.18954305806926,ok,,queue-deep/l2-flush/clock-under-load/v3,331.08867168426514,3,1650.0,False,True,high,True,4374.549151491332,"measured on this device: NVIDIA H200 (measured), 4374.5 GB/s (triad pattern)",13.0,580.159.04,True,1,981a42f6caeb8b634a6a2e62113cc622d75910bc,NVIDIA H200,238b79f71e94,queue-deep/l2-flush/clock-under-load/v3,,iters=supplied as None; sglang=package not installed,1,3.12.3,152.8120650229884,"measured on this device: NVIDIA H200 (measured), 668.5 TFLOP/s bf16 over 4374.5 GB/s (triad pattern); calibrated 2026-09-09 at 981a42f6",,400.0,2.13.0,3.7.1,2026-09-09T17:04:47+00:00,0.27.1,300.0
256,1024,256.0,1,2048,1.0,True,27.151515151515152,3.878787878787879,2.0213119983673096,1.916159987449646,0.0293465155322888,195,356.9733451890787,356.9733451890787,ok,,queue-deep/l2-flush/clock-under-load/v3,329.3384609222412,3,1650.0,False,False,high,True,4374.549151491332,"measured on this device: NVIDIA H200 (measured), 4374.5 GB/s (triad pattern)",13.0,580.159.04,True,1,981a42f6caeb8b634a6a2e62113cc622d75910bc,NVIDIA H200,238b79f71e94,queue-deep/l2-flush/clock-under-load/v3,,iters=supplied as None; sglang=package not installed,1,3.12.3,152.8120650229884,"measured on this device: NVIDIA H200 (measured), 668.5 TFLOP/s bf16 over 4374.5 GB/s (triad pattern); calibrated 2026-09-09 at 981a42f6",,400.0,2.13.0,3.7.1,2026-09-09T17:04:47+00:00,0.27.1,300.0
256,1152,288.0,2,4096,0.5625,False,54.303030303030305,7.757575757575758,3.5759999752044678,3.503391981124878,0.08195280574301167,111,226.99911201693618,403.5539769189977,ok,,queue-deep/l2-flush/clock-under-load/v3,322.68905377388,3,1800.0,False,True,high,True,4374.549151491332,"measured on this device: NVIDIA H200 (measured), 4374.5 GB/s (triad pattern)",13.0,580.159.04,True,1,981a42f6caeb8b634a6a2e62113cc622d75910bc,NVIDIA H200,238b79f71e94,queue-deep/l2-flush/clock-under-load/v3,,iters=supplied as None; sglang=package not installed,1,3.12.3,152.8120650229884,"measured on this device: NVIDIA H200 (measured), 668.5 TFLOP/s bf16 over 4374.5 GB/s (triad pattern); calibrated 2026-09-09 at 981a42f6",,400.0,2.13.0,3.7.1,2026-09-09T17:04:47+00:00,0.27.1,300.0
256,1280,320.0,2,4096,0.625,False,54.303030303030305,7.757575757575758,3.713919997215271,3.645279884338379,0.04552309558467943,106,242.8547553087532,388.56760849400507,ok,,queue-deep/l2-flush/clock-under-load/v3,322.71699142456055,3,1755.0,False,True,high,True,4374.549151491332,"measured on this device: NVIDIA H200 (measured), 4374.5 GB/s (triad pattern)",13.0,580.159.04,True,1,981a42f6caeb8b634a6a2e62113cc622d75910bc,NVIDIA H200,238b79f71e94,queue-deep/l2-flush/clock-under-load/v3,,iters=supplied as None; sglang=package not installed,1,3.12.3,152.8120650229884,"measured on this device: NVIDIA H200 (measured), 668.5 TFLOP/s bf16 over 4374.5 GB/s (triad pattern); calibrated 2026-09-09 at 981a42f6",,400.0,2.13.0,3.7.1,2026-09-09T17:04:47+00:00,0.27.1,300.0
256,1408,352.0,2,4096,0.6875,False,54.303030303030305,7.757575757575758,3.838752031326294,3.7238080501556396,0.05349489652621393,104,258.4531215560738,375.931813172471,ok,,queue-deep/l2-flush/clock-under-load/v3,326.07401418685913,3,1740.0,False,True,high,True,4374.549151491332,"measured on this device: NVIDIA H200 (measured), 4374.5 GB/s (triad pattern)",13.0,580.159.04,True,1,981a42f6caeb8b634a6a2e62113cc622d75910bc,NVIDIA H200,238b79f71e94,queue-deep/l2-flush/clock-under-load/v3,,iters=supplied as None; sglang=package not installed,1,3.12.3,152.8120650229884,"measured on this device: NVIDIA H200 (measured), 668.5 TFLOP/s bf16 over 4374.5 GB/s (triad pattern); calibrated 2026-09-09 at 981a42f6",,400.0,2.13.0,3.7.1,2026-09-09T17:04:47+00:00,0.27.1,300.0
256,1536,384.0,2,4096,0.75,False,54.303030303030305,7.757575757575758,3.927839994430542,3.827296018600464,0.06455197531074608,101,275.55393298267904,367.40524397690535,ok,,queue-deep/l2-flush/clock-under-load/v3,335.367938041687,3,1732.5,False,True,high,True,4374.549151491332,"measured on this device: NVIDIA H200 (measured), 4374.5 GB/s (triad pattern)",13.0,580.159.04,True,1,981a42f6caeb8b634a6a2e62113cc622d75910bc,NVIDIA H200,238b79f71e94,queue-deep/l2-flush/clock-under-load/v3,,iters=supplied as None; sglang=package not installed,1,3.12.3,152.8120650229884,"measured on this device: NVIDIA H200 (measured), 668.5 TFLOP/s bf16 over 4374.5 GB/s (triad pattern); calibrated 2026-09-09 at 981a42f6",,400.0,2.13.0,3.7.1,2026-09-09T17:04:47+00:00,0.27.1,300.0
256,1664,416.0,2,4096,0.8125,False,54.303030303030305,7.757575757575758,4.003216028213501,3.887712001800537,0.0704214659612227,100,292.89602748000044,360.48741843692363,ok,,queue-deep/l2-flush/clock-under-load/v3,330.1618218421936,3,1710.0,False,True,high,True,4374.549151491332,"measured on this device: NVIDIA H200 (measured), 4374.5 GB/s (triad pattern)",13.0,580.159.04,True,1,981a42f6caeb8b634a6a2e62113cc622d75910bc,NVIDIA H200,238b79f71e94,queue-deep/l2-flush/clock-under-load/v3,,iters=supplied as None; sglang=package not installed,1,3.12.3,152.8120650229884,"measured on this device: NVIDIA H200 (measured), 668.5 TFLOP/s bf16 over 4374.5 GB/s (triad pattern); calibrated 2026-09-09 at 981a42f6",,400.0,2.13.0,3.7.1,2026-09-09T17:04:47+00:00,0.27.1,300.0
256,1792,448.0,2,4096,0.875,False,54.303030303030305,7.757575757575758,4.027647972106934,3.8459200859069824,0.07494617925329601,98,313.5130959231893,358.3006810550735,ok,,queue-deep/l2-flush/clock-under-load/v3,338.17151927948,3,1665.0,False,True,high,True,4374.549151491332,"measured on this device: NVIDIA H200 (measured), 4374.5 GB/s (triad pattern)",13.0,580.159.04,True,1,981a42f6caeb8b634a6a2e62113cc622d75910bc,NVIDIA H200,238b79f71e94,queue-deep/l2-flush/clock-under-load/v3,,iters=supplied as None; sglang=package not installed,1,3.12.3,152.8120650229884,"measured on this device: NVIDIA H200 (measured), 668.5 TFLOP/s bf16 over 4374.5 GB/s (triad pattern); calibrated 2026-09-09 at 981a42f6",,400.0,2.13.0,3.7.1,2026-09-09T17:04:47+00:00,0.27.1,300.0
256,1920,480.0,2,4096,0.9375,False,54.303030303030305,7.757575757575758,4.013712167739868,3.9348480701446533,0.06221494809919606,98,337.0731735857955,359.5447184915152,ok,,queue-deep/l2-flush/clock-under-load/v3,339.95951986312866,3,1620.0,False,True,high,True,4374.549151491332,"measured on this device: NVIDIA H200 (measured), 4374.5 GB/s (triad pattern)",13.0,580.159.04,True,1,981a42f6caeb8b634a6a2e62113cc622d75910bc,NVIDIA H200,238b79f71e94,queue-deep/l2-flush/clock-under-load/v3,,iters=supplied as None; sglang=package not installed,1,3.12.3,152.8120650229884,"measured on this device: NVIDIA H200 (measured), 668.5 TFLOP/s bf16 over 4374.5 GB/s (triad pattern); calibrated 2026-09-09 at 981a42f6",,400.0,2.13.0,3.7.1,2026-09-09T17:04:47+00:00,0.27.1,300.0
256,2048,512.0,2,4096,1.0,True,54.303030303030305,7.757575757575758,3.964927911758423,3.8862080574035645,0.05617355431769279,100,363.9685370259328,363.9685370259328,ok,,queue-deep/l2-flush/clock-under-load/v3,340.5947847366333,3,1650.0,False,True,high,True,4374.549151491332,"measured on this device: NVIDIA H200 (measured), 4374.5 GB/s (triad pattern)",13.0,580.159.04,True,1,981a42f6caeb8b634a6a2e62113cc622d75910bc,NVIDIA H200,238b79f71e94,queue-deep/l2-flush/clock-under-load/v3,,iters=supplied as None; sglang=package not installed,1,3.12.3,152.8120650229884,"measured on this device: NVIDIA H200 (measured), 668.5 TFLOP/s bf16 over 4374.5 GB/s (triad pattern); calibrated 2026-09-09 at 981a42f6",,400.0,2.13.0,3.7.1,2026-09-09T17:04:47+00:00,0.27.1,300.0
256,2176,544.0,3,6144,0.7083333333333334,False,81.45454545454545,11.636363636363637,5.584383964538574,5.363423824310303,0.12833078409909587,71,274.56982442622814,387.62798742526326,ok,,queue-deep/l2-flush/clock-under-load/v3,339.0075192451477,3,1725.0,False,True,high,True,4374.549151491332,"measured on this device: NVIDIA H200 (measured), 4374.5 GB/s (triad pattern)",13.0,580.159.04,True,1,981a42f6caeb8b634a6a2e62113cc622d75910bc,NVIDIA H200,238b79f71e94,queue-deep/l2-flush/clock-under-load/v3,,iters=supplied as None; sglang=package not installed,1,3.12.3,152.8120650229884,"measured on this device: NVIDIA H200 (measured), 668.5 TFLOP/s bf16 over 4374.5 GB/s (triad pattern); calibrated 2026-09-09 at 981a42f6",,400.0,2.13.0,3.7.1,2026-09-09T17:04:47+00:00,0.27.1,300.0
256,2304,576.0,3,6144,0.75,False,81.45454545454545,11.636363636363637,5.727327823638916,5.6414079666137695,0.12384401062319839,69,283.4651146014712,377.95348613529495,ok,,queue-deep/l2-flush/clock-under-load/v3,346.597825050354,3,1702.5,False,True,high,True,4374.549151491332,"measured on this device: NVIDIA H200 (measured), 4374.5 GB/s (triad pattern)",13.0,580.159.04,True,1,981a42f6caeb8b634a6a2e62113cc622d75910bc,NVIDIA H200,238b79f71e94,queue-deep/l2-flush/clock-under-load/v3,,iters=supplied as None; sglang=package not installed,1,3.12.3,152.8120650229884,"measured on this device: NVIDIA H200 (measured), 668.5 TFLOP/s bf16 over 4374.5 GB/s (triad pattern); calibrated 2026-09-09 at 981a42f6",,400.0,2.13.0,3.7.1,2026-09-09T17:04:47+00:00,0.27.1,300.0
256,2432,608.0,3,6144,0.7916666666666666,False,81.45454545454545,11.636363636363637,5.832352161407471,5.714015960693359,0.10301908447386698,67,293.82518470737364,371.14760173562985,ok,,queue-deep/l2-flush/clock-under-load/v3,331.448194026947,3,1695.0,False,True,high,True,4374.549151491332,"measured on this device: NVIDIA H200 (measured), 4374.5 GB/s (triad pattern)",13.0,580.159.04,True,1,981a42f6caeb8b634a6a2e62113cc622d75910bc,NVIDIA H200,238b79f71e94,queue-deep/l2-flush/clock-under-load/v3,,iters=supplied as None; sglang=package not installed,1,3.12.3,152.8120650229884,"measured on this device: NVIDIA H200 (measured), 668.5 TFLOP/s bf16 over 4374.5 GB/s (triad pattern); calibrated 2026-09-09 at 981a42f6",,400.0,2.13.0,3.7.1,2026-09-09T17:04:47+00:00,0.27.1,300.0
256,2560,640.0,3,6144,0.8333333333333334,False,81.45454545454545,11.636363636363637,5.965343952178955,5.748608112335205,0.12382523303142437,66,302.39434285446293,362.8732114253556,ok,,queue-deep/l2-flush/clock-under-load/v3,334.36748695373535,3,1665.0,False,True,high,True,4374.549151491332,"measured on this device: NVIDIA H200 (measured), 4374.5 GB/s (triad pattern)",13.0,580.159.04,True,1,981a42f6caeb8b634a6a2e62113cc622d75910bc,NVIDIA H200,238b79f71e94,queue-deep/l2-flush/clock-under-load/v3,,iters=supplied as None; sglang=package not installed,1,3.12.3,152.8120650229884,"measured on this device: NVIDIA H200 (measured), 668.5 TFLOP/s bf16 over 4374.5 GB/s (triad pattern); calibrated 2026-09-09 at 981a42f6",,400.0,2.13.0,3.7.1,2026-09-09T17:04:47+00:00,0.27.1,300.0
256,2688,672.0,3,6144,0.875,False,81.45454545454545,11.636363636363637,6.016831874847412,5.879424095153809,0.09056035310170522,65,314.7969923264698,359.76799123025125,ok,,queue-deep/l2-flush/clock-under-load/v3,340.4354887008667,3,1650.0,False,True,high,True,4374.549151491332,"measured on this device: NVIDIA H200 (measured), 4374.5 GB/s (triad pattern)",13.0,580.159.04,True,1,981a42f6caeb8b634a6a2e62113cc622d75910bc,NVIDIA H200,238b79f71e94,queue-deep/l2-flush/clock-under-load/v3,,iters=supplied as None; sglang=package not installed,1,3.12.3,152.8120650229884,"measured on this device: NVIDIA H200 (measured), 668.5 TFLOP/s bf16 over 4374.5 GB/s (triad pattern); calibrated 2026-09-09 at 981a42f6",,400.0,2.13.0,3.7.1,2026-09-09T17:04:47+00:00,0.27.1,300.0
