2026/09/30 06:20:09.316, 1980, 1980, 155.05, 700.00, 0x0000000000000000
2026/09/30 06:20:09.423, 1980, 1980, 155.05, 700.00, 0x0000000000000000
2026/09/30 06:20:09.524, 1980, 1980, 155.07, 700.00, 0x0000000000000000
2026/09/30 06:20:09.625, 1980, 1980, 155.07, 700.00, 0x0000000000000000
2026/09/30 06:20:09.726, 1980, 1980, 155.05, 700.00, 0x0000000000000000
2026/09/30 06:20:09.828, 1980, 1980, 155.01, 700.00, 0x0000000000000000
2026/09/30 06:20:09.930, 1980, 1980, 155.98, 700.00, 0x0000000000000000
2026/09/30 06:20:10.051, 1980, 1980, 159.59, 700.00, 0x0000000000000000
2026/09/30 06:20:10.153, 1980, 1980, 158.26, 700.00, 0x0000000000000000
2026/09/30 06:20:10.254, 1980, 1980, 156.85, 700.00, 0x0000000000000000
2026/09/30 06:20:10.356, 1980, 1980, 155.55, 700.00, 0x0000000000000000
2026/09/30 06:20:10.457, 1980, 1980, 154.26, 700.00, 0x0000000000000000
2026/09/30 06:20:10.558, 1980, 1980, 152.93, 700.00, 0x0000000000000000
2026/09/30 06:20:10.660, 1980, 1980, 151.67, 700.00, 0x0000000000000000
2026/09/30 06:20:10.761, 1980, 1980, 150.31, 700.00, 0x0000000000000000
2026/09/30 06:20:10.862, 1980, 1980, 148.20, 700.00, 0x0000000000000000
2026/09/30 06:20:10.964, 1980, 1980, 144.45, 700.00, 0x0000000000000000
2026/09/30 06:20:11.065, 1980, 1980, 142.04, 700.00, 0x0000000000000000
2026/09/30 06:20:11.167, 1980, 1980, 141.79, 700.00, 0x0000000000000000
2026/09/30 06:20:11.268, 1980, 1980, 141.80, 700.00, 0x0000000000000000
2026/09/30 06:20:11.370, 1980, 1980, 141.77, 700.00, 0x0000000000000000
2026/09/30 06:20:11.471, 1980, 1980, 141.71, 700.00, 0x0000000000000000
2026/09/30 06:20:11.614, 1980, 1980, 141.69, 700.00, 0x0000000000000000
2026/09/30 06:20:11.718, 1980, 1980, 141.66, 700.00, 0x0000000000000000
2026/09/30 06:20:11.827, 1980, 1980, 142.18, 700.00, 0x0000000000000000
2026/09/30 06:20:11.929, 1980, 1980, 143.73, 700.00, 0x0000000000000000
2026/09/30 06:20:12.058, 1980, 1980, 146.49, 700.00, 0x0000000000000000
2026/09/30 06:20:12.164, 1980, 1980, 152.03, 700.00, 0x0000000000000000
2026/09/30 06:20:12.265, 1980, 1980, 153.08, 700.00, 0x0000000000000000
2026/09/30 06:20:12.368, 1980, 1980, 156.63, 700.00, 0x0000000000000000
2026/09/30 06:20:12.470, 1980, 1980, 157.25, 700.00, 0x0000000000000000
2026/09/30 06:20:12.571, 1980, 1980, 157.43, 700.00, 0x0000000000000000
2026/09/30 06:20:12.673, 1980, 1980, 157.67, 700.00, 0x0000000000000000
2026/09/30 06:20:12.778, 1980, 1980, 157.31, 700.00, 0x0000000000000000
2026/09/30 06:20:12.880, 1980, 1980, 155.93, 700.00, 0x0000000000000000
2026/09/30 06:20:12.982, 1980, 1980, 153.71, 700.00, 0x0000000000000000
2026/09/30 06:20:13.083, 1980, 1980, 150.90, 700.00, 0x0000000000000000
2026/09/30 06:20:13.185, 1980, 1980, 148.78, 700.00, 0x0000000000000000
2026/09/30 06:20:13.286, 1980, 1980, 147.30, 700.00, 0x0000000000000000
2026/09/30 06:20:13.388, 1980, 1980, 144.21, 700.00, 0x0000000000000000
2026/09/30 06:20:13.489, 1980, 1980, 143.82, 700.00, 0x0000000000000000
2026/09/30 06:20:13.591, 1980, 1980, 143.83, 700.00, 0x0000000000000000
2026/09/30 06:20:13.742, 1980, 1980, 143.79, 700.00, 0x0000000000000000
2026/09/30 06:20:13.843, 1980, 1980, 143.79, 700.00, 0x0000000000000000
2026/09/30 06:20:13.945, 1980, 1980, 143.77, 700.00, 0x0000000000000000
2026/09/30 06:20:14.049, 1980, 1980, 144.02, 700.00, 0x0000000000000000
2026/09/30 06:20:14.152, 1980, 1980, 146.71, 700.00, 0x0000000000000000
2026/09/30 06:20:14.254, 1980, 1980, 149.86, 700.00, 0x0000000000000000
2026/09/30 06:20:14.356, 1980, 1980, 150.36, 700.00, 0x0000000000000000
2026/09/30 06:20:14.457, 1980, 1980, 150.26, 700.00, 0x0000000000000000
2026/09/30 06:20:14.559, 1980, 1980, 150.08, 700.00, 0x0000000000000000
2026/09/30 06:20:14.660, 1980, 1980, 149.87, 700.00, 0x0000000000000000
2026/09/30 06:20:14.761, 1980, 1980, 149.67, 700.00, 0x0000000000000000
2026/09/30 06:20:14.863, 1980, 1980, 149.40, 700.00, 0x0000000000000000
2026/09/30 06:20:14.965, 1980, 1980, 149.33, 700.00, 0x0000000000000000
2026/09/30 06:20:15.066, 1980, 1980, 148.39, 700.00, 0x0000000000000000
2026/09/30 06:20:15.168, 1980, 1980, 145.56, 700.00, 0x0000000000000000
2026/09/30 06:20:15.269, 1980, 1980, 143.16, 700.00, 0x0000000000000000
2026/09/30 06:20:15.371, 1980, 1980, 141.85, 700.00, 0x0000000000000000
2026/09/30 06:20:15.472, 1980, 1980, 141.88, 700.00, 0x0000000000000000
2026/09/30 06:20:15.573, 1980, 1980, 141.92, 700.00, 0x0000000000000000
2026/09/30 06:20:15.675, 1980, 1980, 141.90, 700.00, 0x0000000000000000
2026/09/30 06:20:15.776, 1980, 1980, 141.87, 700.00, 0x0000000000000000
2026/09/30 06:20:15.877, 1980, 1980, 141.77, 700.00, 0x0000000000000000
2026/09/30 06:20:15.978, 1980, 1980, 141.71, 700.00, 0x0000000000000000
2026/09/30 06:20:16.080, 420, 1980, 140.43, 700.00, 0x0000000000000001
2026/09/30 06:20:16.184, 420, 1980, 135.36, 700.00, 0x0000000000000001
2026/09/30 06:20:16.287, 390, 1980, 130.55, 700.00, 0x0000000000000001
2026/09/30 06:20:16.390, 390, 1980, 125.74, 700.00, 0x0000000000000001
2026/09/30 06:20:16.492, 360, 1980, 120.96, 700.00, 0x0000000000000001
2026/09/30 06:20:16.594, 360, 1980, 116.16, 700.00, 0x0000000000000001
2026/09/30 06:20:16.696, 345, 1980, 111.97, 700.00, 0x0000000000000001
2026/09/30 06:20:16.798, 345, 1980, 107.30, 700.00, 0x0000000000000001
2026/09/30 06:20:16.900, 345, 1980, 101.89, 700.00, 0x0000000000000001
2026/09/30 06:20:17.003, 345, 1980, 97.17, 700.00, 0x0000000000000001
2026/09/30 06:20:17.105, 345, 1980, 93.69, 700.00, 0x0000000000000001
2026/09/30 06:20:17.209, 345, 1980, 93.65, 700.00, 0x0000000000000001
2026/09/30 06:20:17.311, 345, 1980, 93.71, 700.00, 0x0000000000000001
2026/09/30 06:20:17.424, 345, 1980, 93.65, 700.00, 0x0000000000000001
2026/09/30 06:20:17.526, 345, 1980, 93.58, 700.00, 0x0000000000000001
2026/09/30 06:20:17.629, 345, 1980, 93.59, 700.00, 0x0000000000000001
2026/09/30 06:20:17.731, 345, 1980, 93.55, 700.00, 0x0000000000000001
2026/09/30 06:20:17.834, 345, 1980, 93.52, 700.00, 0x0000000000000001
2026/09/30 06:20:17.936, 345, 1980, 93.47, 700.00, 0x0000000000000001
2026/09/30 06:20:18.038, 345, 1980, 93.48, 700.00, 0x0000000000000001
2026/09/30 06:20:18.140, 345, 1980, 93.51, 700.00, 0x0000000000000001
2026/09/30 06:20:18.243, 345, 1980, 93.50, 700.00, 0x0000000000000001
2026/09/30 06:20:18.345, 345, 1980, 93.39, 700.00, 0x0000000000000001
2026/09/30 06:20:18.447, 345, 1980, 93.37, 700.00, 0x0000000000000001
2026/09/30 06:20:18.549, 345, 1980, 93.43, 700.00, 0x0000000000000001
2026/09/30 06:20:18.652, 345, 1980, 93.40, 700.00, 0x0000000000000001
2026/09/30 06:20:18.755, 345, 1980, 93.43, 700.00, 0x0000000000000001
2026/09/30 06:20:18.857, 345, 1980, 93.46, 700.00, 0x0000000000000001
2026/09/30 06:20:18.959, 345, 1980, 93.53, 700.00, 0x0000000000000001
2026/09/30 06:20:19.061, 345, 1980, 93.48, 700.00, 0x0000000000000001
2026/09/30 06:20:19.163, 345, 1980, 93.39, 700.00, 0x0000000000000001
2026/09/30 06:20:19.265, 345, 1980, 93.36, 700.00, 0x0000000000000001
2026/09/30 06:20:19.368, 345, 1980, 93.40, 700.00, 0x0000000000000001
2026/09/30 06:20:19.470, 345, 1980, 93.35, 700.00, 0x0000000000000001
2026/09/30 06:20:19.573, 345, 1980, 93.25, 700.00, 0x0000000000000001
2026/09/30 06:20:19.675, 345, 1980, 93.28, 700.00, 0x0000000000000001
2026/09/30 06:20:19.777, 345, 1980, 93.28, 700.00, 0x0000000000000001
2026/09/30 06:20:19.879, 345, 1980, 93.25, 700.00, 0x0000000000000001
2026/09/30 06:20:19.981, 345, 1980, 93.23, 700.00, 0x0000000000000001
2026/09/30 06:20:20.083, 345, 1980, 93.27, 700.00, 0x0000000000000001
2026/09/30 06:20:20.185, 345, 1980, 93.32, 700.00, 0x0000000000000000
2026/09/30 06:20:20.288, 1980, 1980, 145.86, 700.00, 0x0000000000000000
2026/09/30 06:20:21.562, 1980, 1980, 146.95, 700.00, 0x0000000000000000
2026/09/30 06:20:22.154, 1980, 1980, 152.16, 700.00, 0x0000000000000000
2026/09/30 06:20:22.256, 1980, 1980, 155.28, 700.00, 0x0000000000000000
2026/09/30 06:20:22.357, 1980, 1980, 154.83, 700.00, 0x0000000000000000
2026/09/30 06:20:22.459, 1980, 1980, 154.58, 700.00, 0x0000000000000000
2026/09/30 06:20:22.560, 1980, 1980, 153.16, 700.00, 0x0000000000000000
2026/09/30 06:20:22.661, 1980, 1980, 152.51, 700.00, 0x0000000000000000
2026/09/30 06:20:22.763, 1980, 1980, 152.17, 700.00, 0x0000000000000000
2026/09/30 06:20:22.864, 1980, 1980, 151.55, 700.00, 0x0000000000000000
2026/09/30 06:20:22.965, 1980, 1980, 151.15, 700.00, 0x0000000000000000
2026/09/30 06:20:23.067, 1980, 1980, 150.59, 700.00, 0x0000000000000000
2026/09/30 06:20:23.168, 1980, 1980, 144.80, 700.00, 0x0000000000000000
2026/09/30 06:20:23.270, 1980, 1980, 141.29, 700.00, 0x0000000000000000
2026/09/30 06:20:23.372, 1980, 1980, 141.31, 700.00, 0x0000000000000000
2026/09/30 06:20:23.473, 1980, 1980, 141.22, 700.00, 0x0000000000000000
2026/09/30 06:20:23.576, 1980, 1980, 150.57, 700.00, 0x0000000000000000
2026/09/30 06:20:23.685, 1980, 1980, 164.19, 700.00, 0x0000000000000000
2026/09/30 06:20:23.826, 1980, 1980, 167.03, 700.00, 0x0000000000000000
2026/09/30 06:20:23.966, 1980, 1980, 146.27, 700.00, 0x0000000000000000
2026/09/30 06:20:25.861, 1980, 1980, 159.39, 700.00, 0x0000000000000000
2026/09/30 06:20:25.970, 1980, 1980, 171.21, 700.00, 0x0000000000000000
2026/09/30 06:20:26.073, 1980, 1980, 177.03, 700.00, 0x0000000000000000
2026/09/30 06:20:26.181, 1980, 1980, 156.32, 700.00, 0x0000000000000000
2026/09/30 06:20:28.044, 1980, 1980, 156.32, 700.00, 0x0000000000000000
2026/09/30 06:20:28.150, 1980, 1980, 179.98, 700.00, 0x0000000000000000
2026/09/30 06:20:28.253, 1980, 1980, 184.15, 700.00, 0x0000000000000000
2026/09/30 06:20:28.359, 1980, 1980, 155.30, 700.00, 0x0000000000000000
2026/09/30 06:20:30.192, 1980, 1980, 166.25, 700.00, 0x0000000000000000
2026/09/30 06:20:30.298, 1980, 1980, 179.73, 700.00, 0x0000000000000000
2026/09/30 06:20:30.400, 1980, 1980, 183.51, 700.00, 0x0000000000000000
2026/09/30 06:20:30.502, 1980, 1980, 156.30, 700.00, 0x0000000000000000
2026/09/30 06:20:32.343, 1980, 1980, 156.30, 700.00, 0x0000000000000000
2026/09/30 06:20:32.449, 1980, 1980, 178.23, 700.00, 0x0000000000000000
2026/09/30 06:20:32.552, 1980, 1980, 185.64, 700.00, 0x0000000000000000
2026/09/30 06:20:32.659, 1980, 1980, 155.33, 700.00, 0x0000000000000000
2026/09/30 06:20:34.495, 1980, 1980, 170.88, 700.00, 0x0000000000000000
2026/09/30 06:20:34.604, 1980, 1980, 180.93, 700.00, 0x0000000000000000
2026/09/30 06:20:34.706, 1980, 1980, 185.85, 700.00, 0x0000000000000000
2026/09/30 06:20:34.809, 1980, 1980, 156.65, 700.00, 0x0000000000000000
2026/09/30 06:20:36.658, 1980, 1980, 156.65, 700.00, 0x0000000000000000
2026/09/30 06:20:36.764, 1980, 1980, 181.83, 700.00, 0x0000000000000000
2026/09/30 06:20:36.866, 1980, 1980, 186.29, 700.00, 0x0000000000000000
2026/09/30 06:20:36.968, 1980, 1980, 155.63, 700.00, 0x0000000000000000
2026/09/30 06:20:38.810, 1980, 1980, 166.96, 700.00, 0x0000000000000000
2026/09/30 06:20:38.921, 1980, 1980, 180.63, 700.00, 0x0000000000000000
2026/09/30 06:20:39.024, 1980, 1980, 184.17, 700.00, 0x0000000000000000
2026/09/30 06:20:39.126, 1980, 1980, 156.62, 700.00, 0x0000000000000000
2026/09/30 06:20:40.971, 1980, 1980, 156.62, 700.00, 0x0000000000000000
2026/09/30 06:20:41.077, 1980, 1980, 181.42, 700.00, 0x0000000000000000
2026/09/30 06:20:41.180, 1980, 1980, 185.72, 700.00, 0x0000000000000000
2026/09/30 06:20:41.287, 1980, 1980, 155.33, 700.00, 0x0000000000000000
2026/09/30 06:20:43.121, 1980, 1980, 168.97, 700.00, 0x0000000000000000
2026/09/30 06:20:43.230, 1980, 1980, 180.35, 700.00, 0x0000000000000000
2026/09/30 06:20:43.332, 1980, 1980, 185.48, 700.00, 0x0000000000000000
2026/09/30 06:20:43.435, 1980, 1980, 155.52, 700.00, 0x0000000000000000
2026/09/30 06:20:45.278, 1980, 1980, 156.60, 700.00, 0x0000000000000000
2026/09/30 06:20:45.384, 1980, 1980, 181.51, 700.00, 0x0000000000000000
2026/09/30 06:20:45.486, 1980, 1980, 186.63, 700.00, 0x0000000000000000
2026/09/30 06:20:45.588, 1980, 1980, 155.64, 700.00, 0x0000000000000000
2026/09/30 06:20:47.431, 1980, 1980, 166.87, 700.00, 0x0000000000000000
2026/09/30 06:20:47.539, 1980, 1980, 180.75, 700.00, 0x0000000000000000
2026/09/30 06:20:47.642, 1980, 1980, 184.98, 700.00, 0x0000000000000000
2026/09/30 06:20:47.744, 1980, 1980, 156.64, 700.00, 0x0000000000000000
2026/09/30 06:20:49.589, 1980, 1980, 156.64, 700.00, 0x0000000000000000
2026/09/30 06:20:49.695, 1980, 1980, 182.00, 700.00, 0x0000000000000000
2026/09/30 06:20:49.797, 1980, 1980, 186.15, 700.00, 0x0000000000000000
2026/09/30 06:20:49.906, 1980, 1980, 155.45, 700.00, 0x0000000000000000
2026/09/30 06:20:51.739, 1980, 1980, 170.63, 700.00, 0x0000000000000000
2026/09/30 06:20:51.848, 1980, 1980, 181.33, 700.00, 0x0000000000000000
2026/09/30 06:20:51.950, 1980, 1980, 187.07, 700.00, 0x0000000000000000
2026/09/30 06:20:52.052, 1980, 1980, 156.63, 700.00, 0x0000000000000000
2026/09/30 06:20:53.908, 1980, 1980, 156.63, 700.00, 0x0000000000000000
2026/09/30 06:20:54.016, 1980, 1980, 181.37, 700.00, 0x0000000000000000
2026/09/30 06:20:54.120, 1980, 1980, 185.54, 700.00, 0x0000000000000000
2026/09/30 06:20:54.224, 1980, 1980, 155.55, 700.00, 0x0000000000000000
2026/09/30 06:20:56.064, 1980, 1980, 164.50, 700.00, 0x0000000000000000
2026/09/30 06:20:56.172, 1980, 1980, 180.01, 700.00, 0x0000000000000000
2026/09/30 06:20:56.275, 1980, 1980, 184.60, 700.00, 0x0000000000000000
2026/09/30 06:20:56.377, 1980, 1980, 155.45, 700.00, 0x0000000000000000
2026/09/30 06:20:58.225, 1980, 1980, 174.42, 700.00, 0x0000000000000000
2026/09/30 06:20:58.331, 1980, 1980, 180.07, 700.00, 0x0000000000000000
2026/09/30 06:20:58.435, 1980, 1980, 185.26, 700.00, 0x0000000000000000
2026/09/30 06:20:58.537, 1980, 1980, 155.76, 700.00, 0x0000000000000000
2026/09/30 06:21:00.382, 1980, 1980, 158.52, 700.00, 0x0000000000000000
2026/09/30 06:21:00.490, 1980, 1980, 179.47, 700.00, 0x0000000000000000
2026/09/30 06:21:00.593, 1980, 1980, 182.79, 700.00, 0x0000000000000000
2026/09/30 06:21:00.695, 1980, 1980, 155.47, 700.00, 0x0000000000000000
2026/09/30 06:21:02.555, 1980, 1980, 166.27, 700.00, 0x0000000000000000
2026/09/30 06:21:02.662, 1980, 1980, 180.93, 700.00, 0x0000000000000000
2026/09/30 06:21:02.764, 1980, 1980, 185.15, 700.00, 0x0000000000000000
2026/09/30 06:21:02.867, 1980, 1980, 156.03, 700.00, 0x0000000000000000
2026/09/30 06:21:04.737, 1980, 1980, 172.33, 700.00, 0x0000000000000000
2026/09/30 06:21:04.846, 1980, 1980, 182.30, 700.00, 0x0000000000000000
2026/09/30 06:21:04.949, 1980, 1980, 190.44, 700.00, 0x0000000000000000
2026/09/30 06:21:05.051, 1980, 1980, 156.78, 700.00, 0x0000000000000000
2026/09/30 06:21:06.909, 1980, 1980, 156.78, 700.00, 0x0000000000000000
2026/09/30 06:21:07.018, 1980, 1980, 182.38, 700.00, 0x0000000000000000
2026/09/30 06:21:07.125, 1980, 1980, 189.07, 700.00, 0x0000000000000000
2026/09/30 06:21:07.227, 1980, 1980, 155.47, 700.00, 0x0000000000000000
2026/09/30 06:21:09.081, 1980, 1980, 164.47, 700.00, 0x0000000000000000
2026/09/30 06:21:09.190, 1980, 1980, 180.31, 700.00, 0x0000000000000000
2026/09/30 06:21:09.292, 1980, 1980, 186.83, 700.00, 0x0000000000000000
2026/09/30 06:21:09.394, 1980, 1980, 155.82, 700.00, 0x0000000000000000
2026/09/30 06:21:11.258, 1980, 1980, 171.66, 700.00, 0x0000000000000000
2026/09/30 06:21:11.366, 1980, 1980, 181.28, 700.00, 0x0000000000000000
2026/09/30 06:21:11.469, 1980, 1980, 187.16, 700.00, 0x0000000000000000
2026/09/30 06:21:11.571, 1980, 1980, 156.61, 700.00, 0x0000000000000000
2026/09/30 06:21:13.425, 1980, 1980, 156.61, 700.00, 0x0000000000000000
2026/09/30 06:21:13.534, 1980, 1980, 183.77, 700.00, 0x0000000000000000
2026/09/30 06:21:13.636, 1980, 1980, 192.36, 700.00, 0x0000000000000000
2026/09/30 06:21:13.738, 1980, 1980, 155.97, 700.00, 0x0000000000000000
2026/09/30 06:21:15.610, 1980, 1980, 163.64, 700.00, 0x0000000000000000
2026/09/30 06:21:15.719, 1980, 1980, 180.36, 700.00, 0x0000000000000000
2026/09/30 06:21:15.824, 1980, 1980, 183.58, 700.00, 0x0000000000000000
2026/09/30 06:21:15.926, 1980, 1980, 194.01, 700.00, 0x0000000000000000
2026/09/30 06:21:16.027, 1980, 1980, 195.13, 700.00, 0x0000000000000000
2026/09/30 06:21:16.129, 1980, 1980, 193.88, 700.00, 0x0000000000000000
2026/09/30 06:21:16.231, 1980, 1980, 194.24, 700.00, 0x0000000000000000
2026/09/30 06:21:16.332, 1980, 1980, 193.69, 700.00, 0x0000000000000000
2026/09/30 06:21:16.434, 1980, 1980, 193.29, 700.00, 0x0000000000000000
2026/09/30 06:21:16.535, 1980, 1980, 192.09, 700.00, 0x0000000000000000
2026/09/30 06:21:16.637, 1980, 1980, 184.61, 700.00, 0x0000000000000000
2026/09/30 06:21:16.738, 1980, 1980, 166.85, 700.00, 0x0000000000000000
2026/09/30 06:21:16.839, 1980, 1980, 155.42, 700.00, 0x0000000000000000
2026/09/30 06:21:16.941, 1980, 1980, 151.35, 700.00, 0x0000000000000000
2026/09/30 06:21:17.042, 1980, 1980, 151.73, 700.00, 0x0000000000000000
2026/09/30 06:21:17.143, 1980, 1980, 152.03, 700.00, 0x0000000000000000
2026/09/30 06:21:17.245, 1980, 1980, 152.40, 700.00, 0x0000000000000000
2026/09/30 06:21:17.346, 1980, 1980, 152.74, 700.00, 0x0000000000000000
2026/09/30 06:21:17.448, 1980, 1980, 153.15, 700.00, 0x0000000000000000
2026/09/30 06:21:17.549, 1980, 1980, 153.49, 700.00, 0x0000000000000000
