duty_requested,duty_achieved,state_index,repeat,order_index,model,dtype,block_m,block_n,block_k,group_m,num_warps,num_stages,tiles,rows_per_expert,tokens,calls_per_burst,bursts,trials,ms_p50,ms_min,ms_stdev,samples,burst_ms,gap_ms,head_ms,tail_ms,within_burst_ok,sm_clock_load_mhz,sm_clock_start_mhz,sm_clock_end_mhz,clock_samples_mhz,clock_samples,clock_source,clock_level_ok,clock_level_side,clock_drift_ok,clock_drift_direction,reference_clock_mhz,power_w,mem_clock_mhz,host_bound,host_enqueue_ms,host_backlog_iters,warmup_ms,l2_flush,status,detail,instrument,prov_bandwidth,prov_bandwidth_source,prov_cuda_version,prov_driver_version,prov_git_dirty,prov_git_dirty_files,prov_git_sha,prov_gpu_name,prov_hostname,prov_instrument,prov_iters,prov_missing,prov_provenance_version,prov_python,prov_ridge,prov_ridge_source,prov_sglang,prov_target_ms,prov_torch,prov_triton,prov_utc,prov_vllm,prov_warmup_ms
1.0,0.9152862417589303,0,0,0,mixtral-8x7b,bf16,32,64,64,4,8,4,1,32,128,53,18,3,0.7719840109348297,0.7561600208282471,0.005017754106548784,936,41.00795729955038,0.0,0.7723679840564728,0.7713119983673096,True,1500.0,1500.0,1500.0,1500 1500 1500 1500 1515 1515 1515 1470 1470 1485 1485 1545 1545 1470 1470 1500 1500 1500,18,nvml,True,,True,,1470.0,697.224,3201.0,False,11.458308901637793,39.294860508985984,203.75651156902313,True,ok,,"scripts/clock_elasticity.py: bursts of N back-to-back fused_experts calls under one pinned tile, each call L2-flushed and bracketed by its own pre-primed event pair, the FIRST call of every burst discarded as a drained-queue launch, a host-side idle gap after each burst setting the sustained duty cycle, and the SM clock, board power and memory clock read through NVML with the burst still in flight; NOT timing.TIMING_BASIS",,,13.0,580.159.04,True,1,33d28339d8e211bd7fb8caf92bd340b82ae40abb,NVIDIA H200,421a523e82cb,"scripts/clock_elasticity.py: bursts of N back-to-back fused_experts calls under one pinned tile, each call L2-flushed and bracketed by its own pre-primed event pair, the FIRST call of every burst discarded as a drained-queue launch, a host-side idle gap after each burst setting the sustained duty cycle, and the SM clock, board power and memory clock read through NVML with the burst still in flight; NOT timing.TIMING_BASIS",,bandwidth=not supplied by caller; bandwidth_source=not supplied by caller; iters=not supplied by caller; ridge=not supplied by caller; ridge_source=not supplied by caller; sglang=package not installed,1,3.12.3,,,,200.0,2.13.0,3.7.1,2026-09-23T17:41:19+00:00,0.27.1,200.0
1.0,0.9483471339961748,0,0,0,mixtral-8x7b,bf16,32,64,64,4,8,4,2,64,256,32,18,3,1.3135200142860413,1.2717440128326416,0.01915264248325291,558,42.15811550617218,0.0,1.3146239519119263,1.3136480450630188,True,1650.0,1695.0,1590.0,1695 1650 1650 1635 1635 1650 1650 1650 1650 1650 1635 1635 1650 1650 1695 1695 1590 1590,18,nvml,False,high,False,dropping,1470.0,693.6225,3201.0,False,6.920958869159222,26.893104593165937,250.74460804462433,True,ok,"LEVEL HIGH (recorded, never an exclusion here): loaded clock 1650 MHz against the 1470 MHz reference. At a duty cycle below 1.0 a HIGH reading is the experiment working, not a cell to drop.; DRIFT failed, dropping: 1695 -> 1590 MHz over 18 bursts; this cell is EXCLUDED","scripts/clock_elasticity.py: bursts of N back-to-back fused_experts calls under one pinned tile, each call L2-flushed and bracketed by its own pre-primed event pair, the FIRST call of every burst discarded as a drained-queue launch, a host-side idle gap after each burst setting the sustained duty cycle, and the SM clock, board power and memory clock read through NVML with the burst still in flight; NOT timing.TIMING_BASIS",,,13.0,580.159.04,True,1,33d28339d8e211bd7fb8caf92bd340b82ae40abb,NVIDIA H200,421a523e82cb,"scripts/clock_elasticity.py: bursts of N back-to-back fused_experts calls under one pinned tile, each call L2-flushed and bracketed by its own pre-primed event pair, the FIRST call of every burst discarded as a drained-queue launch, a host-side idle gap after each burst setting the sustained duty cycle, and the SM clock, board power and memory clock read through NVML with the burst still in flight; NOT timing.TIMING_BASIS",,bandwidth=not supplied by caller; bandwidth_source=not supplied by caller; iters=not supplied by caller; ridge=not supplied by caller; ridge_source=not supplied by caller; sglang=package not installed,1,3.12.3,,,,200.0,2.13.0,3.7.1,2026-09-23T17:41:19+00:00,0.27.1,200.0
1.0,0.9644857334051894,0,0,0,mixtral-8x7b,bf16,32,64,64,4,8,4,3,96,384,21,18,3,1.9641119837760925,1.919711947441101,0.02678868619927932,360,41.42725513378779,0.0,1.9669280052185059,1.9650560021400452,True,1635.0,1665.0,1605.0,1665 1665 1665 1650 1650 1650 1650 1605 1605 1605 1635 1635 1620 1620 1635 1635 1635 1605,18,nvml,False,high,True,,1470.0,697.3385000000001,3201.0,False,4.601907450705767,18.701697330188704,202.14886462688446,True,ok,"LEVEL HIGH (recorded, never an exclusion here): loaded clock 1635 MHz against the 1470 MHz reference. At a duty cycle below 1.0 a HIGH reading is the experiment working, not a cell to drop.","scripts/clock_elasticity.py: bursts of N back-to-back fused_experts calls under one pinned tile, each call L2-flushed and bracketed by its own pre-primed event pair, the FIRST call of every burst discarded as a drained-queue launch, a host-side idle gap after each burst setting the sustained duty cycle, and the SM clock, board power and memory clock read through NVML with the burst still in flight; NOT timing.TIMING_BASIS",,,13.0,580.159.04,True,1,33d28339d8e211bd7fb8caf92bd340b82ae40abb,NVIDIA H200,421a523e82cb,"scripts/clock_elasticity.py: bursts of N back-to-back fused_experts calls under one pinned tile, each call L2-flushed and bracketed by its own pre-primed event pair, the FIRST call of every burst discarded as a drained-queue launch, a host-side idle gap after each burst setting the sustained duty cycle, and the SM clock, board power and memory clock read through NVML with the burst still in flight; NOT timing.TIMING_BASIS",,bandwidth=not supplied by caller; bandwidth_source=not supplied by caller; iters=not supplied by caller; ridge=not supplied by caller; ridge_source=not supplied by caller; sglang=package not installed,1,3.12.3,,,,200.0,2.13.0,3.7.1,2026-09-23T17:41:19+00:00,0.27.1,200.0
1.0,0.970921031610827,0,0,0,mixtral-8x7b,bf16,32,64,64,4,8,4,4,128,512,16,18,3,2.4357759952545166,2.365567922592163,0.030858499332092663,270,38.92641231748793,0.0,2.426624059677124,2.437183976173401,True,1725.0,1725.0,1695.0,1725 1725 1725 1725 1725 1710 1710 1725 1725 1725 1740 1740 1725 1725 1725 1755 1755 1695,18,nvml,False,high,True,,1470.0,691.338,3201.0,False,3.5618715919554234,14.533984757066717,228.55935978889465,True,ok,"LEVEL HIGH (recorded, never an exclusion here): loaded clock 1725 MHz against the 1470 MHz reference. At a duty cycle below 1.0 a HIGH reading is the experiment working, not a cell to drop.","scripts/clock_elasticity.py: bursts of N back-to-back fused_experts calls under one pinned tile, each call L2-flushed and bracketed by its own pre-primed event pair, the FIRST call of every burst discarded as a drained-queue launch, a host-side idle gap after each burst setting the sustained duty cycle, and the SM clock, board power and memory clock read through NVML with the burst still in flight; NOT timing.TIMING_BASIS",,,13.0,580.159.04,True,1,33d28339d8e211bd7fb8caf92bd340b82ae40abb,NVIDIA H200,421a523e82cb,"scripts/clock_elasticity.py: bursts of N back-to-back fused_experts calls under one pinned tile, each call L2-flushed and bracketed by its own pre-primed event pair, the FIRST call of every burst discarded as a drained-queue launch, a host-side idle gap after each burst setting the sustained duty cycle, and the SM clock, board power and memory clock read through NVML with the burst still in flight; NOT timing.TIMING_BASIS",,bandwidth=not supplied by caller; bandwidth_source=not supplied by caller; iters=not supplied by caller; ridge=not supplied by caller; ridge_source=not supplied by caller; sglang=package not installed,1,3.12.3,,,,200.0,2.13.0,3.7.1,2026-09-23T17:41:19+00:00,0.27.1,200.0
1.0,0.9772568730331253,0,0,0,mixtral-8x7b,bf16,32,64,64,4,8,4,5,160,640,13,18,3,3.186768054962158,3.0910398960113525,0.040859791623910645,216,41.34927470154233,0.0,3.1862399578094482,3.1865919828414917,True,1650.0,1665.0,1635.0,1665 1665 1665 1665 1650 1650 1695 1695 1695 1650 1650 1650 1650 1635 1635 1635 1635 1635,18,nvml,False,high,True,,1470.0,693.227,3201.0,False,2.9234266839921474,12.056825130558597,204.75759959220886,True,ok,"LEVEL HIGH (recorded, never an exclusion here): loaded clock 1650 MHz against the 1470 MHz reference. At a duty cycle below 1.0 a HIGH reading is the experiment working, not a cell to drop.","scripts/clock_elasticity.py: bursts of N back-to-back fused_experts calls under one pinned tile, each call L2-flushed and bracketed by its own pre-primed event pair, the FIRST call of every burst discarded as a drained-queue launch, a host-side idle gap after each burst setting the sustained duty cycle, and the SM clock, board power and memory clock read through NVML with the burst still in flight; NOT timing.TIMING_BASIS",,,13.0,580.159.04,True,1,33d28339d8e211bd7fb8caf92bd340b82ae40abb,NVIDIA H200,421a523e82cb,"scripts/clock_elasticity.py: bursts of N back-to-back fused_experts calls under one pinned tile, each call L2-flushed and bracketed by its own pre-primed event pair, the FIRST call of every burst discarded as a drained-queue launch, a host-side idle gap after each burst setting the sustained duty cycle, and the SM clock, board power and memory clock read through NVML with the burst still in flight; NOT timing.TIMING_BASIS",,bandwidth=not supplied by caller; bandwidth_source=not supplied by caller; iters=not supplied by caller; ridge=not supplied by caller; ridge_source=not supplied by caller; sglang=package not installed,1,3.12.3,,,,200.0,2.13.0,3.7.1,2026-09-23T17:41:19+00:00,0.27.1,200.0
1.0,0.9804087034565601,0,0,0,mixtral-8x7b,bf16,32,64,64,4,8,4,6,192,768,11,18,3,3.7100319862365723,3.6647040843963623,0.03369870904361393,180,41.05880538622538,0.0,3.7190080285072327,3.7243599891662598,True,1695.0,1695.0,1680.0,1695 1695 1710 1710 1710 1695 1695 1680 1680 1695 1695 1695 1695 1695 1680 1680 1680 1680,18,nvml,False,high,True,,1470.0,694.5,3201.0,False,2.480554860085249,10.32810629898877,204.33968019485474,True,ok,"LEVEL HIGH (recorded, never an exclusion here): loaded clock 1695 MHz against the 1470 MHz reference. At a duty cycle below 1.0 a HIGH reading is the experiment working, not a cell to drop.","scripts/clock_elasticity.py: bursts of N back-to-back fused_experts calls under one pinned tile, each call L2-flushed and bracketed by its own pre-primed event pair, the FIRST call of every burst discarded as a drained-queue launch, a host-side idle gap after each burst setting the sustained duty cycle, and the SM clock, board power and memory clock read through NVML with the burst still in flight; NOT timing.TIMING_BASIS",,,13.0,580.159.04,True,1,33d28339d8e211bd7fb8caf92bd340b82ae40abb,NVIDIA H200,421a523e82cb,"scripts/clock_elasticity.py: bursts of N back-to-back fused_experts calls under one pinned tile, each call L2-flushed and bracketed by its own pre-primed event pair, the FIRST call of every burst discarded as a drained-queue launch, a host-side idle gap after each burst setting the sustained duty cycle, and the SM clock, board power and memory clock read through NVML with the burst still in flight; NOT timing.TIMING_BASIS",,bandwidth=not supplied by caller; bandwidth_source=not supplied by caller; iters=not supplied by caller; ridge=not supplied by caller; ridge_source=not supplied by caller; sglang=package not installed,1,3.12.3,,,,200.0,2.13.0,3.7.1,2026-09-23T17:41:19+00:00,0.27.1,200.0
1.0,0.9829840610695545,0,0,0,mixtral-8x7b,bf16,32,64,64,4,8,4,7,224,896,8,18,3,4.363744020462036,4.319839954376221,0.032751914721449525,126,35.059678077697754,0.0,4.3667519092559814,4.362815856933594,True,1680.0,1650.0,1680.0,1650 1665 1665 1680 1680 1680 1665 1665 1665 1680 1680 1680 1680 1680 1680 1650 1650 1680,18,nvml,False,high,True,,1470.0,693.297,3201.0,False,1.814497634768486,7.553387810367822,209.79436683654785,True,ok,"LEVEL HIGH (recorded, never an exclusion here): loaded clock 1680 MHz against the 1470 MHz reference. At a duty cycle below 1.0 a HIGH reading is the experiment working, not a cell to drop.","scripts/clock_elasticity.py: bursts of N back-to-back fused_experts calls under one pinned tile, each call L2-flushed and bracketed by its own pre-primed event pair, the FIRST call of every burst discarded as a drained-queue launch, a host-side idle gap after each burst setting the sustained duty cycle, and the SM clock, board power and memory clock read through NVML with the burst still in flight; NOT timing.TIMING_BASIS",,,13.0,580.159.04,True,1,33d28339d8e211bd7fb8caf92bd340b82ae40abb,NVIDIA H200,421a523e82cb,"scripts/clock_elasticity.py: bursts of N back-to-back fused_experts calls under one pinned tile, each call L2-flushed and bracketed by its own pre-primed event pair, the FIRST call of every burst discarded as a drained-queue launch, a host-side idle gap after each burst setting the sustained duty cycle, and the SM clock, board power and memory clock read through NVML with the burst still in flight; NOT timing.TIMING_BASIS",,bandwidth=not supplied by caller; bandwidth_source=not supplied by caller; iters=not supplied by caller; ridge=not supplied by caller; ridge_source=not supplied by caller; sglang=package not installed,1,3.12.3,,,,200.0,2.13.0,3.7.1,2026-09-23T17:41:19+00:00,0.27.1,200.0
1.0,0.9845464356457188,0,0,0,mixtral-8x7b,bf16,32,64,64,4,8,4,8,256,1024,8,18,3,4.834080219268799,4.74451208114624,0.04125776966200627,126,38.72008363405863,0.0,4.836143970489502,4.833712100982666,True,1732.5,1710.0,1725.0,1710 1785 1785 1785 1710 1710 1740 1740 1740 1725 1725 1755 1755 1755 1725 1725 1725 1725,18,nvml,False,high,True,,1470.0,694.493,3201.0,False,1.82649539783597,7.610191654801492,232.40179300308228,True,ok,"LEVEL HIGH (recorded, never an exclusion here): loaded clock 1732 MHz against the 1470 MHz reference. At a duty cycle below 1.0 a HIGH reading is the experiment working, not a cell to drop.","scripts/clock_elasticity.py: bursts of N back-to-back fused_experts calls under one pinned tile, each call L2-flushed and bracketed by its own pre-primed event pair, the FIRST call of every burst discarded as a drained-queue launch, a host-side idle gap after each burst setting the sustained duty cycle, and the SM clock, board power and memory clock read through NVML with the burst still in flight; NOT timing.TIMING_BASIS",,,13.0,580.159.04,True,1,33d28339d8e211bd7fb8caf92bd340b82ae40abb,NVIDIA H200,421a523e82cb,"scripts/clock_elasticity.py: bursts of N back-to-back fused_experts calls under one pinned tile, each call L2-flushed and bracketed by its own pre-primed event pair, the FIRST call of every burst discarded as a drained-queue launch, a host-side idle gap after each burst setting the sustained duty cycle, and the SM clock, board power and memory clock read through NVML with the burst still in flight; NOT timing.TIMING_BASIS",,bandwidth=not supplied by caller; bandwidth_source=not supplied by caller; iters=not supplied by caller; ridge=not supplied by caller; ridge_source=not supplied by caller; sglang=package not installed,1,3.12.3,,,,200.0,2.13.0,3.7.1,2026-09-23T17:41:19+00:00,0.27.1,200.0
0.7,0.6533164136428219,1,0,1,mixtral-8x7b,bf16,32,64,64,4,8,4,1,32,128,53,18,3,0.7429119944572449,0.7338240146636963,0.004416863086154654,936,39.49218312236998,17.154046649592264,0.7424159944057465,0.7425439953804016,True,1950.0,1890.0,1950.0,1890 1890 1950 1725 1725 1965 1965 1935 1950 1950 1965 1965 1890 1740 1740 1965 1965 1950,18,nvml,False,high,True,,1470.0,622.03,3201.0,False,11.454733554273844,38.84878633222528,278.0260479450226,True,ok,"LEVEL HIGH (recorded, never an exclusion here): loaded clock 1950 MHz against the 1470 MHz reference. At a duty cycle below 1.0 a HIGH reading is the experiment working, not a cell to drop.","scripts/clock_elasticity.py: bursts of N back-to-back fused_experts calls under one pinned tile, each call L2-flushed and bracketed by its own pre-primed event pair, the FIRST call of every burst discarded as a drained-queue launch, a host-side idle gap after each burst setting the sustained duty cycle, and the SM clock, board power and memory clock read through NVML with the burst still in flight; NOT timing.TIMING_BASIS",,,13.0,580.159.04,True,1,33d28339d8e211bd7fb8caf92bd340b82ae40abb,NVIDIA H200,421a523e82cb,"scripts/clock_elasticity.py: bursts of N back-to-back fused_experts calls under one pinned tile, each call L2-flushed and bracketed by its own pre-primed event pair, the FIRST call of every burst discarded as a drained-queue launch, a host-side idle gap after each burst setting the sustained duty cycle, and the SM clock, board power and memory clock read through NVML with the burst still in flight; NOT timing.TIMING_BASIS",,bandwidth=not supplied by caller; bandwidth_source=not supplied by caller; iters=not supplied by caller; ridge=not supplied by caller; ridge_source=not supplied by caller; sglang=package not installed,1,3.12.3,,,,200.0,2.13.0,3.7.1,2026-09-23T17:41:19+00:00,0.27.1,200.0
0.7,0.6530625868701425,1,0,1,mixtral-8x7b,bf16,32,64,64,4,8,4,2,64,256,32,18,3,1.1410080194473267,1.1038399934768677,0.03259043651732742,558,36.910463988780975,17.240687692972056,1.1501439809799194,1.1375359892845154,True,1867.5,1740.0,1875.0,1740 1860 1860 1920 1920 1905 1905 1860 1815 1815 1905 1905 1935 1935 1860 1860 1650 1875,18,nvml,False,high,False,oscillating,1470.0,625.546,3201.0,False,7.009894587099552,25.516699234731657,220.23951971530914,True,ok,"LEVEL HIGH (recorded, never an exclusion here): loaded clock 1868 MHz against the 1470 MHz reference. At a duty cycle below 1.0 a HIGH reading is the experiment working, not a cell to drop.; DRIFT failed, oscillating: 1740 -> 1875 MHz over 18 bursts; this cell is EXCLUDED","scripts/clock_elasticity.py: bursts of N back-to-back fused_experts calls under one pinned tile, each call L2-flushed and bracketed by its own pre-primed event pair, the FIRST call of every burst discarded as a drained-queue launch, a host-side idle gap after each burst setting the sustained duty cycle, and the SM clock, board power and memory clock read through NVML with the burst still in flight; NOT timing.TIMING_BASIS",,,13.0,580.159.04,True,1,33d28339d8e211bd7fb8caf92bd340b82ae40abb,NVIDIA H200,421a523e82cb,"scripts/clock_elasticity.py: bursts of N back-to-back fused_experts calls under one pinned tile, each call L2-flushed and bracketed by its own pre-primed event pair, the FIRST call of every burst discarded as a drained-queue launch, a host-side idle gap after each burst setting the sustained duty cycle, and the SM clock, board power and memory clock read through NVML with the burst still in flight; NOT timing.TIMING_BASIS",,bandwidth=not supplied by caller; bandwidth_source=not supplied by caller; iters=not supplied by caller; ridge=not supplied by caller; ridge_source=not supplied by caller; sglang=package not installed,1,3.12.3,,,,200.0,2.13.0,3.7.1,2026-09-23T17:41:19+00:00,0.27.1,200.0
0.7,0.6625136851093681,1,0,1,mixtral-8x7b,bf16,32,64,64,4,8,4,3,96,384,21,18,3,1.6984480023384094,1.6425600051879883,0.05346685099802592,360,36.10188081529405,16.804775923490524,1.716592013835907,1.700927972793579,True,1875.0,1875.0,1920.0,1875 1725 1845 1845 1920 1920 1845 1845 1875 1875 1875 1875 1725 1800 1800 1905 1905 1920,18,nvml,False,high,True,,1470.0,636.4010000000001,3201.0,False,4.620180930942297,17.828259547220707,214.0467199087143,True,ok,"LEVEL HIGH (recorded, never an exclusion here): loaded clock 1875 MHz against the 1470 MHz reference. At a duty cycle below 1.0 a HIGH reading is the experiment working, not a cell to drop.","scripts/clock_elasticity.py: bursts of N back-to-back fused_experts calls under one pinned tile, each call L2-flushed and bracketed by its own pre-primed event pair, the FIRST call of every burst discarded as a drained-queue launch, a host-side idle gap after each burst setting the sustained duty cycle, and the SM clock, board power and memory clock read through NVML with the burst still in flight; NOT timing.TIMING_BASIS",,,13.0,580.159.04,True,1,33d28339d8e211bd7fb8caf92bd340b82ae40abb,NVIDIA H200,421a523e82cb,"scripts/clock_elasticity.py: bursts of N back-to-back fused_experts calls under one pinned tile, each call L2-flushed and bracketed by its own pre-primed event pair, the FIRST call of every burst discarded as a drained-queue launch, a host-side idle gap after each burst setting the sustained duty cycle, and the SM clock, board power and memory clock read through NVML with the burst still in flight; NOT timing.TIMING_BASIS",,bandwidth=not supplied by caller; bandwidth_source=not supplied by caller; iters=not supplied by caller; ridge=not supplied by caller; ridge_source=not supplied by caller; sglang=package not installed,1,3.12.3,,,,200.0,2.13.0,3.7.1,2026-09-23T17:41:19+00:00,0.27.1,200.0
0.7,0.6588977868483765,1,0,1,mixtral-8x7b,bf16,32,64,64,4,8,4,4,128,512,16,18,3,2.16048002243042,2.103935956954956,0.034893708148365093,270,34.85042835606469,16.816493443080358,2.1748639345169067,2.150207996368408,True,1905.0,1860.0,1875.0,1860 1905 1905 1950 1950 1950 1950 1965 1965 1905 1905 1905 1905 1935 1935 1830 1830 1875,18,nvml,False,high,True,,1470.0,618.9259999999999,3201.0,False,3.6414158530533314,14.358183867530691,244.20883131027222,True,ok,"LEVEL HIGH (recorded, never an exclusion here): loaded clock 1905 MHz against the 1470 MHz reference. At a duty cycle below 1.0 a HIGH reading is the experiment working, not a cell to drop.","scripts/clock_elasticity.py: bursts of N back-to-back fused_experts calls under one pinned tile, each call L2-flushed and bracketed by its own pre-primed event pair, the FIRST call of every burst discarded as a drained-queue launch, a host-side idle gap after each burst setting the sustained duty cycle, and the SM clock, board power and memory clock read through NVML with the burst still in flight; NOT timing.TIMING_BASIS",,,13.0,580.159.04,True,1,33d28339d8e211bd7fb8caf92bd340b82ae40abb,NVIDIA H200,421a523e82cb,"scripts/clock_elasticity.py: bursts of N back-to-back fused_experts calls under one pinned tile, each call L2-flushed and bracketed by its own pre-primed event pair, the FIRST call of every burst discarded as a drained-queue launch, a host-side idle gap after each burst setting the sustained duty cycle, and the SM clock, board power and memory clock read through NVML with the burst still in flight; NOT timing.TIMING_BASIS",,bandwidth=not supplied by caller; bandwidth_source=not supplied by caller; iters=not supplied by caller; ridge=not supplied by caller; ridge_source=not supplied by caller; sglang=package not installed,1,3.12.3,,,,200.0,2.13.0,3.7.1,2026-09-23T17:41:19+00:00,0.27.1,200.0
0.7,0.6696169985217425,1,0,1,mixtral-8x7b,bf16,32,64,64,4,8,4,5,160,640,13,18,3,2.7762720584869385,2.6703360080718994,0.07428750025363902,216,36.35894585980309,16.919782008443562,2.797439932823181,2.7866560220718384,True,1860.0,1860.0,1785.0,1860 1860 1920 1920 1755 1785 1785 1875 1875 1935 1935 1860 1860 1890 1890 1695 1785 1785,18,nvml,False,high,True,,1470.0,629.6665,3201.0,False,2.9798694886267185,11.920990996932913,217.65807938575745,True,ok,"LEVEL HIGH (recorded, never an exclusion here): loaded clock 1860 MHz against the 1470 MHz reference. At a duty cycle below 1.0 a HIGH reading is the experiment working, not a cell to drop.","scripts/clock_elasticity.py: bursts of N back-to-back fused_experts calls under one pinned tile, each call L2-flushed and bracketed by its own pre-primed event pair, the FIRST call of every burst discarded as a drained-queue launch, a host-side idle gap after each burst setting the sustained duty cycle, and the SM clock, board power and memory clock read through NVML with the burst still in flight; NOT timing.TIMING_BASIS",,,13.0,580.159.04,True,1,33d28339d8e211bd7fb8caf92bd340b82ae40abb,NVIDIA H200,421a523e82cb,"scripts/clock_elasticity.py: bursts of N back-to-back fused_experts calls under one pinned tile, each call L2-flushed and bracketed by its own pre-primed event pair, the FIRST call of every burst discarded as a drained-queue launch, a host-side idle gap after each burst setting the sustained duty cycle, and the SM clock, board power and memory clock read through NVML with the burst still in flight; NOT timing.TIMING_BASIS",,bandwidth=not supplied by caller; bandwidth_source=not supplied by caller; iters=not supplied by caller; ridge=not supplied by caller; ridge_source=not supplied by caller; sglang=package not installed,1,3.12.3,,,,200.0,2.13.0,3.7.1,2026-09-23T17:41:19+00:00,0.27.1,200.0
0.7,0.6749808708716618,1,0,1,mixtral-8x7b,bf16,32,64,64,4,8,4,6,192,768,11,18,3,3.2935839891433716,3.184704065322876,0.07078771184094665,180,36.38509154319763,16.640297157423838,3.3172319531440735,3.315328001976013,True,1875.0,1890.0,1815.0,1890 1890 1785 1785 1845 1875 1875 1935 1935 1920 1920 1845 1845 1920 1920 1740 1740 1815,18,nvml,False,high,True,,1470.0,633.9604999999999,3201.0,False,2.5153220631182194,10.210202588261813,219.0034875869751,True,ok,"LEVEL HIGH (recorded, never an exclusion here): loaded clock 1875 MHz against the 1470 MHz reference. At a duty cycle below 1.0 a HIGH reading is the experiment working, not a cell to drop.","scripts/clock_elasticity.py: bursts of N back-to-back fused_experts calls under one pinned tile, each call L2-flushed and bracketed by its own pre-primed event pair, the FIRST call of every burst discarded as a drained-queue launch, a host-side idle gap after each burst setting the sustained duty cycle, and the SM clock, board power and memory clock read through NVML with the burst still in flight; NOT timing.TIMING_BASIS",,,13.0,580.159.04,True,1,33d28339d8e211bd7fb8caf92bd340b82ae40abb,NVIDIA H200,421a523e82cb,"scripts/clock_elasticity.py: bursts of N back-to-back fused_experts calls under one pinned tile, each call L2-flushed and bracketed by its own pre-primed event pair, the FIRST call of every burst discarded as a drained-queue launch, a host-side idle gap after each burst setting the sustained duty cycle, and the SM clock, board power and memory clock read through NVML with the burst still in flight; NOT timing.TIMING_BASIS",,bandwidth=not supplied by caller; bandwidth_source=not supplied by caller; iters=not supplied by caller; ridge=not supplied by caller; ridge_source=not supplied by caller; sglang=package not installed,1,3.12.3,,,,200.0,2.13.0,3.7.1,2026-09-23T17:41:19+00:00,0.27.1,200.0
0.7,0.6387988654295547,1,0,1,mixtral-8x7b,bf16,32,64,64,4,8,4,7,224,896,8,18,3,3.787824034690857,3.6540799140930176,0.10594245533793746,126,30.61426489882999,16.644534955705915,3.8385759592056274,3.744112014770508,True,1890.0,1800.0,1950.0,1800 1800 1755 1755 1845 1845 1950 1950 1905 1905 1890 1890 1860 1860 1965 1965 1950 1950,18,nvml,False,high,False,settling upward,1470.0,628.747,3201.0,False,1.8222588114440441,7.49567976821112,213.00710344314575,True,ok,"LEVEL HIGH (recorded, never an exclusion here): loaded clock 1890 MHz against the 1470 MHz reference. At a duty cycle below 1.0 a HIGH reading is the experiment working, not a cell to drop.; DRIFT failed, settling upward: 1800 -> 1950 MHz over 18 bursts; this cell is EXCLUDED","scripts/clock_elasticity.py: bursts of N back-to-back fused_experts calls under one pinned tile, each call L2-flushed and bracketed by its own pre-primed event pair, the FIRST call of every burst discarded as a drained-queue launch, a host-side idle gap after each burst setting the sustained duty cycle, and the SM clock, board power and memory clock read through NVML with the burst still in flight; NOT timing.TIMING_BASIS",,,13.0,580.159.04,True,1,33d28339d8e211bd7fb8caf92bd340b82ae40abb,NVIDIA H200,421a523e82cb,"scripts/clock_elasticity.py: bursts of N back-to-back fused_experts calls under one pinned tile, each call L2-flushed and bracketed by its own pre-primed event pair, the FIRST call of every burst discarded as a drained-queue launch, a host-side idle gap after each burst setting the sustained duty cycle, and the SM clock, board power and memory clock read through NVML with the burst still in flight; NOT timing.TIMING_BASIS",,bandwidth=not supplied by caller; bandwidth_source=not supplied by caller; iters=not supplied by caller; ridge=not supplied by caller; ridge_source=not supplied by caller; sglang=package not installed,1,3.12.3,,,,200.0,2.13.0,3.7.1,2026-09-23T17:41:19+00:00,0.27.1,200.0
0.7,0.6713537067105128,1,0,1,mixtral-8x7b,bf16,32,64,64,4,8,4,8,256,1024,8,18,3,4.304768085479736,4.165567874908447,0.06425176422649759,126,34.591875314712524,16.2665032523019,4.325215816497803,4.268640041351318,True,1920.0,1950.0,1830.0,1950 1950 1890 1890 1905 1905 1920 1920 1920 1920 1935 1935 1935 1935 1875 1875 1830 1830,18,nvml,False,high,False,dropping,1470.0,620.82,3201.0,False,1.8571997061371803,7.528368762571797,207.18169593811035,True,ok,"LEVEL HIGH (recorded, never an exclusion here): loaded clock 1920 MHz against the 1470 MHz reference. At a duty cycle below 1.0 a HIGH reading is the experiment working, not a cell to drop.; DRIFT failed, dropping: 1950 -> 1830 MHz over 18 bursts; this cell is EXCLUDED","scripts/clock_elasticity.py: bursts of N back-to-back fused_experts calls under one pinned tile, each call L2-flushed and bracketed by its own pre-primed event pair, the FIRST call of every burst discarded as a drained-queue launch, a host-side idle gap after each burst setting the sustained duty cycle, and the SM clock, board power and memory clock read through NVML with the burst still in flight; NOT timing.TIMING_BASIS",,,13.0,580.159.04,True,1,33d28339d8e211bd7fb8caf92bd340b82ae40abb,NVIDIA H200,421a523e82cb,"scripts/clock_elasticity.py: bursts of N back-to-back fused_experts calls under one pinned tile, each call L2-flushed and bracketed by its own pre-primed event pair, the FIRST call of every burst discarded as a drained-queue launch, a host-side idle gap after each burst setting the sustained duty cycle, and the SM clock, board power and memory clock read through NVML with the burst still in flight; NOT timing.TIMING_BASIS",,bandwidth=not supplied by caller; bandwidth_source=not supplied by caller; iters=not supplied by caller; ridge=not supplied by caller; ridge_source=not supplied by caller; sglang=package not installed,1,3.12.3,,,,200.0,2.13.0,3.7.1,2026-09-23T17:41:19+00:00,0.27.1,200.0
0.5,0.47401651844519155,2,0,2,mixtral-8x7b,bf16,32,64,64,4,8,4,1,32,128,53,18,3,0.7411199808120728,0.7326080203056335,0.004103217141765659,936,39.51960890491804,40.02610884904861,0.7406240105628967,0.7428799867630005,True,1890.0,1785.0,1800.0,1785 1890 1965 1950 1965 1965 1800 1905 1965 1740 1860 1860 1875 1935 1950 1890 1800 1800,18,nvml,False,high,True,,1470.0,505.44849999999997,3201.0,False,12.094787787646055,37.135196520382415,316.131712436676,True,ok,"LEVEL HIGH (recorded, never an exclusion here): loaded clock 1890 MHz against the 1470 MHz reference. At a duty cycle below 1.0 a HIGH reading is the experiment working, not a cell to drop.","scripts/clock_elasticity.py: bursts of N back-to-back fused_experts calls under one pinned tile, each call L2-flushed and bracketed by its own pre-primed event pair, the FIRST call of every burst discarded as a drained-queue launch, a host-side idle gap after each burst setting the sustained duty cycle, and the SM clock, board power and memory clock read through NVML with the burst still in flight; NOT timing.TIMING_BASIS",,,13.0,580.159.04,True,1,33d28339d8e211bd7fb8caf92bd340b82ae40abb,NVIDIA H200,421a523e82cb,"scripts/clock_elasticity.py: bursts of N back-to-back fused_experts calls under one pinned tile, each call L2-flushed and bracketed by its own pre-primed event pair, the FIRST call of every burst discarded as a drained-queue launch, a host-side idle gap after each burst setting the sustained duty cycle, and the SM clock, board power and memory clock read through NVML with the burst still in flight; NOT timing.TIMING_BASIS",,bandwidth=not supplied by caller; bandwidth_source=not supplied by caller; iters=not supplied by caller; ridge=not supplied by caller; ridge_source=not supplied by caller; sglang=package not installed,1,3.12.3,,,,200.0,2.13.0,3.7.1,2026-09-23T17:41:19+00:00,0.27.1,200.0
0.5,0.45767754484849443,2,0,2,mixtral-8x7b,bf16,32,64,64,4,8,4,2,64,256,32,18,3,1.1119679808616638,1.094208002090454,0.01707859295380064,558,35.93413154946433,40.22827128360146,1.1133919954299927,1.1231520175933838,True,1927.5,1935.0,1965.0,1935 1935 1950 1950 1830 1890 1890 1920 1950 1950 1950 1845 1920 1875 1920 1920 1950 1965,18,nvml,False,high,True,,1470.0,508.3845,3201.0,False,7.324732840061188,25.533305432707035,286.36566388607025,True,ok,"LEVEL HIGH (recorded, never an exclusion here): loaded clock 1928 MHz against the 1470 MHz reference. At a duty cycle below 1.0 a HIGH reading is the experiment working, not a cell to drop.","scripts/clock_elasticity.py: bursts of N back-to-back fused_experts calls under one pinned tile, each call L2-flushed and bracketed by its own pre-primed event pair, the FIRST call of every burst discarded as a drained-queue launch, a host-side idle gap after each burst setting the sustained duty cycle, and the SM clock, board power and memory clock read through NVML with the burst still in flight; NOT timing.TIMING_BASIS",,,13.0,580.159.04,True,1,33d28339d8e211bd7fb8caf92bd340b82ae40abb,NVIDIA H200,421a523e82cb,"scripts/clock_elasticity.py: bursts of N back-to-back fused_experts calls under one pinned tile, each call L2-flushed and bracketed by its own pre-primed event pair, the FIRST call of every burst discarded as a drained-queue launch, a host-side idle gap after each burst setting the sustained duty cycle, and the SM clock, board power and memory clock read through NVML with the burst still in flight; NOT timing.TIMING_BASIS",,bandwidth=not supplied by caller; bandwidth_source=not supplied by caller; iters=not supplied by caller; ridge=not supplied by caller; ridge_source=not supplied by caller; sglang=package not installed,1,3.12.3,,,,200.0,2.13.0,3.7.1,2026-09-23T17:41:19+00:00,0.27.1,200.0
0.5,0.46121447955664857,2,0,2,mixtral-8x7b,bf16,32,64,64,4,8,4,3,96,384,21,18,3,1.6440159678459167,1.6177599430084229,0.029074537944287555,360,34.932568894492256,39.21114382147789,1.6531839966773987,1.6433440446853638,True,1927.5,1920.0,1860.0,1920 1920 1935 1935 1935 1950 1950 1815 1815 1935 1935 1695 1695 1950 1965 1725 1725 1860,18,nvml,False,high,True,,1470.0,503.184,3201.0,False,5.074020475149155,17.928499247022554,208.61715185642242,True,ok,"LEVEL HIGH (recorded, never an exclusion here): loaded clock 1928 MHz against the 1470 MHz reference. At a duty cycle below 1.0 a HIGH reading is the experiment working, not a cell to drop.","scripts/clock_elasticity.py: bursts of N back-to-back fused_experts calls under one pinned tile, each call L2-flushed and bracketed by its own pre-primed event pair, the FIRST call of every burst discarded as a drained-queue launch, a host-side idle gap after each burst setting the sustained duty cycle, and the SM clock, board power and memory clock read through NVML with the burst still in flight; NOT timing.TIMING_BASIS",,,13.0,580.159.04,True,1,33d28339d8e211bd7fb8caf92bd340b82ae40abb,NVIDIA H200,421a523e82cb,"scripts/clock_elasticity.py: bursts of N back-to-back fused_experts calls under one pinned tile, each call L2-flushed and bracketed by its own pre-primed event pair, the FIRST call of every burst discarded as a drained-queue launch, a host-side idle gap after each burst setting the sustained duty cycle, and the SM clock, board power and memory clock read through NVML with the burst still in flight; NOT timing.TIMING_BASIS",,bandwidth=not supplied by caller; bandwidth_source=not supplied by caller; iters=not supplied by caller; ridge=not supplied by caller; ridge_source=not supplied by caller; sglang=package not installed,1,3.12.3,,,,200.0,2.13.0,3.7.1,2026-09-23T17:41:19+00:00,0.27.1,200.0
0.5,0.45977304636988325,2,0,2,mixtral-8x7b,bf16,32,64,64,4,8,4,4,128,512,16,18,3,2.136031985282898,2.117216110229492,0.01904443822036065,270,34.45772809452481,39.238484700520836,2.1379200220108032,2.131872057914734,True,1920.0,1920.0,1920.0,1920 1935 1935 1950 1950 1875 1935 1920 1920 1920 1935 1905 1905 1935 1965 1920 1920 1920,18,nvml,False,high,True,,1470.0,484.382,3201.0,False,4.130792338401079,13.962707022808862,206.87411165237427,True,ok,"LEVEL HIGH (recorded, never an exclusion here): loaded clock 1920 MHz against the 1470 MHz reference. At a duty cycle below 1.0 a HIGH reading is the experiment working, not a cell to drop.","scripts/clock_elasticity.py: bursts of N back-to-back fused_experts calls under one pinned tile, each call L2-flushed and bracketed by its own pre-primed event pair, the FIRST call of every burst discarded as a drained-queue launch, a host-side idle gap after each burst setting the sustained duty cycle, and the SM clock, board power and memory clock read through NVML with the burst still in flight; NOT timing.TIMING_BASIS",,,13.0,580.159.04,True,1,33d28339d8e211bd7fb8caf92bd340b82ae40abb,NVIDIA H200,421a523e82cb,"scripts/clock_elasticity.py: bursts of N back-to-back fused_experts calls under one pinned tile, each call L2-flushed and bracketed by its own pre-primed event pair, the FIRST call of every burst discarded as a drained-queue launch, a host-side idle gap after each burst setting the sustained duty cycle, and the SM clock, board power and memory clock read through NVML with the burst still in flight; NOT timing.TIMING_BASIS",,bandwidth=not supplied by caller; bandwidth_source=not supplied by caller; iters=not supplied by caller; ridge=not supplied by caller; ridge_source=not supplied by caller; sglang=package not installed,1,3.12.3,,,,200.0,2.13.0,3.7.1,2026-09-23T17:41:19+00:00,0.27.1,200.0
0.5,0.46485828773582527,2,0,2,mixtral-8x7b,bf16,32,64,64,4,8,4,5,160,640,13,18,3,2.6793919801712036,2.645440101623535,0.03674843493252863,216,35.209326201015045,39.47949135303497,2.6819519996643066,2.669312000274658,True,1912.5,1920.0,1800.0,1920 1920 1935 1950 1905 1905 1950 1950 1740 1740 1950 1965 1755 1755 1875 1965 1800 1800,18,nvml,False,high,False,dropping,1470.0,502.4845,3201.0,False,3.732960671186447,11.18188557065107,211.51728010177612,True,ok,"LEVEL HIGH (recorded, never an exclusion here): loaded clock 1912 MHz against the 1470 MHz reference. At a duty cycle below 1.0 a HIGH reading is the experiment working, not a cell to drop.; DRIFT failed, dropping: 1920 -> 1800 MHz over 18 bursts; this cell is EXCLUDED","scripts/clock_elasticity.py: bursts of N back-to-back fused_experts calls under one pinned tile, each call L2-flushed and bracketed by its own pre-primed event pair, the FIRST call of every burst discarded as a drained-queue launch, a host-side idle gap after each burst setting the sustained duty cycle, and the SM clock, board power and memory clock read through NVML with the burst still in flight; NOT timing.TIMING_BASIS",,,13.0,580.159.04,True,1,33d28339d8e211bd7fb8caf92bd340b82ae40abb,NVIDIA H200,421a523e82cb,"scripts/clock_elasticity.py: bursts of N back-to-back fused_experts calls under one pinned tile, each call L2-flushed and bracketed by its own pre-primed event pair, the FIRST call of every burst discarded as a drained-queue launch, a host-side idle gap after each burst setting the sustained duty cycle, and the SM clock, board power and memory clock read through NVML with the burst still in flight; NOT timing.TIMING_BASIS",,bandwidth=not supplied by caller; bandwidth_source=not supplied by caller; iters=not supplied by caller; ridge=not supplied by caller; ridge_source=not supplied by caller; sglang=package not installed,1,3.12.3,,,,200.0,2.13.0,3.7.1,2026-09-23T17:41:19+00:00,0.27.1,200.0
0.5,0.47144318476786706,2,0,2,mixtral-8x7b,bf16,32,64,64,4,8,4,6,192,768,11,18,3,3.200495958328247,3.1552000045776367,0.040265252467137046,180,35.42726933956146,38.82736003398895,3.210856020450592,3.1937679648399353,True,1920.0,1890.0,1905.0,1890 1890 1875 1920 1905 1905 1905 1935 1935 1935 1950 1935 1920 1920 1950 1935 1905 1905,18,nvml,False,high,True,,1470.0,506.53,3201.0,False,2.8667785227298737,9.700271950351627,212.271390914917,True,ok,"LEVEL HIGH (recorded, never an exclusion here): loaded clock 1920 MHz against the 1470 MHz reference. At a duty cycle below 1.0 a HIGH reading is the experiment working, not a cell to drop.","scripts/clock_elasticity.py: bursts of N back-to-back fused_experts calls under one pinned tile, each call L2-flushed and bracketed by its own pre-primed event pair, the FIRST call of every burst discarded as a drained-queue launch, a host-side idle gap after each burst setting the sustained duty cycle, and the SM clock, board power and memory clock read through NVML with the burst still in flight; NOT timing.TIMING_BASIS",,,13.0,580.159.04,True,1,33d28339d8e211bd7fb8caf92bd340b82ae40abb,NVIDIA H200,421a523e82cb,"scripts/clock_elasticity.py: bursts of N back-to-back fused_experts calls under one pinned tile, each call L2-flushed and bracketed by its own pre-primed event pair, the FIRST call of every burst discarded as a drained-queue launch, a host-side idle gap after each burst setting the sustained duty cycle, and the SM clock, board power and memory clock read through NVML with the burst still in flight; NOT timing.TIMING_BASIS",,bandwidth=not supplied by caller; bandwidth_source=not supplied by caller; iters=not supplied by caller; ridge=not supplied by caller; ridge_source=not supplied by caller; sglang=package not installed,1,3.12.3,,,,200.0,2.13.0,3.7.1,2026-09-23T17:41:19+00:00,0.27.1,200.0
0.5,0.4306936894837244,2,0,2,mixtral-8x7b,bf16,32,64,64,4,8,4,7,224,896,8,18,3,3.7081600427627563,3.67958402633667,0.03541855315703226,126,29.897205379274155,38.83724822998047,3.7141599655151367,3.6820000410079956,True,1935.0,1920.0,1950.0,1920 1965 1965 1965 1950 1845 1845 1965 1935 1935 1890 1965 1965 1935 1935 1905 1905 1950,18,nvml,False,high,True,,1470.0,484.506,3201.0,False,2.7567557990550995,7.2432059910365325,210.37878370285034,True,ok,"LEVEL HIGH (recorded, never an exclusion here): loaded clock 1935 MHz against the 1470 MHz reference. At a duty cycle below 1.0 a HIGH reading is the experiment working, not a cell to drop.","scripts/clock_elasticity.py: bursts of N back-to-back fused_experts calls under one pinned tile, each call L2-flushed and bracketed by its own pre-primed event pair, the FIRST call of every burst discarded as a drained-queue launch, a host-side idle gap after each burst setting the sustained duty cycle, and the SM clock, board power and memory clock read through NVML with the burst still in flight; NOT timing.TIMING_BASIS",,,13.0,580.159.04,True,1,33d28339d8e211bd7fb8caf92bd340b82ae40abb,NVIDIA H200,421a523e82cb,"scripts/clock_elasticity.py: bursts of N back-to-back fused_experts calls under one pinned tile, each call L2-flushed and bracketed by its own pre-primed event pair, the FIRST call of every burst discarded as a drained-queue launch, a host-side idle gap after each burst setting the sustained duty cycle, and the SM clock, board power and memory clock read through NVML with the burst still in flight; NOT timing.TIMING_BASIS",,bandwidth=not supplied by caller; bandwidth_source=not supplied by caller; iters=not supplied by caller; ridge=not supplied by caller; ridge_source=not supplied by caller; sglang=package not installed,1,3.12.3,,,,200.0,2.13.0,3.7.1,2026-09-23T17:41:19+00:00,0.27.1,200.0
0.5,0.4684928709974325,2,0,2,mixtral-8x7b,bf16,32,64,64,4,8,4,8,256,1024,8,18,3,4.225072145462036,4.197824001312256,0.040334036043063314,126,34.06600366698371,37.95517425537109,4.235183954238892,4.219935894012451,True,1950.0,1965.0,1920.0,1965 1965 1965 1965 1950 1905 1905 1920 1965 1860 1860 1965 1965 1965 1950 1950 1920 1920,18,nvml,False,high,True,,1470.0,486.40250000000003,3201.0,False,2.33675679191947,7.3485504627162,204.38668870925903,True,ok,"LEVEL HIGH (recorded, never an exclusion here): loaded clock 1950 MHz against the 1470 MHz reference. At a duty cycle below 1.0 a HIGH reading is the experiment working, not a cell to drop.","scripts/clock_elasticity.py: bursts of N back-to-back fused_experts calls under one pinned tile, each call L2-flushed and bracketed by its own pre-primed event pair, the FIRST call of every burst discarded as a drained-queue launch, a host-side idle gap after each burst setting the sustained duty cycle, and the SM clock, board power and memory clock read through NVML with the burst still in flight; NOT timing.TIMING_BASIS",,,13.0,580.159.04,True,1,33d28339d8e211bd7fb8caf92bd340b82ae40abb,NVIDIA H200,421a523e82cb,"scripts/clock_elasticity.py: bursts of N back-to-back fused_experts calls under one pinned tile, each call L2-flushed and bracketed by its own pre-primed event pair, the FIRST call of every burst discarded as a drained-queue launch, a host-side idle gap after each burst setting the sustained duty cycle, and the SM clock, board power and memory clock read through NVML with the burst still in flight; NOT timing.TIMING_BASIS",,bandwidth=not supplied by caller; bandwidth_source=not supplied by caller; iters=not supplied by caller; ridge=not supplied by caller; ridge_source=not supplied by caller; sglang=package not installed,1,3.12.3,,,,200.0,2.13.0,3.7.1,2026-09-23T17:41:19+00:00,0.27.1,200.0
0.5,0.4745613688543808,2,1,0,mixtral-8x7b,bf16,32,64,64,4,8,4,1,32,128,53,18,3,0.7426719963550568,0.7319679856300354,0.004007426099331469,936,39.601203587320114,40.02610884904861,0.7422080039978027,0.7433120012283325,True,1920.0,1965.0,1965.0,1965 1800 1800 1890 1935 1845 1845 1815 1815 1935 1935 1965 1710 1950 1950 1905 1965 1965,18,nvml,False,high,True,,1470.0,502.1595,3201.0,False,12.159220408648252,37.21607781752746,237.01964819431305,True,ok,"LEVEL HIGH (recorded, never an exclusion here): loaded clock 1920 MHz against the 1470 MHz reference. At a duty cycle below 1.0 a HIGH reading is the experiment working, not a cell to drop.","scripts/clock_elasticity.py: bursts of N back-to-back fused_experts calls under one pinned tile, each call L2-flushed and bracketed by its own pre-primed event pair, the FIRST call of every burst discarded as a drained-queue launch, a host-side idle gap after each burst setting the sustained duty cycle, and the SM clock, board power and memory clock read through NVML with the burst still in flight; NOT timing.TIMING_BASIS",,,13.0,580.159.04,True,1,33d28339d8e211bd7fb8caf92bd340b82ae40abb,NVIDIA H200,421a523e82cb,"scripts/clock_elasticity.py: bursts of N back-to-back fused_experts calls under one pinned tile, each call L2-flushed and bracketed by its own pre-primed event pair, the FIRST call of every burst discarded as a drained-queue launch, a host-side idle gap after each burst setting the sustained duty cycle, and the SM clock, board power and memory clock read through NVML with the burst still in flight; NOT timing.TIMING_BASIS",,bandwidth=not supplied by caller; bandwidth_source=not supplied by caller; iters=not supplied by caller; ridge=not supplied by caller; ridge_source=not supplied by caller; sglang=package not installed,1,3.12.3,,,,200.0,2.13.0,3.7.1,2026-09-23T17:41:19+00:00,0.27.1,200.0
0.5,0.45689545343667953,2,1,0,mixtral-8x7b,bf16,32,64,64,4,8,4,2,64,256,32,18,3,1.1086719632148743,1.0946240425109863,0.017449209644941586,558,35.81651194228066,40.22827128360146,1.115552008152008,1.1086719632148743,True,1935.0,1950.0,1785.0,1950 1950 1965 1800 1905 1905 1905 1950 1740 1875 1875 1935 1935 1950 1950 1935 1965 1785,18,nvml,False,high,False,dropping,1470.0,506.99350000000004,3201.0,False,7.159154862165451,25.459577607015678,216.29820704460144,True,ok,"LEVEL HIGH (recorded, never an exclusion here): loaded clock 1935 MHz against the 1470 MHz reference. At a duty cycle below 1.0 a HIGH reading is the experiment working, not a cell to drop.; DRIFT failed, dropping: 1950 -> 1785 MHz over 18 bursts; this cell is EXCLUDED","scripts/clock_elasticity.py: bursts of N back-to-back fused_experts calls under one pinned tile, each call L2-flushed and bracketed by its own pre-primed event pair, the FIRST call of every burst discarded as a drained-queue launch, a host-side idle gap after each burst setting the sustained duty cycle, and the SM clock, board power and memory clock read through NVML with the burst still in flight; NOT timing.TIMING_BASIS",,,13.0,580.159.04,True,1,33d28339d8e211bd7fb8caf92bd340b82ae40abb,NVIDIA H200,421a523e82cb,"scripts/clock_elasticity.py: bursts of N back-to-back fused_experts calls under one pinned tile, each call L2-flushed and bracketed by its own pre-primed event pair, the FIRST call of every burst discarded as a drained-queue launch, a host-side idle gap after each burst setting the sustained duty cycle, and the SM clock, board power and memory clock read through NVML with the burst still in flight; NOT timing.TIMING_BASIS",,bandwidth=not supplied by caller; bandwidth_source=not supplied by caller; iters=not supplied by caller; ridge=not supplied by caller; ridge_source=not supplied by caller; sglang=package not installed,1,3.12.3,,,,200.0,2.13.0,3.7.1,2026-09-23T17:41:19+00:00,0.27.1,200.0
0.5,0.46115514285125003,2,1,0,mixtral-8x7b,bf16,32,64,64,4,8,4,3,96,384,21,18,3,1.6436960101127625,1.6232320070266724,0.028091751965511093,360,34.92118575837877,39.21114382147789,1.6481600403785706,1.6420000195503235,True,1927.5,1935.0,1920.0,1935 1950 1815 1815 1935 1950 1950 1950 1950 1950 1725 1845 1845 1935 1830 1845 1845 1920,18,nvml,False,high,True,,1470.0,507.6545,3201.0,False,5.336329340934753,17.45647730515056,209.4400964975357,True,ok,"LEVEL HIGH (recorded, never an exclusion here): loaded clock 1928 MHz against the 1470 MHz reference. At a duty cycle below 1.0 a HIGH reading is the experiment working, not a cell to drop.","scripts/clock_elasticity.py: bursts of N back-to-back fused_experts calls under one pinned tile, each call L2-flushed and bracketed by its own pre-primed event pair, the FIRST call of every burst discarded as a drained-queue launch, a host-side idle gap after each burst setting the sustained duty cycle, and the SM clock, board power and memory clock read through NVML with the burst still in flight; NOT timing.TIMING_BASIS",,,13.0,580.159.04,True,1,33d28339d8e211bd7fb8caf92bd340b82ae40abb,NVIDIA H200,421a523e82cb,"scripts/clock_elasticity.py: bursts of N back-to-back fused_experts calls under one pinned tile, each call L2-flushed and bracketed by its own pre-primed event pair, the FIRST call of every burst discarded as a drained-queue launch, a host-side idle gap after each burst setting the sustained duty cycle, and the SM clock, board power and memory clock read through NVML with the burst still in flight; NOT timing.TIMING_BASIS",,bandwidth=not supplied by caller; bandwidth_source=not supplied by caller; iters=not supplied by caller; ridge=not supplied by caller; ridge_source=not supplied by caller; sglang=package not installed,1,3.12.3,,,,200.0,2.13.0,3.7.1,2026-09-23T17:41:19+00:00,0.27.1,200.0
0.5,0.4598728133455508,2,1,0,mixtral-8x7b,bf16,32,64,64,4,8,4,4,128,512,16,18,3,2.1362719535827637,2.1170880794525146,0.020624445742053164,270,34.4735414452023,39.238484700520836,2.1434240341186523,2.122671961784363,True,1950.0,1950.0,1950.0,1950 1950 1950 1950 1950 1950 1950 1965 1965 1950 1965 1935 1935 1950 1950 1965 1965 1950,18,nvml,False,high,True,,1470.0,479.4465,3201.0,False,4.272417165338993,13.368875003540847,206.69833636283875,True,ok,"LEVEL HIGH (recorded, never an exclusion here): loaded clock 1950 MHz against the 1470 MHz reference. At a duty cycle below 1.0 a HIGH reading is the experiment working, not a cell to drop.","scripts/clock_elasticity.py: bursts of N back-to-back fused_experts calls under one pinned tile, each call L2-flushed and bracketed by its own pre-primed event pair, the FIRST call of every burst discarded as a drained-queue launch, a host-side idle gap after each burst setting the sustained duty cycle, and the SM clock, board power and memory clock read through NVML with the burst still in flight; NOT timing.TIMING_BASIS",,,13.0,580.159.04,True,1,33d28339d8e211bd7fb8caf92bd340b82ae40abb,NVIDIA H200,421a523e82cb,"scripts/clock_elasticity.py: bursts of N back-to-back fused_experts calls under one pinned tile, each call L2-flushed and bracketed by its own pre-primed event pair, the FIRST call of every burst discarded as a drained-queue launch, a host-side idle gap after each burst setting the sustained duty cycle, and the SM clock, board power and memory clock read through NVML with the burst still in flight; NOT timing.TIMING_BASIS",,bandwidth=not supplied by caller; bandwidth_source=not supplied by caller; iters=not supplied by caller; ridge=not supplied by caller; ridge_source=not supplied by caller; sglang=package not installed,1,3.12.3,,,,200.0,2.13.0,3.7.1,2026-09-23T17:41:19+00:00,0.27.1,200.0
0.5,0.46462306478667464,2,1,0,mixtral-8x7b,bf16,32,64,64,4,8,4,5,160,640,13,18,3,2.6820160150527954,2.6471359729766846,0.0319290273638359,216,35.161109394497345,39.47949135303497,2.6870720386505127,2.6755200624465942,True,1875.0,1935.0,1875.0,1935 1950 1905 1815 1815 1950 1965 1755 1755 1950 1965 1785 1785 1860 1950 1815 1875 1875,18,nvml,False,high,True,,1470.0,500.9735,3201.0,False,3.4273378551006317,11.457852286481438,210.58934426307678,True,ok,"LEVEL HIGH (recorded, never an exclusion here): loaded clock 1875 MHz against the 1470 MHz reference. At a duty cycle below 1.0 a HIGH reading is the experiment working, not a cell to drop.","scripts/clock_elasticity.py: bursts of N back-to-back fused_experts calls under one pinned tile, each call L2-flushed and bracketed by its own pre-primed event pair, the FIRST call of every burst discarded as a drained-queue launch, a host-side idle gap after each burst setting the sustained duty cycle, and the SM clock, board power and memory clock read through NVML with the burst still in flight; NOT timing.TIMING_BASIS",,,13.0,580.159.04,True,1,33d28339d8e211bd7fb8caf92bd340b82ae40abb,NVIDIA H200,421a523e82cb,"scripts/clock_elasticity.py: bursts of N back-to-back fused_experts calls under one pinned tile, each call L2-flushed and bracketed by its own pre-primed event pair, the FIRST call of every burst discarded as a drained-queue launch, a host-side idle gap after each burst setting the sustained duty cycle, and the SM clock, board power and memory clock read through NVML with the burst still in flight; NOT timing.TIMING_BASIS",,bandwidth=not supplied by caller; bandwidth_source=not supplied by caller; iters=not supplied by caller; ridge=not supplied by caller; ridge_source=not supplied by caller; sglang=package not installed,1,3.12.3,,,,200.0,2.13.0,3.7.1,2026-09-23T17:41:19+00:00,0.27.1,200.0
0.5,0.47278823956706567,2,1,0,mixtral-8x7b,bf16,32,64,64,4,8,4,6,192,768,11,18,3,3.195599913597107,3.1541121006011963,0.057859255674422336,180,35.639422284232246,38.82736003398895,3.2091039419174194,3.1981679797172546,True,1950.0,1935.0,1950.0,1935 1935 1920 1935 1905 1905 1935 1950 1950 1950 1950 1950 1950 1950 1965 1950 1950 1950,18,nvml,False,high,True,,1470.0,498.14300000000003,3201.0,False,3.096288535743952,9.887159982137174,213.15472102165222,True,ok,"LEVEL HIGH (recorded, never an exclusion here): loaded clock 1950 MHz against the 1470 MHz reference. At a duty cycle below 1.0 a HIGH reading is the experiment working, not a cell to drop.","scripts/clock_elasticity.py: bursts of N back-to-back fused_experts calls under one pinned tile, each call L2-flushed and bracketed by its own pre-primed event pair, the FIRST call of every burst discarded as a drained-queue launch, a host-side idle gap after each burst setting the sustained duty cycle, and the SM clock, board power and memory clock read through NVML with the burst still in flight; NOT timing.TIMING_BASIS",,,13.0,580.159.04,True,1,33d28339d8e211bd7fb8caf92bd340b82ae40abb,NVIDIA H200,421a523e82cb,"scripts/clock_elasticity.py: bursts of N back-to-back fused_experts calls under one pinned tile, each call L2-flushed and bracketed by its own pre-primed event pair, the FIRST call of every burst discarded as a drained-queue launch, a host-side idle gap after each burst setting the sustained duty cycle, and the SM clock, board power and memory clock read through NVML with the burst still in flight; NOT timing.TIMING_BASIS",,bandwidth=not supplied by caller; bandwidth_source=not supplied by caller; iters=not supplied by caller; ridge=not supplied by caller; ridge_source=not supplied by caller; sglang=package not installed,1,3.12.3,,,,200.0,2.13.0,3.7.1,2026-09-23T17:41:19+00:00,0.27.1,200.0
0.5,0.431470466262098,2,1,0,mixtral-8x7b,bf16,32,64,64,4,8,4,7,224,896,8,18,3,3.7106080055236816,3.6792640686035156,0.04416086974468708,126,29.99829155868954,38.83724822998047,3.714800000190735,3.700127959251404,True,1927.5,1950.0,1965.0,1950 1890 1890 1965 1950 1920 1920 1965 1965 1965 1935 1830 1830 1965 1905 1905 1875 1965,18,nvml,False,high,True,,1470.0,480.7375,3201.0,False,2.770194783806801,6.8078799120434486,209.78281497955322,True,ok,"LEVEL HIGH (recorded, never an exclusion here): loaded clock 1928 MHz against the 1470 MHz reference. At a duty cycle below 1.0 a HIGH reading is the experiment working, not a cell to drop.","scripts/clock_elasticity.py: bursts of N back-to-back fused_experts calls under one pinned tile, each call L2-flushed and bracketed by its own pre-primed event pair, the FIRST call of every burst discarded as a drained-queue launch, a host-side idle gap after each burst setting the sustained duty cycle, and the SM clock, board power and memory clock read through NVML with the burst still in flight; NOT timing.TIMING_BASIS",,,13.0,580.159.04,True,1,33d28339d8e211bd7fb8caf92bd340b82ae40abb,NVIDIA H200,421a523e82cb,"scripts/clock_elasticity.py: bursts of N back-to-back fused_experts calls under one pinned tile, each call L2-flushed and bracketed by its own pre-primed event pair, the FIRST call of every burst discarded as a drained-queue launch, a host-side idle gap after each burst setting the sustained duty cycle, and the SM clock, board power and memory clock read through NVML with the burst still in flight; NOT timing.TIMING_BASIS",,bandwidth=not supplied by caller; bandwidth_source=not supplied by caller; iters=not supplied by caller; ridge=not supplied by caller; ridge_source=not supplied by caller; sglang=package not installed,1,3.12.3,,,,200.0,2.13.0,3.7.1,2026-09-23T17:41:19+00:00,0.27.1,200.0
