block_m,rows_per_expert,tiles,tokens,rep,ms_p50,ms_min,ms_stdev,iters,sm_clock_load_mhz,sm_clock_start_mhz,sm_clock_end_mhz,clock_level_ok,clock_drift_ok,clock_level_side,instrument,warmup_ms,trials,l2_flush,status,detail,prov_bandwidth,prov_bandwidth_source,prov_cuda_version,prov_driver_version,prov_git_dirty,prov_git_dirty_files,prov_git_sha,prov_gpu_name,prov_hostname,prov_instrument,prov_iters,prov_missing,prov_provenance_version,prov_python,prov_ridge,prov_ridge_source,prov_sglang,prov_target_ms,prov_torch,prov_triton,prov_utc,prov_vllm,prov_warmup_ms
256,256,1,1024,1,1.9288640022277832,1.7730560302734375,0.11631175111553813,206,1725.0,1875.0,1725.0,False,False,high,queue-deep/l2-flush/clock-under-load/v3,333.1605136394501,3,True,ok,,4374.549151491332,"measured on this device: NVIDIA H200 (measured), 668.5 TFLOP/s bf16 over 4374.5 GB/s; calibrated 2026-09-09 at 981a42f6",13.0,580.159.04,True,1,981a42f6caeb8b634a6a2e62113cc622d75910bc,NVIDIA H200,238b79f71e94,queue-deep/l2-flush/clock-under-load/v3,,iters=not supplied by caller; sglang=package not installed,1,3.12.3,152.8120650229884,"measured on this device: NVIDIA H200 (measured), 668.5 TFLOP/s bf16 over 4374.5 GB/s; calibrated 2026-09-09 at 981a42f6",,400.0,2.13.0,3.7.1,2026-09-09T16:41:24+00:00,0.27.1,300.0
256,512,2,2048,1,3.9250400066375732,3.81443190574646,0.0595432623719859,100,1665.0,1635.0,1665.0,False,True,high,queue-deep/l2-flush/clock-under-load/v3,334.45187067985535,3,True,ok,,4374.549151491332,"measured on this device: NVIDIA H200 (measured), 668.5 TFLOP/s bf16 over 4374.5 GB/s; calibrated 2026-09-09 at 981a42f6",13.0,580.159.04,True,1,981a42f6caeb8b634a6a2e62113cc622d75910bc,NVIDIA H200,238b79f71e94,queue-deep/l2-flush/clock-under-load/v3,,iters=not supplied by caller; sglang=package not installed,1,3.12.3,152.8120650229884,"measured on this device: NVIDIA H200 (measured), 668.5 TFLOP/s bf16 over 4374.5 GB/s; calibrated 2026-09-09 at 981a42f6",,400.0,2.13.0,3.7.1,2026-09-09T16:41:24+00:00,0.27.1,300.0
256,1024,4,4096,1,7.8193440437316895,7.639967918395996,0.13553604440071704,50,1635.0,1680.0,1635.0,False,True,high,queue-deep/l2-flush/clock-under-load/v3,332.1145887374878,3,True,ok,,4374.549151491332,"measured on this device: NVIDIA H200 (measured), 668.5 TFLOP/s bf16 over 4374.5 GB/s; calibrated 2026-09-09 at 981a42f6",13.0,580.159.04,True,1,981a42f6caeb8b634a6a2e62113cc622d75910bc,NVIDIA H200,238b79f71e94,queue-deep/l2-flush/clock-under-load/v3,,iters=not supplied by caller; sglang=package not installed,1,3.12.3,152.8120650229884,"measured on this device: NVIDIA H200 (measured), 668.5 TFLOP/s bf16 over 4374.5 GB/s; calibrated 2026-09-09 at 981a42f6",,400.0,2.13.0,3.7.1,2026-09-09T16:41:24+00:00,0.27.1,300.0
256,2048,8,8192,1,15.861632347106934,15.411744117736816,0.7211228792160028,25,1620.0,1665.0,1620.0,False,True,high,queue-deep/l2-flush/clock-under-load/v3,323.13967990875244,3,True,ok,,4374.549151491332,"measured on this device: NVIDIA H200 (measured), 668.5 TFLOP/s bf16 over 4374.5 GB/s; calibrated 2026-09-09 at 981a42f6",13.0,580.159.04,True,1,981a42f6caeb8b634a6a2e62113cc622d75910bc,NVIDIA H200,238b79f71e94,queue-deep/l2-flush/clock-under-load/v3,,iters=not supplied by caller; sglang=package not installed,1,3.12.3,152.8120650229884,"measured on this device: NVIDIA H200 (measured), 668.5 TFLOP/s bf16 over 4374.5 GB/s; calibrated 2026-09-09 at 981a42f6",,400.0,2.13.0,3.7.1,2026-09-09T16:41:24+00:00,0.27.1,300.0
256,4096,16,16384,1,32.22727966308594,31.766752243041992,2.3179586203402085,12,1680.0,1680.0,1680.0,False,True,high,queue-deep/l2-flush/clock-under-load/v3,349.79408073425293,3,True,ok,,4374.549151491332,"measured on this device: NVIDIA H200 (measured), 668.5 TFLOP/s bf16 over 4374.5 GB/s; calibrated 2026-09-09 at 981a42f6",13.0,580.159.04,True,1,981a42f6caeb8b634a6a2e62113cc622d75910bc,NVIDIA H200,238b79f71e94,queue-deep/l2-flush/clock-under-load/v3,,iters=not supplied by caller; sglang=package not installed,1,3.12.3,152.8120650229884,"measured on this device: NVIDIA H200 (measured), 668.5 TFLOP/s bf16 over 4374.5 GB/s; calibrated 2026-09-09 at 981a42f6",,400.0,2.13.0,3.7.1,2026-09-09T16:41:24+00:00,0.27.1,300.0
256,256,1,1024,2,2.0015039443969727,1.9262080192565918,0.05640757961506318,188,1665.0,1560.0,1650.0,False,False,high,queue-deep/l2-flush/clock-under-load/v3,341.4583041667938,3,True,ok,,4374.549151491332,"measured on this device: NVIDIA H200 (measured), 668.5 TFLOP/s bf16 over 4374.5 GB/s; calibrated 2026-09-09 at 981a42f6",13.0,580.159.04,True,1,981a42f6caeb8b634a6a2e62113cc622d75910bc,NVIDIA H200,238b79f71e94,queue-deep/l2-flush/clock-under-load/v3,,iters=not supplied by caller; sglang=package not installed,1,3.12.3,152.8120650229884,"measured on this device: NVIDIA H200 (measured), 668.5 TFLOP/s bf16 over 4374.5 GB/s; calibrated 2026-09-09 at 981a42f6",,400.0,2.13.0,3.7.1,2026-09-09T16:41:24+00:00,0.27.1,300.0
256,512,2,2048,2,3.8869760036468506,3.7481279373168945,0.12626237780959293,103,1687.5,1725.0,1695.0,False,True,high,queue-deep/l2-flush/clock-under-load/v3,325.4447383880615,3,True,ok,,4374.549151491332,"measured on this device: NVIDIA H200 (measured), 668.5 TFLOP/s bf16 over 4374.5 GB/s; calibrated 2026-09-09 at 981a42f6",13.0,580.159.04,True,1,981a42f6caeb8b634a6a2e62113cc622d75910bc,NVIDIA H200,238b79f71e94,queue-deep/l2-flush/clock-under-load/v3,,iters=not supplied by caller; sglang=package not installed,1,3.12.3,152.8120650229884,"measured on this device: NVIDIA H200 (measured), 668.5 TFLOP/s bf16 over 4374.5 GB/s; calibrated 2026-09-09 at 981a42f6",,400.0,2.13.0,3.7.1,2026-09-09T16:41:24+00:00,0.27.1,300.0
256,1024,4,4096,2,7.855119943618774,7.639711856842041,0.2237368191567615,50,1650.0,1605.0,1650.0,False,True,high,queue-deep/l2-flush/clock-under-load/v3,334.4463667869568,3,True,ok,,4374.549151491332,"measured on this device: NVIDIA H200 (measured), 668.5 TFLOP/s bf16 over 4374.5 GB/s; calibrated 2026-09-09 at 981a42f6",13.0,580.159.04,True,1,981a42f6caeb8b634a6a2e62113cc622d75910bc,NVIDIA H200,238b79f71e94,queue-deep/l2-flush/clock-under-load/v3,,iters=not supplied by caller; sglang=package not installed,1,3.12.3,152.8120650229884,"measured on this device: NVIDIA H200 (measured), 668.5 TFLOP/s bf16 over 4374.5 GB/s; calibrated 2026-09-09 at 981a42f6",,400.0,2.13.0,3.7.1,2026-09-09T16:41:24+00:00,0.27.1,300.0
256,2048,8,8192,2,15.698431968688965,15.117792129516602,0.8071664057917713,25,1650.0,1680.0,1680.0,False,True,high,queue-deep/l2-flush/clock-under-load/v3,321.55542373657227,3,True,ok,,4374.549151491332,"measured on this device: NVIDIA H200 (measured), 668.5 TFLOP/s bf16 over 4374.5 GB/s; calibrated 2026-09-09 at 981a42f6",13.0,580.159.04,True,1,981a42f6caeb8b634a6a2e62113cc622d75910bc,NVIDIA H200,238b79f71e94,queue-deep/l2-flush/clock-under-load/v3,,iters=not supplied by caller; sglang=package not installed,1,3.12.3,152.8120650229884,"measured on this device: NVIDIA H200 (measured), 668.5 TFLOP/s bf16 over 4374.5 GB/s; calibrated 2026-09-09 at 981a42f6",,400.0,2.13.0,3.7.1,2026-09-09T16:41:24+00:00,0.27.1,300.0
256,4096,16,16384,2,32.29086494445801,31.769472122192383,2.169531027001258,12,1665.0,1680.0,1695.0,False,True,high,queue-deep/l2-flush/clock-under-load/v3,351.9263458251953,3,True,ok,,4374.549151491332,"measured on this device: NVIDIA H200 (measured), 668.5 TFLOP/s bf16 over 4374.5 GB/s; calibrated 2026-09-09 at 981a42f6",13.0,580.159.04,True,1,981a42f6caeb8b634a6a2e62113cc622d75910bc,NVIDIA H200,238b79f71e94,queue-deep/l2-flush/clock-under-load/v3,,iters=not supplied by caller; sglang=package not installed,1,3.12.3,152.8120650229884,"measured on this device: NVIDIA H200 (measured), 668.5 TFLOP/s bf16 over 4374.5 GB/s; calibrated 2026-09-09 at 981a42f6",,400.0,2.13.0,3.7.1,2026-09-09T16:41:24+00:00,0.27.1,300.0
256,256,1,1024,3,2.002575993537903,1.9127039909362793,0.06048075717585438,188,1680.0,1575.0,1605.0,False,True,high,queue-deep/l2-flush/clock-under-load/v3,337.31056094169617,3,True,ok,,4374.549151491332,"measured on this device: NVIDIA H200 (measured), 668.5 TFLOP/s bf16 over 4374.5 GB/s; calibrated 2026-09-09 at 981a42f6",13.0,580.159.04,True,1,981a42f6caeb8b634a6a2e62113cc622d75910bc,NVIDIA H200,238b79f71e94,queue-deep/l2-flush/clock-under-load/v3,,iters=not supplied by caller; sglang=package not installed,1,3.12.3,152.8120650229884,"measured on this device: NVIDIA H200 (measured), 668.5 TFLOP/s bf16 over 4374.5 GB/s; calibrated 2026-09-09 at 981a42f6",,400.0,2.13.0,3.7.1,2026-09-09T16:41:24+00:00,0.27.1,300.0
256,512,2,2048,3,3.9277759790420532,3.6351680755615234,0.11363337558591696,104,1665.0,1710.0,1650.0,False,True,high,queue-deep/l2-flush/clock-under-load/v3,330.38969469070435,3,True,ok,,4374.549151491332,"measured on this device: NVIDIA H200 (measured), 668.5 TFLOP/s bf16 over 4374.5 GB/s; calibrated 2026-09-09 at 981a42f6",13.0,580.159.04,True,1,981a42f6caeb8b634a6a2e62113cc622d75910bc,NVIDIA H200,238b79f71e94,queue-deep/l2-flush/clock-under-load/v3,,iters=not supplied by caller; sglang=package not installed,1,3.12.3,152.8120650229884,"measured on this device: NVIDIA H200 (measured), 668.5 TFLOP/s bf16 over 4374.5 GB/s; calibrated 2026-09-09 at 981a42f6",,400.0,2.13.0,3.7.1,2026-09-09T16:41:24+00:00,0.27.1,300.0
256,1024,4,4096,3,7.825568199157715,7.709343910217285,0.2214445009589619,49,1665.0,1575.0,1650.0,False,True,high,queue-deep/l2-flush/clock-under-load/v3,340.6222081184387,3,True,ok,,4374.549151491332,"measured on this device: NVIDIA H200 (measured), 668.5 TFLOP/s bf16 over 4374.5 GB/s; calibrated 2026-09-09 at 981a42f6",13.0,580.159.04,True,1,981a42f6caeb8b634a6a2e62113cc622d75910bc,NVIDIA H200,238b79f71e94,queue-deep/l2-flush/clock-under-load/v3,,iters=not supplied by caller; sglang=package not installed,1,3.12.3,152.8120650229884,"measured on this device: NVIDIA H200 (measured), 668.5 TFLOP/s bf16 over 4374.5 GB/s; calibrated 2026-09-09 at 981a42f6",,400.0,2.13.0,3.7.1,2026-09-09T16:41:24+00:00,0.27.1,300.0
256,2048,8,8192,3,15.723423957824707,15.11945629119873,0.8325216543776313,25,1635.0,1680.0,1650.0,False,True,high,queue-deep/l2-flush/clock-under-load/v3,324.06220722198486,3,True,ok,,4374.549151491332,"measured on this device: NVIDIA H200 (measured), 668.5 TFLOP/s bf16 over 4374.5 GB/s; calibrated 2026-09-09 at 981a42f6",13.0,580.159.04,True,1,981a42f6caeb8b634a6a2e62113cc622d75910bc,NVIDIA H200,238b79f71e94,queue-deep/l2-flush/clock-under-load/v3,,iters=not supplied by caller; sglang=package not installed,1,3.12.3,152.8120650229884,"measured on this device: NVIDIA H200 (measured), 668.5 TFLOP/s bf16 over 4374.5 GB/s; calibrated 2026-09-09 at 981a42f6",,400.0,2.13.0,3.7.1,2026-09-09T16:41:24+00:00,0.27.1,300.0
256,4096,16,16384,3,32.57878494262695,31.992671966552734,2.039595963369745,12,1665.0,1665.0,1680.0,False,True,high,queue-deep/l2-flush/clock-under-load/v3,351.07654190063477,3,True,ok,,4374.549151491332,"measured on this device: NVIDIA H200 (measured), 668.5 TFLOP/s bf16 over 4374.5 GB/s; calibrated 2026-09-09 at 981a42f6",13.0,580.159.04,True,1,981a42f6caeb8b634a6a2e62113cc622d75910bc,NVIDIA H200,238b79f71e94,queue-deep/l2-flush/clock-under-load/v3,,iters=not supplied by caller; sglang=package not installed,1,3.12.3,152.8120650229884,"measured on this device: NVIDIA H200 (measured), 668.5 TFLOP/s bf16 over 4374.5 GB/s; calibrated 2026-09-09 at 981a42f6",,400.0,2.13.0,3.7.1,2026-09-09T16:41:24+00:00,0.27.1,300.0
128,32,1,128,1,0.9484640061855316,0.9047999978065491,0.07999016421949592,418,1785.0,1785.0,1785.0,False,True,high,queue-deep/l2-flush/clock-under-load/v3,340.98185616731644,3,True,ok,,4374.549151491332,"measured on this device: NVIDIA H200 (measured), 668.5 TFLOP/s bf16 over 4374.5 GB/s; calibrated 2026-09-09 at 981a42f6",13.0,580.159.04,True,1,981a42f6caeb8b634a6a2e62113cc622d75910bc,NVIDIA H200,238b79f71e94,queue-deep/l2-flush/clock-under-load/v3,,iters=not supplied by caller; sglang=package not installed,1,3.12.3,152.8120650229884,"measured on this device: NVIDIA H200 (measured), 668.5 TFLOP/s bf16 over 4374.5 GB/s; calibrated 2026-09-09 at 981a42f6",,400.0,2.13.0,3.7.1,2026-09-09T16:41:24+00:00,0.27.1,300.0
128,64,1,256,1,1.0514880418777466,0.9913600087165833,0.04220796750940883,361,1597.5,1545.0,1590.0,False,True,high,queue-deep/l2-flush/clock-under-load/v3,340.4463976621628,3,True,ok,,4374.549151491332,"measured on this device: NVIDIA H200 (measured), 668.5 TFLOP/s bf16 over 4374.5 GB/s; calibrated 2026-09-09 at 981a42f6",13.0,580.159.04,True,1,981a42f6caeb8b634a6a2e62113cc622d75910bc,NVIDIA H200,238b79f71e94,queue-deep/l2-flush/clock-under-load/v3,,iters=not supplied by caller; sglang=package not installed,1,3.12.3,152.8120650229884,"measured on this device: NVIDIA H200 (measured), 668.5 TFLOP/s bf16 over 4374.5 GB/s; calibrated 2026-09-09 at 981a42f6",,400.0,2.13.0,3.7.1,2026-09-09T16:41:24+00:00,0.27.1,300.0
128,128,1,512,1,1.1334559917449951,1.064512014389038,0.027179050931661338,360,1410.0,1425.0,1380.0,False,True,low,queue-deep/l2-flush/clock-under-load/v3,344.18854343891144,3,True,ok,,4374.549151491332,"measured on this device: NVIDIA H200 (measured), 668.5 TFLOP/s bf16 over 4374.5 GB/s; calibrated 2026-09-09 at 981a42f6",13.0,580.159.04,True,1,981a42f6caeb8b634a6a2e62113cc622d75910bc,NVIDIA H200,238b79f71e94,queue-deep/l2-flush/clock-under-load/v3,,iters=not supplied by caller; sglang=package not installed,1,3.12.3,152.8120650229884,"measured on this device: NVIDIA H200 (measured), 668.5 TFLOP/s bf16 over 4374.5 GB/s; calibrated 2026-09-09 at 981a42f6",,400.0,2.13.0,3.7.1,2026-09-09T16:41:24+00:00,0.27.1,300.0
128,256,2,1024,1,2.182176113128662,2.1230719089508057,0.034923960849531366,183,1410.0,1410.0,1425.0,False,True,low,queue-deep/l2-flush/clock-under-load/v3,329.3349437713623,3,True,ok,,4374.549151491332,"measured on this device: NVIDIA H200 (measured), 668.5 TFLOP/s bf16 over 4374.5 GB/s; calibrated 2026-09-09 at 981a42f6",13.0,580.159.04,True,1,981a42f6caeb8b634a6a2e62113cc622d75910bc,NVIDIA H200,238b79f71e94,queue-deep/l2-flush/clock-under-load/v3,,iters=not supplied by caller; sglang=package not installed,1,3.12.3,152.8120650229884,"measured on this device: NVIDIA H200 (measured), 668.5 TFLOP/s bf16 over 4374.5 GB/s; calibrated 2026-09-09 at 981a42f6",,400.0,2.13.0,3.7.1,2026-09-09T16:41:24+00:00,0.27.1,300.0
128,512,4,2048,1,4.34819221496582,4.333407878875732,0.05884287353644756,91,1395.0,1380.0,1395.0,False,True,low,queue-deep/l2-flush/clock-under-load/v3,342.48323130607605,3,True,ok,,4374.549151491332,"measured on this device: NVIDIA H200 (measured), 668.5 TFLOP/s bf16 over 4374.5 GB/s; calibrated 2026-09-09 at 981a42f6",13.0,580.159.04,True,1,981a42f6caeb8b634a6a2e62113cc622d75910bc,NVIDIA H200,238b79f71e94,queue-deep/l2-flush/clock-under-load/v3,,iters=not supplied by caller; sglang=package not installed,1,3.12.3,152.8120650229884,"measured on this device: NVIDIA H200 (measured), 668.5 TFLOP/s bf16 over 4374.5 GB/s; calibrated 2026-09-09 at 981a42f6",,400.0,2.13.0,3.7.1,2026-09-09T16:41:24+00:00,0.27.1,300.0
128,1024,8,4096,1,8.648512363433838,8.619263648986816,0.24201801758595606,46,1395.0,1395.0,1380.0,False,True,low,queue-deep/l2-flush/clock-under-load/v3,324.25846576690674,3,True,ok,,4374.549151491332,"measured on this device: NVIDIA H200 (measured), 668.5 TFLOP/s bf16 over 4374.5 GB/s; calibrated 2026-09-09 at 981a42f6",13.0,580.159.04,True,1,981a42f6caeb8b634a6a2e62113cc622d75910bc,NVIDIA H200,238b79f71e94,queue-deep/l2-flush/clock-under-load/v3,,iters=not supplied by caller; sglang=package not installed,1,3.12.3,152.8120650229884,"measured on this device: NVIDIA H200 (measured), 668.5 TFLOP/s bf16 over 4374.5 GB/s; calibrated 2026-09-09 at 981a42f6",,400.0,2.13.0,3.7.1,2026-09-09T16:41:24+00:00,0.27.1,300.0
128,2048,16,8192,1,17.44472026824951,17.22857666015625,1.1946378645765767,22,1395.0,1425.0,1395.0,False,True,low,queue-deep/l2-flush/clock-under-load/v3,322.17324924468994,3,True,ok,,4374.549151491332,"measured on this device: NVIDIA H200 (measured), 668.5 TFLOP/s bf16 over 4374.5 GB/s; calibrated 2026-09-09 at 981a42f6",13.0,580.159.04,True,1,981a42f6caeb8b634a6a2e62113cc622d75910bc,NVIDIA H200,238b79f71e94,queue-deep/l2-flush/clock-under-load/v3,,iters=not supplied by caller; sglang=package not installed,1,3.12.3,152.8120650229884,"measured on this device: NVIDIA H200 (measured), 668.5 TFLOP/s bf16 over 4374.5 GB/s; calibrated 2026-09-09 at 981a42f6",,400.0,2.13.0,3.7.1,2026-09-09T16:41:24+00:00,0.27.1,300.0
128,4096,32,16384,1,36.493408203125,35.923553466796875,3.181252902207493,10,1425.0,1455.0,1425.0,True,True,,queue-deep/l2-flush/clock-under-load/v3,358.45989990234375,3,True,ok,,4374.549151491332,"measured on this device: NVIDIA H200 (measured), 668.5 TFLOP/s bf16 over 4374.5 GB/s; calibrated 2026-09-09 at 981a42f6",13.0,580.159.04,True,1,981a42f6caeb8b634a6a2e62113cc622d75910bc,NVIDIA H200,238b79f71e94,queue-deep/l2-flush/clock-under-load/v3,,iters=not supplied by caller; sglang=package not installed,1,3.12.3,152.8120650229884,"measured on this device: NVIDIA H200 (measured), 668.5 TFLOP/s bf16 over 4374.5 GB/s; calibrated 2026-09-09 at 981a42f6",,400.0,2.13.0,3.7.1,2026-09-09T16:41:24+00:00,0.27.1,300.0
128,32,1,128,2,1.0008000135421753,0.9432640075683594,0.027873989885349518,369,1680.0,1560.0,1650.0,False,False,high,queue-deep/l2-flush/clock-under-load/v3,337.3059173822403,3,True,ok,,4374.549151491332,"measured on this device: NVIDIA H200 (measured), 668.5 TFLOP/s bf16 over 4374.5 GB/s; calibrated 2026-09-09 at 981a42f6",13.0,580.159.04,True,1,981a42f6caeb8b634a6a2e62113cc622d75910bc,NVIDIA H200,238b79f71e94,queue-deep/l2-flush/clock-under-load/v3,,iters=not supplied by caller; sglang=package not installed,1,3.12.3,152.8120650229884,"measured on this device: NVIDIA H200 (measured), 668.5 TFLOP/s bf16 over 4374.5 GB/s; calibrated 2026-09-09 at 981a42f6",,400.0,2.13.0,3.7.1,2026-09-09T16:41:24+00:00,0.27.1,300.0
128,64,1,256,2,1.0669119954109192,0.9927039742469788,0.029631082915814858,380,1590.0,1605.0,1590.0,False,True,high,queue-deep/l2-flush/clock-under-load/v3,341.1873606443405,3,True,ok,,4374.549151491332,"measured on this device: NVIDIA H200 (measured), 668.5 TFLOP/s bf16 over 4374.5 GB/s; calibrated 2026-09-09 at 981a42f6",13.0,580.159.04,True,1,981a42f6caeb8b634a6a2e62113cc622d75910bc,NVIDIA H200,238b79f71e94,queue-deep/l2-flush/clock-under-load/v3,,iters=not supplied by caller; sglang=package not installed,1,3.12.3,152.8120650229884,"measured on this device: NVIDIA H200 (measured), 668.5 TFLOP/s bf16 over 4374.5 GB/s; calibrated 2026-09-09 at 981a42f6",,400.0,2.13.0,3.7.1,2026-09-09T16:41:24+00:00,0.27.1,300.0
128,128,1,512,2,1.1317119598388672,1.0337920188903809,0.018363869803793866,351,1410.0,1395.0,1410.0,False,True,low,queue-deep/l2-flush/clock-under-load/v3,340.83977711200714,3,True,ok,,4374.549151491332,"measured on this device: NVIDIA H200 (measured), 668.5 TFLOP/s bf16 over 4374.5 GB/s; calibrated 2026-09-09 at 981a42f6",13.0,580.159.04,True,1,981a42f6caeb8b634a6a2e62113cc622d75910bc,NVIDIA H200,238b79f71e94,queue-deep/l2-flush/clock-under-load/v3,,iters=not supplied by caller; sglang=package not installed,1,3.12.3,152.8120650229884,"measured on this device: NVIDIA H200 (measured), 668.5 TFLOP/s bf16 over 4374.5 GB/s; calibrated 2026-09-09 at 981a42f6",,400.0,2.13.0,3.7.1,2026-09-09T16:41:24+00:00,0.27.1,300.0
128,256,2,1024,2,2.200752019882202,2.1438400745391846,0.030721857697647306,182,1402.5,1425.0,1410.0,False,True,low,queue-deep/l2-flush/clock-under-load/v3,339.18704175949097,3,True,ok,,4374.549151491332,"measured on this device: NVIDIA H200 (measured), 668.5 TFLOP/s bf16 over 4374.5 GB/s; calibrated 2026-09-09 at 981a42f6",13.0,580.159.04,True,1,981a42f6caeb8b634a6a2e62113cc622d75910bc,NVIDIA H200,238b79f71e94,queue-deep/l2-flush/clock-under-load/v3,,iters=not supplied by caller; sglang=package not installed,1,3.12.3,152.8120650229884,"measured on this device: NVIDIA H200 (measured), 668.5 TFLOP/s bf16 over 4374.5 GB/s; calibrated 2026-09-09 at 981a42f6",,400.0,2.13.0,3.7.1,2026-09-09T16:41:24+00:00,0.27.1,300.0
128,512,4,2048,2,4.345215797424316,4.280640125274658,0.05724890319483661,91,1395.0,1395.0,1395.0,False,True,low,queue-deep/l2-flush/clock-under-load/v3,340.4927372932434,3,True,ok,,4374.549151491332,"measured on this device: NVIDIA H200 (measured), 668.5 TFLOP/s bf16 over 4374.5 GB/s; calibrated 2026-09-09 at 981a42f6",13.0,580.159.04,True,1,981a42f6caeb8b634a6a2e62113cc622d75910bc,NVIDIA H200,238b79f71e94,queue-deep/l2-flush/clock-under-load/v3,,iters=not supplied by caller; sglang=package not installed,1,3.12.3,152.8120650229884,"measured on this device: NVIDIA H200 (measured), 668.5 TFLOP/s bf16 over 4374.5 GB/s; calibrated 2026-09-09 at 981a42f6",,400.0,2.13.0,3.7.1,2026-09-09T16:41:24+00:00,0.27.1,300.0
128,1024,8,4096,2,8.655488014221191,8.399519920349121,0.23308249289355673,46,1395.0,1410.0,1395.0,False,True,low,queue-deep/l2-flush/clock-under-load/v3,323.3770594596863,3,True,ok,,4374.549151491332,"measured on this device: NVIDIA H200 (measured), 668.5 TFLOP/s bf16 over 4374.5 GB/s; calibrated 2026-09-09 at 981a42f6",13.0,580.159.04,True,1,981a42f6caeb8b634a6a2e62113cc622d75910bc,NVIDIA H200,238b79f71e94,queue-deep/l2-flush/clock-under-load/v3,,iters=not supplied by caller; sglang=package not installed,1,3.12.3,152.8120650229884,"measured on this device: NVIDIA H200 (measured), 668.5 TFLOP/s bf16 over 4374.5 GB/s; calibrated 2026-09-09 at 981a42f6",,400.0,2.13.0,3.7.1,2026-09-09T16:41:24+00:00,0.27.1,300.0
128,2048,16,8192,2,17.500160217285156,17.249727249145508,1.1360299545014139,23,1395.0,1395.0,1395.0,False,True,low,queue-deep/l2-flush/clock-under-load/v3,326.2603187561035,3,True,ok,,4374.549151491332,"measured on this device: NVIDIA H200 (measured), 668.5 TFLOP/s bf16 over 4374.5 GB/s; calibrated 2026-09-09 at 981a42f6",13.0,580.159.04,True,1,981a42f6caeb8b634a6a2e62113cc622d75910bc,NVIDIA H200,238b79f71e94,queue-deep/l2-flush/clock-under-load/v3,,iters=not supplied by caller; sglang=package not installed,1,3.12.3,152.8120650229884,"measured on this device: NVIDIA H200 (measured), 668.5 TFLOP/s bf16 over 4374.5 GB/s; calibrated 2026-09-09 at 981a42f6",,400.0,2.13.0,3.7.1,2026-09-09T16:41:24+00:00,0.27.1,300.0
128,4096,32,16384,2,36.50230407714844,36.066017150878906,3.0942771016796153,11,1425.0,1440.0,1425.0,True,True,,queue-deep/l2-flush/clock-under-load/v3,357.9954261779785,3,True,ok,,4374.549151491332,"measured on this device: NVIDIA H200 (measured), 668.5 TFLOP/s bf16 over 4374.5 GB/s; calibrated 2026-09-09 at 981a42f6",13.0,580.159.04,True,1,981a42f6caeb8b634a6a2e62113cc622d75910bc,NVIDIA H200,238b79f71e94,queue-deep/l2-flush/clock-under-load/v3,,iters=not supplied by caller; sglang=package not installed,1,3.12.3,152.8120650229884,"measured on this device: NVIDIA H200 (measured), 668.5 TFLOP/s bf16 over 4374.5 GB/s; calibrated 2026-09-09 at 981a42f6",,400.0,2.13.0,3.7.1,2026-09-09T16:41:24+00:00,0.27.1,300.0
128,32,1,128,3,0.9948800206184387,0.9381759762763977,0.02649923909346207,383,1710.0,1620.0,1710.0,False,False,high,queue-deep/l2-flush/clock-under-load/v3,337.579102396965,3,True,ok,,4374.549151491332,"measured on this device: NVIDIA H200 (measured), 668.5 TFLOP/s bf16 over 4374.5 GB/s; calibrated 2026-09-09 at 981a42f6",13.0,580.159.04,True,1,981a42f6caeb8b634a6a2e62113cc622d75910bc,NVIDIA H200,238b79f71e94,queue-deep/l2-flush/clock-under-load/v3,,iters=not supplied by caller; sglang=package not installed,1,3.12.3,152.8120650229884,"measured on this device: NVIDIA H200 (measured), 668.5 TFLOP/s bf16 over 4374.5 GB/s; calibrated 2026-09-09 at 981a42f6",,400.0,2.13.0,3.7.1,2026-09-09T16:41:24+00:00,0.27.1,300.0
128,64,1,256,3,1.081503987312317,0.9492800235748291,0.03372657585983065,372,1575.0,1575.0,1530.0,False,True,high,queue-deep/l2-flush/clock-under-load/v3,340.2097896337509,3,True,ok,,4374.549151491332,"measured on this device: NVIDIA H200 (measured), 668.5 TFLOP/s bf16 over 4374.5 GB/s; calibrated 2026-09-09 at 981a42f6",13.0,580.159.04,True,1,981a42f6caeb8b634a6a2e62113cc622d75910bc,NVIDIA H200,238b79f71e94,queue-deep/l2-flush/clock-under-load/v3,,iters=not supplied by caller; sglang=package not installed,1,3.12.3,152.8120650229884,"measured on this device: NVIDIA H200 (measured), 668.5 TFLOP/s bf16 over 4374.5 GB/s; calibrated 2026-09-09 at 981a42f6",,400.0,2.13.0,3.7.1,2026-09-09T16:41:24+00:00,0.27.1,300.0
128,128,1,512,3,1.1310080289840698,0.9913920164108276,0.027191191863507404,353,1425.0,1500.0,1425.0,True,True,,queue-deep/l2-flush/clock-under-load/v3,336.77657520771027,3,True,ok,,4374.549151491332,"measured on this device: NVIDIA H200 (measured), 668.5 TFLOP/s bf16 over 4374.5 GB/s; calibrated 2026-09-09 at 981a42f6",13.0,580.159.04,True,1,981a42f6caeb8b634a6a2e62113cc622d75910bc,NVIDIA H200,238b79f71e94,queue-deep/l2-flush/clock-under-load/v3,,iters=not supplied by caller; sglang=package not installed,1,3.12.3,152.8120650229884,"measured on this device: NVIDIA H200 (measured), 668.5 TFLOP/s bf16 over 4374.5 GB/s; calibrated 2026-09-09 at 981a42f6",,400.0,2.13.0,3.7.1,2026-09-09T16:41:24+00:00,0.27.1,300.0
128,256,2,1024,3,2.2007999420166016,2.1267518997192383,0.023259233404107713,181,1402.5,1455.0,1395.0,False,True,low,queue-deep/l2-flush/clock-under-load/v3,327.09129524230957,3,True,ok,,4374.549151491332,"measured on this device: NVIDIA H200 (measured), 668.5 TFLOP/s bf16 over 4374.5 GB/s; calibrated 2026-09-09 at 981a42f6",13.0,580.159.04,True,1,981a42f6caeb8b634a6a2e62113cc622d75910bc,NVIDIA H200,238b79f71e94,queue-deep/l2-flush/clock-under-load/v3,,iters=not supplied by caller; sglang=package not installed,1,3.12.3,152.8120650229884,"measured on this device: NVIDIA H200 (measured), 668.5 TFLOP/s bf16 over 4374.5 GB/s; calibrated 2026-09-09 at 981a42f6",,400.0,2.13.0,3.7.1,2026-09-09T16:41:24+00:00,0.27.1,300.0
128,512,4,2048,3,4.349792003631592,4.333024024963379,0.05061467429176551,91,1395.0,1395.0,1395.0,False,True,low,queue-deep/l2-flush/clock-under-load/v3,342.9768319129944,3,True,ok,,4374.549151491332,"measured on this device: NVIDIA H200 (measured), 668.5 TFLOP/s bf16 over 4374.5 GB/s; calibrated 2026-09-09 at 981a42f6",13.0,580.159.04,True,1,981a42f6caeb8b634a6a2e62113cc622d75910bc,NVIDIA H200,238b79f71e94,queue-deep/l2-flush/clock-under-load/v3,,iters=not supplied by caller; sglang=package not installed,1,3.12.3,152.8120650229884,"measured on this device: NVIDIA H200 (measured), 668.5 TFLOP/s bf16 over 4374.5 GB/s; calibrated 2026-09-09 at 981a42f6",,400.0,2.13.0,3.7.1,2026-09-09T16:41:24+00:00,0.27.1,300.0
128,1024,8,4096,3,8.72115182876587,8.513279914855957,0.18318224912104092,46,1387.5,1425.0,1395.0,False,True,low,queue-deep/l2-flush/clock-under-load/v3,325.5109100341797,3,True,ok,,4374.549151491332,"measured on this device: NVIDIA H200 (measured), 668.5 TFLOP/s bf16 over 4374.5 GB/s; calibrated 2026-09-09 at 981a42f6",13.0,580.159.04,True,1,981a42f6caeb8b634a6a2e62113cc622d75910bc,NVIDIA H200,238b79f71e94,queue-deep/l2-flush/clock-under-load/v3,,iters=not supplied by caller; sglang=package not installed,1,3.12.3,152.8120650229884,"measured on this device: NVIDIA H200 (measured), 668.5 TFLOP/s bf16 over 4374.5 GB/s; calibrated 2026-09-09 at 981a42f6",,400.0,2.13.0,3.7.1,2026-09-09T16:41:24+00:00,0.27.1,300.0
128,2048,16,8192,3,17.53550434112549,17.22492790222168,1.0906014751157393,22,1380.0,1395.0,1365.0,False,True,low,queue-deep/l2-flush/clock-under-load/v3,324.53385829925537,3,True,ok,,4374.549151491332,"measured on this device: NVIDIA H200 (measured), 668.5 TFLOP/s bf16 over 4374.5 GB/s; calibrated 2026-09-09 at 981a42f6",13.0,580.159.04,True,1,981a42f6caeb8b634a6a2e62113cc622d75910bc,NVIDIA H200,238b79f71e94,queue-deep/l2-flush/clock-under-load/v3,,iters=not supplied by caller; sglang=package not installed,1,3.12.3,152.8120650229884,"measured on this device: NVIDIA H200 (measured), 668.5 TFLOP/s bf16 over 4374.5 GB/s; calibrated 2026-09-09 at 981a42f6",,400.0,2.13.0,3.7.1,2026-09-09T16:41:24+00:00,0.27.1,300.0
128,4096,32,16384,3,36.52894401550293,36.143550872802734,3.5135206901937606,10,1410.0,1440.0,1440.0,False,True,low,queue-deep/l2-flush/clock-under-load/v3,360.8340759277344,3,True,ok,,4374.549151491332,"measured on this device: NVIDIA H200 (measured), 668.5 TFLOP/s bf16 over 4374.5 GB/s; calibrated 2026-09-09 at 981a42f6",13.0,580.159.04,True,1,981a42f6caeb8b634a6a2e62113cc622d75910bc,NVIDIA H200,238b79f71e94,queue-deep/l2-flush/clock-under-load/v3,,iters=not supplied by caller; sglang=package not installed,1,3.12.3,152.8120650229884,"measured on this device: NVIDIA H200 (measured), 668.5 TFLOP/s bf16 over 4374.5 GB/s; calibrated 2026-09-09 at 981a42f6",,400.0,2.13.0,3.7.1,2026-09-09T16:41:24+00:00,0.27.1,300.0
