lock_mhz,gemm,n,duration_ns,sm_cycles,l2_cycles
1710,w1,1,168256,277393,285831
1710,w1,2,200032,323954,339146
1710,w1,4,382992,633136,650880
1710,w1,6,556240,930188,946100
1710,w1,8,735344,1.23835e+06,1.25164e+06
1710,w1,10,911360,1.53645e+06,1.55232e+06
1710,w1,11,1.00128e+06,1.6927e+06,1.70511e+06
1710,w1,12,1.09296e+06,1.84718e+06,1.86164e+06
1710,w1,13,1.18213e+06,2.00274e+06,2.01356e+06
1710,w1,14,1.27128e+06,2.15518e+06,2.16559e+06
1710,w1,15,1.35638e+06,2.30042e+06,2.3106e+06
1710,w1,16,1.44656e+06,2.45361e+06,2.46482e+06
1710,w2,1,77952,130751,131724
1710,w2,2,107120,175741,181006
1710,w2,4,205104,336537,347964
1710,w2,6,300704,498292,510806
1710,w2,8,392848,655618,667942
1710,w2,10,484560,810580,824469
1710,w2,11,532304,891734,905788
1710,w2,12,578080,971640,983624
1710,w2,13,624976,1.05222e+06,1.06363e+06
1710,w2,14,671696,1.13412e+06,1.14298e+06
1710,w2,15,719024,1.21197e+06,1.22418e+06
1710,w2,16,764864,1.29223e+06,1.30234e+06
1005,w1,2,321488,322777,361806
1005,w1,4,632960,635796,712170
1005,w1,6,923440,927740,1.03898e+06
1005,w1,8,1.23467e+06,1.24053e+06,1.38911e+06
1005,w1,12,1.8363e+06,1.84514e+06,2.06591e+06
1005,w1,16,2.4371e+06,2.44898e+06,2.74184e+06
1005,w2,2,174384,174935,196324
1005,w2,4,334688,336040,376644
1005,w2,6,496816,498963,559000
1005,w2,8,657616,660579,739908
1005,w2,12,964128,968626,1.08473e+06
1005,w2,16,1.28658e+06,1.29267e+06,1.44747e+06
