metric,quoted_error,method,noise_floor,cells,sources,note
"time rms % (per cell, predicted/measured - 1)","0.57 to 7.17% rms; bar 2% rms, 5% per cell",a: repeat rows of each scored VALID lock-1710 timed page,"SE of a cell value 0.012% median, 0.027% p90, 0.110% rms",460,results/published/2026-09-27-nvidia_gh200_480gb-session/results/gaps-nvidia_gh200_480gb/private_weight_reference; results/published/2026-09-28-nvidia_gh200_480gb-8x22b-session/results/gaps-nvidia_gh200_480gb/private_weight_reference; results/published/2026-09-28-nvidia_gh200_480gb-qwen2-57b-session/results/gaps-nvidia_gh200_480gb/private_weight_reference; results/published/2026-09-29-nvidia_gh200_480gb-jetmoe-session/results/gaps-nvidia_gh200_480gb/private_weight_reference; results/published/2026-09-29-nvidia_gh200_480gb-olmoe-session/results/gaps-nvidia_gh200_480gb/private_weight_reference; results/published/2026-09-29-nvidia_gh200_480gb-phi3.5-session/results/gaps-nvidia_gh200_480gb/private_weight_reference; results/published/2026-09-29-nvidia_gh200_480gb-qwen1.5-session/results/gaps-nvidia_gh200_480gb/private_weight_reference,"the 2% bar is 18x the pooled rms; per model rms mixtral-8x7b 0.015%, mixtral-8x22b 0.057%, qwen2-57b-a14b 0.013%, olmoe-1b-7b 0.017%, qwen1.5-moe-a2.7b 0.013%, phi-3.5-moe 0.016%, jetmoe-8b 0.305%"
"time per cell, retake 8x22B G=8",as above,c: retake pair (VALID / INVALID (V0)),single-page sigma 0.11% (all 12 cells); GPU-bound cells 0.11% (12),12,results/published/2026-09-28-nvidia_gh200_480gb-8x22b-session/results/gaps-nvidia_gh200_480gb/private_weight_reference/nvidia_gh200_480gb-bm32-budget200.0-declauto-dtypebf16-duty0.25-g8-l2flushtrue-modelmixtral_8x22-a4bcaba2/report.json; results/published/2026-09-28-nvidia_gh200_480gb-8x22b-session/results/gaps-nvidia_gh200_480gb/private_weight_reference/nvidia_gh200_480gb-bm32-budget200.0-declauto-dtypebf16-duty0.25-g8-l2flushtrue-modelmixtral_8x22-b03360ac/report.json,"page-to-page on one board; gate-failed pages are replicates of the cell value only, never scored"
"time per cell, retake Qwen2-57B G=2",as above,c: retake pair (INVALID (V0) / INVALID (V0)),single-page sigma 0.03% (all 18 cells); GPU-bound cells 0.03% (18),18,results/published/2026-09-28-nvidia_gh200_480gb-qwen2-57b-session/results/gaps-nvidia_gh200_480gb/private_weight_reference/nvidia_gh200_480gb-bm32-budget200.0-decl9-dtypebf16-duty0.25-g2-l2flushtrue-modelqwen2_57b_a14b-54d173bf/report.json; results/published/2026-09-28-nvidia_gh200_480gb-qwen2-57b-session/results/gaps-nvidia_gh200_480gb/private_weight_reference/nvidia_gh200_480gb-bm32-budget200.0-decl9-dtypebf16-duty0.25-g2-l2flushtrue-modelqwen2_57b_a14b-cf8fe7b5/report.json,"page-to-page on one board; gate-failed pages are replicates of the cell value only, never scored"
"time per cell, retake Qwen2-57B G=32",as above,c: retake pair (INVALID (V0) / VALID),single-page sigma 0.04% (all 12 cells); GPU-bound cells 0.04% (12),12,results/published/2026-09-28-nvidia_gh200_480gb-qwen2-57b-session/results/gaps-nvidia_gh200_480gb/private_weight_reference/nvidia_gh200_480gb-bm32-budget200.0-decl9-dtypebf16-duty0.25-g32-l2flushtrue-modelqwen2_57b_a14b-72217a81/report.json; results/published/2026-09-28-nvidia_gh200_480gb-qwen2-57b-session/results/gaps-nvidia_gh200_480gb/private_weight_reference/nvidia_gh200_480gb-bm32-budget200.0-decl9-dtypebf16-duty0.25-g32-l2flushtrue-modelqwen2_57b_a14b-e44afbb4/report.json,"page-to-page on one board; gate-failed pages are replicates of the cell value only, never scored"
"time per cell, retake Granite-3B G=2",as above,c: retake pair (INVALID (V5) both),single-page sigma 2.91% (all 18 cells); GPU-bound cells 0.17% (7),18,results/published/2026-09-30-nvidia_gh200_480gb-granite-session/results/gaps-nvidia_gh200_480gb/private_weight_reference/nvidia_gh200_480gb-bm32-budget200.0-decl9-dtypebf16-duty0.25-g2-l2flushtrue-modelgranite_3.0_3b-44033b12/report.json; results/published/2026-09-30-nvidia_gh200_480gb-granite-session/results/gaps-nvidia_gh200_480gb/private_weight_reference/nvidia_gh200_480gb-bm32-budget200.0-decl9-dtypebf16-duty0.25-g2-l2flushtrue-modelgranite_3.0_3b-b617b2e5/report.json,"page-to-page on one board; gate-failed pages are replicates of the cell value only, never scored; the host-bound plateau cells move with the host, not the GPU"
"time per cell, retake Granite-3B G=3",as above,c: retake pair (INVALID (V5) both),single-page sigma 2.56% (all 16 cells); GPU-bound cells 0.18% (6),16,results/published/2026-09-30-nvidia_gh200_480gb-granite-session/results/gaps-nvidia_gh200_480gb/private_weight_reference/nvidia_gh200_480gb-bm32-budget200.0-decl9-dtypebf16-duty0.25-g3-l2flushtrue-modelgranite_3.0_3b-335f71aa/report.json; results/published/2026-09-30-nvidia_gh200_480gb-granite-session/results/gaps-nvidia_gh200_480gb/private_weight_reference/nvidia_gh200_480gb-bm32-budget200.0-decl9-dtypebf16-duty0.25-g3-l2flushtrue-modelgranite_3.0_3b-d2096702/report.json,"page-to-page on one board; gate-failed pages are replicates of the cell value only, never scored; the host-bound plateau cells move with the host, not the GPU"
"time per cell, retake Granite-3B G=4",as above,c: retake pair (INVALID (V5) both),single-page sigma 1.71% (all 18 cells); GPU-bound cells 0.17% (9),18,results/published/2026-09-30-nvidia_gh200_480gb-granite-session/results/gaps-nvidia_gh200_480gb/private_weight_reference/nvidia_gh200_480gb-bm32-budget200.0-decl9-dtypebf16-duty0.25-g4-l2flushtrue-modelgranite_3.0_3b-5302d6ff/report.json; results/published/2026-09-30-nvidia_gh200_480gb-granite-session/results/gaps-nvidia_gh200_480gb/private_weight_reference/nvidia_gh200_480gb-bm32-budget200.0-decl9-dtypebf16-duty0.25-g4-l2flushtrue-modelgranite_3.0_3b-7a37fd2c/report.json,"page-to-page on one board; gate-failed pages are replicates of the cell value only, never scored; the host-bound plateau cells move with the host, not the GPU"
"time per cell, retake Granite-3B G=8",as above,c: retake pair (INVALID (V5) both),single-page sigma 1.78% (all 12 cells); GPU-bound cells 0.02% (2),12,results/published/2026-09-30-nvidia_gh200_480gb-granite-session/results/gaps-nvidia_gh200_480gb/private_weight_reference/nvidia_gh200_480gb-bm32-budget200.0-decl9-dtypebf16-duty0.25-g8-l2flushtrue-modelgranite_3.0_3b-12535485/report.json; results/published/2026-09-30-nvidia_gh200_480gb-granite-session/results/gaps-nvidia_gh200_480gb/private_weight_reference/nvidia_gh200_480gb-bm32-budget200.0-decl9-dtypebf16-duty0.25-g8-l2flushtrue-modelgranite_3.0_3b-d753ab2c/report.json,"page-to-page on one board; gate-failed pages are replicates of the cell value only, never scored; the host-bound plateau cells move with the host, not the GPU"
"time per cell, retake Granite-3B G=32",as above,c: retake pair (INVALID (V5) both),single-page sigma 2.59% (all 12 cells); GPU-bound cells 0.04% (2),12,results/published/2026-09-30-nvidia_gh200_480gb-granite-session/results/gaps-nvidia_gh200_480gb/private_weight_reference/nvidia_gh200_480gb-bm32-budget200.0-decl9-dtypebf16-duty0.25-g32-l2flushtrue-modelgranite_3.0_3b-16608de2/report.json; results/published/2026-09-30-nvidia_gh200_480gb-granite-session/results/gaps-nvidia_gh200_480gb/private_weight_reference/nvidia_gh200_480gb-bm32-budget200.0-decl9-dtypebf16-duty0.25-g32-l2flushtrue-modelgranite_3.0_3b-e0fddc2d/report.json,"page-to-page on one board; gate-failed pages are replicates of the cell value only, never scored; the host-bound plateau cells move with the host, not the GPU"
"time per cell, retakes pooled (8x22B, Qwen2-57B; GPU-bound cells)",as above,c: the three non-Granite retake pairs,single-page sigma 0.06%,42,results/published/2026-09-28-nvidia_gh200_480gb-8x22b-session/results/gaps-nvidia_gh200_480gb/private_weight_reference/nvidia_gh200_480gb-bm32-budget200.0-declauto-dtypebf16-duty0.25-g8-l2flushtrue-modelmixtral_8x22-a4bcaba2/report.json; results/published/2026-09-28-nvidia_gh200_480gb-8x22b-session/results/gaps-nvidia_gh200_480gb/private_weight_reference/nvidia_gh200_480gb-bm32-budget200.0-declauto-dtypebf16-duty0.25-g8-l2flushtrue-modelmixtral_8x22-b03360ac/report.json; results/published/2026-09-28-nvidia_gh200_480gb-qwen2-57b-session/results/gaps-nvidia_gh200_480gb/private_weight_reference/nvidia_gh200_480gb-bm32-budget200.0-decl9-dtypebf16-duty0.25-g2-l2flushtrue-modelqwen2_57b_a14b-54d173bf/report.json; results/published/2026-09-28-nvidia_gh200_480gb-qwen2-57b-session/results/gaps-nvidia_gh200_480gb/private_weight_reference/nvidia_gh200_480gb-bm32-budget200.0-decl9-dtypebf16-duty0.25-g2-l2flushtrue-modelqwen2_57b_a14b-cf8fe7b5/report.json; results/published/2026-09-28-nvidia_gh200_480gb-qwen2-57b-session/results/gaps-nvidia_gh200_480gb/private_weight_reference/nvidia_gh200_480gb-bm32-budget200.0-decl9-dtypebf16-duty0.25-g32-l2flushtrue-modelqwen2_57b_a14b-72217a81/report.json; results/published/2026-09-28-nvidia_gh200_480gb-qwen2-57b-session/results/gaps-nvidia_gh200_480gb/private_weight_reference/nvidia_gh200_480gb-bm32-budget200.0-decl9-dtypebf16-duty0.25-g32-l2flushtrue-modelqwen2_57b_a14b-e44afbb4/report.json,
"time per cell, Mixtral 8x7B board to board",as above,"b: 2026-09-25 (1310e2) against 2026-09-27 (9b6d01), G=2 and 4, n=1..6, SHARED+PRIVATE","rms difference 0.26% (single-board sigma 0.18%), mean -0.10%, worst -0.65%",24,results/published/2026-09-25-nvidia_gh200_480gb-session/results/gaps-nvidia_gh200_480gb/private_weight_reference/nvidia_gh200_480gb-bm32-budget200.0-declauto-dtypebf16-duty0.25-g2-l2flushtrue-modelmixtral_8x7b-df37ea07/report.json; results/published/2026-09-27-nvidia_gh200_480gb-session/results/gaps-nvidia_gh200_480gb/private_weight_reference/nvidia_gh200_480gb-bm32-budget200.0-declauto-dtypebf16-duty0.25-g2-l2flushtrue-modelmixtral_8x7b-04d9320b/report.json; results/published/2026-09-25-nvidia_gh200_480gb-session/results/gaps-nvidia_gh200_480gb/private_weight_reference/nvidia_gh200_480gb-bm32-budget200.0-declauto-dtypebf16-duty0.25-g4-l2flushtrue-modelmixtral_8x7b-01c08abd/report.json; results/published/2026-09-27-nvidia_gh200_480gb-session/results/gaps-nvidia_gh200_480gb/private_weight_reference/nvidia_gh200_480gb-bm32-budget200.0-declauto-dtypebf16-duty0.25-g4-l2flushtrue-modelmixtral_8x7b-848523de/report.json,"one model, two G: the only board-to-board time replicate published"
"time per cell, between pages on one board: OLMoE, Qwen1.5, Phi-3.5, JetMoE",as above,none,no replicate exists; rental 3 part R,0,,"none of these four has two pages at one G and clock; the only retakes are 8x22B, Qwen2-57B and Granite-3B (above), and the only board-to-board time pair is 8x7B"
byte error % (PRIVATE per GEMM),0.17 to 3.02% rms; bar 5% per cell,a: per-call values of every lock-1710 GH200 counter page 2026-09-2x (3 calls),"SE of a cell value 0.0049% median, 0.0453% p90, 1.020% max",1008,56 pages under results/published/2026-09-2*-nvidia_gh200*/results/*-r3-counters/lock1710/,"registered noise model beside it: sigma_q 0.036 (90th pct of per-call se of PRIVATE w2 q, D/README.md T2)"
"bytes per cell, Mixtral 8x7B G=1 private, board to board",as above,b: 1310e2 / 9b6d01,"rms difference 0.07%, worst +0.14%",10,see BOARD_BYTES in scripts/paper/noise_floors.py,"bytes are clock-free; 2026-09-25's pages are base clock, the others 1710"
"bytes per cell, Mixtral 8x7B G=1 shared, board to board",as above,b: 1310e2 / 9b6d01,"rms difference 1.96%, worst -4.76%",10,see BOARD_BYTES in scripts/paper/noise_floors.py,"bytes are clock-free; 2026-09-25's pages are base clock, the others 1710"
"bytes per cell, Mixtral 8x7B G=2 private, board to board",as above,b: 1310e2 / 9b6d01,"rms difference 0.03%, worst +0.04%",10,see BOARD_BYTES in scripts/paper/noise_floors.py,"bytes are clock-free; 2026-09-25's pages are base clock, the others 1710"
"bytes per cell, Mixtral 8x7B G=2 shared, board to board",as above,b: 1310e2 / 9b6d01,"rms difference 0.21%, worst +0.57%",10,see BOARD_BYTES in scripts/paper/noise_floors.py,"bytes are clock-free; 2026-09-25's pages are base clock, the others 1710"
"bytes per cell, Mixtral 8x7B G=4 private, board to board",as above,b: 1310e2 / 9b6d01,"rms difference 0.12%, worst -0.30%",10,see BOARD_BYTES in scripts/paper/noise_floors.py,"bytes are clock-free; 2026-09-25's pages are base clock, the others 1710"
"bytes per cell, Mixtral 8x7B G=4 shared, board to board",as above,b: 1310e2 / 9b6d01,"rms difference 0.10%, worst -0.29%",10,see BOARD_BYTES in scripts/paper/noise_floors.py,"bytes are clock-free; 2026-09-25's pages are base clock, the others 1710"
"bytes per cell, Mixtral 8x7B G=16 private, board to board",as above,b: 1310e2 / 9b6d01,"rms difference 0.66%, worst -1.85%",10,see BOARD_BYTES in scripts/paper/noise_floors.py,"bytes are clock-free; 2026-09-25's pages are base clock, the others 1710"
"bytes per cell, Mixtral 8x7B G=16 shared, board to board",as above,b: 1310e2 / 9b6d01,"rms difference 0.22%, worst -0.54%",10,see BOARD_BYTES in scripts/paper/noise_floors.py,"bytes are clock-free; 2026-09-25's pages are base clock, the others 1710"
"bytes per cell, Mixtral 8x7B G=64 private, board to board",as above,b: 1310e2 / 9b6d01,"rms difference 1.02%, worst -2.77%",10,see BOARD_BYTES in scripts/paper/noise_floors.py,"bytes are clock-free; 2026-09-25's pages are base clock, the others 1710"
"bytes per cell, Mixtral 8x7B G=64 shared, board to board",as above,b: 1310e2 / 9b6d01,"rms difference 0.36%, worst -0.94%",10,see BOARD_BYTES in scripts/paper/noise_floors.py,"bytes are clock-free; 2026-09-25's pages are base clock, the others 1710"
"bytes per cell, Mixtral 8x7B G=1 private, board to board",as above,b: 7269a7 / 9b6d01,"rms difference 0.03%, worst +0.10%",18,see BOARD_BYTES in scripts/paper/noise_floors.py,"bytes are clock-free; 2026-09-25's pages are base clock, the others 1710"
"bytes per cell, Mixtral 8x7B G=1 shared, board to board",as above,b: 7269a7 / 9b6d01,"rms difference 1.59%, worst +3.90%",18,see BOARD_BYTES in scripts/paper/noise_floors.py,"bytes are clock-free; 2026-09-25's pages are base clock, the others 1710"
"bytes per cell, Mixtral 8x7B G=8 private, board to board",as above,b: 7269a7 / 9b6d01,"rms difference 0.20%, worst -0.54%",18,see BOARD_BYTES in scripts/paper/noise_floors.py,"bytes are clock-free; 2026-09-25's pages are base clock, the others 1710"
"bytes per cell, Mixtral 8x7B G=8 shared, board to board",as above,b: 7269a7 / 9b6d01,"rms difference 0.15%, worst +0.47%",18,see BOARD_BYTES in scripts/paper/noise_floors.py,"bytes are clock-free; 2026-09-25's pages are base clock, the others 1710"
"bytes per cell, Mixtral 8x7B G=16 private, board to board",as above,b: 7269a7 / 9b6d01,"rms difference 0.77%, worst -1.66%",18,see BOARD_BYTES in scripts/paper/noise_floors.py,"bytes are clock-free; 2026-09-25's pages are base clock, the others 1710"
"bytes per cell, Mixtral 8x7B G=16 shared, board to board",as above,b: 7269a7 / 9b6d01,"rms difference 0.23%, worst -0.80%",18,see BOARD_BYTES in scripts/paper/noise_floors.py,"bytes are clock-free; 2026-09-25's pages are base clock, the others 1710"
"bytes per cell, Mixtral 8x7B G=32 private, board to board",as above,b: 7269a7 / 9b6d01,"rms difference 1.91%, worst -4.72%",18,see BOARD_BYTES in scripts/paper/noise_floors.py,"bytes are clock-free; 2026-09-25's pages are base clock, the others 1710"
"bytes per cell, Mixtral 8x7B G=32 shared, board to board",as above,b: 7269a7 / 9b6d01,"rms difference 0.14%, worst -0.50%",18,see BOARD_BYTES in scripts/paper/noise_floors.py,"bytes are clock-free; 2026-09-25's pages are base clock, the others 1710"
"bytes per cell, Mixtral 8x7B G=1 private, board to board",as above,b: 4da056 / 7269a7,"rms difference 0.04%, worst -0.13%",18,see BOARD_BYTES in scripts/paper/noise_floors.py,"bytes are clock-free; 2026-09-25's pages are base clock, the others 1710"
"bytes per cell, Mixtral 8x7B G=1 shared, board to board",as above,b: 4da056 / 7269a7,"rms difference 2.82%, worst -6.28%",18,see BOARD_BYTES in scripts/paper/noise_floors.py,"bytes are clock-free; 2026-09-25's pages are base clock, the others 1710"
"bytes, PRIVATE, pooled board to board (8x7B)",as above,b: every pair above,"rms difference 0.81%, worst -4.72%",140,results/published/2026-09-25-nvidia_gh200_480gb-session/results/2026-09-25-nvidia_gh200_480gb-r3-counters/r3c-g1.json; results/published/2026-09-25-nvidia_gh200_480gb-session/results/2026-09-25-nvidia_gh200_480gb-r3-counters/r3c-g16.json; results/published/2026-09-25-nvidia_gh200_480gb-session/results/2026-09-25-nvidia_gh200_480gb-r3-counters/r3c-g2.json; results/published/2026-09-25-nvidia_gh200_480gb-session/results/2026-09-25-nvidia_gh200_480gb-r3-counters/r3c-g4.json; results/published/2026-09-25-nvidia_gh200_480gb-session/results/2026-09-25-nvidia_gh200_480gb-r3-counters/r3c-g64.json; results/published/2026-09-27-nvidia_gh200_480gb-session/results/2026-09-27-nvidia_gh200_480gb-r3-counters/lock1710/r3c-g1.json; results/published/2026-09-27-nvidia_gh200_480gb-session/results/2026-09-27-nvidia_gh200_480gb-r3-counters/lock1710/r3c-g16.json; results/published/2026-09-27-nvidia_gh200_480gb-session/results/2026-09-27-nvidia_gh200_480gb-r3-counters/lock1710/r3c-g2.json; results/published/2026-09-27-nvidia_gh200_480gb-session/results/2026-09-27-nvidia_gh200_480gb-r3-counters/lock1710/r3c-g32.json; results/published/2026-09-27-nvidia_gh200_480gb-session/results/2026-09-27-nvidia_gh200_480gb-r3-counters/lock1710/r3c-g4.json; results/published/2026-09-27-nvidia_gh200_480gb-session/results/2026-09-27-nvidia_gh200_480gb-r3-counters/lock1710/r3c-g64.json; results/published/2026-09-27-nvidia_gh200_480gb-session/results/2026-09-27-nvidia_gh200_480gb-r3-counters/lock1710/r3c-g8.json; results/published/2026-10-01-nvidia_gh200_480gb-rental1-session/results/2026-10-01-nvidia_gh200_480gb-mixtral-8x7b-sameboard-r3-counters/lock1710/r3c-g1.json; results/published/2026-10-01-nvidia_gh200_480gb-rental1-session/results/2026-10-01-nvidia_gh200_480gb-mixtral-8x7b-sameboard-r3-counters/lock1710/r3c-g16.json; results/published/2026-10-01-nvidia_gh200_480gb-rental1-session/results/2026-10-01-nvidia_gh200_480gb-mixtral-8x7b-sameboard-r3-counters/lock1710/r3c-g32.json; results/published/2026-10-01-nvidia_gh200_480gb-rental1-session/results/2026-10-01-nvidia_gh200_480gb-mixtral-8x7b-sameboard-r3-counters/lock1710/r3c-g8.json; results/published/2026-10-02-nvidia_gh200_480gb-rental2-session/results/2026-10-02-nvidia_gh200_480gb-mixtral-8x7b-l2base-r3-counters/lock1710/r3c-g1.json,single-board sigma = rms / sqrt 2
"floor cycles per CTA k-step (slope over n = 2, 3, 4, 6)",-3.6 to +3.6% against registration; bar 2%,"a: base, unlocked and 1710 captures of the same cells, one board each","capture-to-capture rms 0.33%, worst -0.93%",22,results/published/2026-09-27-nvidia_gh200_480gb-session/results/2026-09-27-nvidia_gh200_480gb-r3-counters/r3f-g64.json; results/published/2026-09-27-nvidia_gh200_480gb-session/results/2026-09-27-nvidia_gh200_480gb-r3-counters/r3f-g64-lock1710.json; results/published/2026-09-27-nvidia_gh200_480gb-session/results/2026-09-27-nvidia_gh200_480gb-r3-counters/r3f-g64-unlocked.json; results/published/2026-09-30-nvidia_gh200_480gb-mixtral8x7b-floor-session/results/2026-09-30-nvidia_gh200_480gb-r3-counters/r3f-g64.json; results/published/2026-09-30-nvidia_gh200_480gb-mixtral8x7b-floor-session/results/2026-09-30-nvidia_gh200_480gb-r3-counters/r3f-g64-lock1710.json; results/published/2026-09-30-nvidia_gh200_480gb-mixtral8x7b-floor-session/results/2026-09-30-nvidia_gh200_480gb-r3-counters/r3f-g64-unlocked.json; results/published/2026-09-29-nvidia_gh200_480gb-jetmoe-session/results/2026-09-29-nvidia_gh200_480gb-r3-counters/r3f-g64.json; results/published/2026-09-29-nvidia_gh200_480gb-jetmoe-session/results/2026-09-29-nvidia_gh200_480gb-r3-counters/r3f-g64-lock1710.json; results/published/2026-09-30-nvidia_gh200_480gb-jetmoe-floor-session/results/2026-09-30-nvidia_gh200_480gb-r3-counters/r3f-g64.json; results/published/2026-09-30-nvidia_gh200_480gb-jetmoe-floor-session/results/2026-09-30-nvidia_gh200_480gb-r3-counters/r3f-g64-lock1710.json; results/published/2026-09-28-nvidia_gh200_480gb-8x22b-session/results/2026-09-28-nvidia_gh200_480gb-r3-counters/r3f-g64.json; results/published/2026-09-28-nvidia_gh200_480gb-8x22b-session/results/2026-09-28-nvidia_gh200_480gb-r3-counters/r3f-g64-lock1710.json; results/published/2026-09-28-nvidia_gh200_480gb-qwen2-57b-session/results/2026-09-28-nvidia_gh200_480gb-r3-counters/r3f-g64.json; results/published/2026-09-28-nvidia_gh200_480gb-qwen2-57b-session/results/2026-09-28-nvidia_gh200_480gb-r3-counters/r3f-g64-lock1710.json; results/published/2026-09-29-nvidia_gh200_480gb-olmoe-session/results/2026-09-29-nvidia_gh200_480gb-r3-counters/r3f-g64.json; results/published/2026-09-29-nvidia_gh200_480gb-olmoe-session/results/2026-09-29-nvidia_gh200_480gb-r3-counters/r3f-g64-lock1710.json; results/published/2026-09-29-nvidia_gh200_480gb-qwen1.5-session/results/2026-09-29-nvidia_gh200_480gb-r3-counters/r3f-g64.json; results/published/2026-09-29-nvidia_gh200_480gb-qwen1.5-session/results/2026-09-29-nvidia_gh200_480gb-r3-counters/r3f-g64-lock1710.json; results/published/2026-09-29-nvidia_gh200_480gb-phi3.5-session/results/2026-09-29-nvidia_gh200_480gb-r3-counters/r3f-g64.json; results/published/2026-09-29-nvidia_gh200_480gb-phi3.5-session/results/2026-09-29-nvidia_gh200_480gb-r3-counters/r3f-g64-lock1710.json,the clock differs between the captures; the slope is in SM cycles
"floor, mixtral-8x7b w1 r3f-g64.json, board to board",as above,b: 9b6d01 or d67185 against 594c0f,"349.2 / 350.1 cycles, +0.28%",4,see FLOOR_SESSIONS in scripts/paper/noise_floors.py,"same treads n = 2, 3, 4, 6"
"floor, mixtral-8x7b w2 r3f-g64.json, board to board",as above,b: 9b6d01 or d67185 against 594c0f,"362.4 / 359.2 cycles, -0.88%",4,see FLOOR_SESSIONS in scripts/paper/noise_floors.py,"same treads n = 2, 3, 4, 6"
"floor, mixtral-8x7b w1 r3f-g64-lock1710.json, board to board",as above,b: 9b6d01 or d67185 against 594c0f,"349.8 / 349.9 cycles, +0.02%",4,see FLOOR_SESSIONS in scripts/paper/noise_floors.py,"same treads n = 2, 3, 4, 6"
"floor, mixtral-8x7b w2 r3f-g64-lock1710.json, board to board",as above,b: 9b6d01 or d67185 against 594c0f,"359.0 / 360.1 cycles, +0.30%",4,see FLOOR_SESSIONS in scripts/paper/noise_floors.py,"same treads n = 2, 3, 4, 6"
"floor, jetmoe-8b w1 r3f-g64.json, board to board",as above,b: 9b6d01 or d67185 against 594c0f,"360.3 / 359.8 cycles, -0.14%",4,see FLOOR_SESSIONS in scripts/paper/noise_floors.py,"same treads n = 2, 3, 4, 6"
"floor, jetmoe-8b w2 r3f-g64.json, board to board",as above,b: 9b6d01 or d67185 against 594c0f,"368.0 / 369.1 cycles, +0.29%",4,see FLOOR_SESSIONS in scripts/paper/noise_floors.py,"same treads n = 2, 3, 4, 6"
"floor, jetmoe-8b w1 r3f-g64-lock1710.json, board to board",as above,b: 9b6d01 or d67185 against 594c0f,"359.8 / 360.9 cycles, +0.29%",4,see FLOOR_SESSIONS in scripts/paper/noise_floors.py,"same treads n = 2, 3, 4, 6"
"floor, jetmoe-8b w2 r3f-g64-lock1710.json, board to board",as above,b: 9b6d01 or d67185 against 594c0f,"368.6 / 368.7 cycles, +0.02%",4,see FLOOR_SESSIONS in scripts/paper/noise_floors.py,"same treads n = 2, 3, 4, 6"
"G >= 8 SHARED slope (ms per tread, n = 2..6)",-1.4 to +6.8%; bar 2%,a: the slope per repeat index on each scored VALID G >= 8 page,"SE of a page slope 0.021% median, 0.456% max",14,results/published/2026-09-27-nvidia_gh200_480gb-session/results/gaps-nvidia_gh200_480gb/private_weight_reference/nvidia_gh200_480gb-bm32-budget200.0-declauto-dtypebf16-duty0.25-g8-l2flushtrue-modelmixtral_8x7b-2085264b/cells.csv; results/published/2026-09-27-nvidia_gh200_480gb-session/results/gaps-nvidia_gh200_480gb/private_weight_reference/nvidia_gh200_480gb-bm32-budget200.0-declauto-dtypebf16-duty0.25-g32-l2flushtrue-modelmixtral_8x7-8ab16728/cells.csv; results/published/2026-09-28-nvidia_gh200_480gb-8x22b-session/results/gaps-nvidia_gh200_480gb/private_weight_reference/nvidia_gh200_480gb-bm32-budget200.0-declauto-dtypebf16-duty0.25-g8-l2flushtrue-modelmixtral_8x22-a4bcaba2/cells.csv; results/published/2026-09-28-nvidia_gh200_480gb-8x22b-session/results/gaps-nvidia_gh200_480gb/private_weight_reference/nvidia_gh200_480gb-bm32-budget200.0-declauto-dtypebf16-duty0.25-g32-l2flushtrue-modelmixtral_8x2-ded3fdb7/cells.csv; results/published/2026-09-28-nvidia_gh200_480gb-qwen2-57b-session/results/gaps-nvidia_gh200_480gb/private_weight_reference/nvidia_gh200_480gb-bm32-budget200.0-decl9-dtypebf16-duty0.25-g32-l2flushtrue-modelqwen2_57b_a14b-e44afbb4/cells.csv; results/published/2026-09-28-nvidia_gh200_480gb-qwen2-57b-session/results/gaps-nvidia_gh200_480gb/private_weight_reference/nvidia_gh200_480gb-bm32-budget200.0-decl9-dtypebf16-duty0.25-g8-l2flushtrue-modelqwen2_57b_a14b-089cc6ab/cells.csv; results/published/2026-09-29-nvidia_gh200_480gb-olmoe-session/results/gaps-nvidia_gh200_480gb/private_weight_reference/nvidia_gh200_480gb-bm32-budget200.0-decl9-dtypebf16-duty0.25-g32-l2flushtrue-modelolmoe_1b_7b-n6-7316af55/cells.csv; results/published/2026-09-29-nvidia_gh200_480gb-olmoe-session/results/gaps-nvidia_gh200_480gb/private_weight_reference/nvidia_gh200_480gb-bm32-budget200.0-decl9-dtypebf16-duty0.25-g8-l2flushtrue-modelolmoe_1b_7b-n64-87953518/cells.csv; results/published/2026-09-29-nvidia_gh200_480gb-qwen1.5-session/results/gaps-nvidia_gh200_480gb/private_weight_reference/nvidia_gh200_480gb-bm32-budget200.0-decl9-dtypebf16-duty0.25-g32-l2flushtrue-modelqwen1.5_moe_a2-89bd3066/cells.csv; results/published/2026-09-29-nvidia_gh200_480gb-qwen1.5-session/results/gaps-nvidia_gh200_480gb/private_weight_reference/nvidia_gh200_480gb-bm32-budget200.0-decl9-dtypebf16-duty0.25-g8-l2flushtrue-modelqwen1.5_moe_a2.-176ddae1/cells.csv; results/published/2026-09-29-nvidia_gh200_480gb-phi3.5-session/results/gaps-nvidia_gh200_480gb/private_weight_reference/nvidia_gh200_480gb-bm32-budget200.0-decl9-dtypebf16-duty0.25-g32-l2flushtrue-modelphi_3.5_moe-n6-2b704b65/cells.csv; results/published/2026-09-29-nvidia_gh200_480gb-phi3.5-session/results/gaps-nvidia_gh200_480gb/private_weight_reference/nvidia_gh200_480gb-bm32-budget200.0-decl9-dtypebf16-duty0.25-g8-l2flushtrue-modelphi_3.5_moe-n64-dbd2c524/cells.csv; results/published/2026-09-29-nvidia_gh200_480gb-jetmoe-session/results/gaps-nvidia_gh200_480gb/private_weight_reference/nvidia_gh200_480gb-bm32-budget200.0-decl9-dtypebf16-duty0.25-g32-l2flushtrue-modeljetmoe_8b-n64-1f286b22/cells.csv; results/published/2026-09-29-nvidia_gh200_480gb-jetmoe-session/results/gaps-nvidia_gh200_480gb/private_weight_reference/nvidia_gh200_480gb-bm32-budget200.0-decl9-dtypebf16-duty0.25-g8-l2flushtrue-modeljetmoe_8b-n64-p-d9bd231b/cells.csv,
"G >= 8 slope, retake 8x22B G=8",as above,c: retake pair (VALID / INVALID (V0)),"0.9155 / 0.9158 ms, +0.04%",5,see RETAKES in scripts/paper/noise_floors.py,
"G >= 8 slope, retake Qwen2-57B G=32",as above,c: retake pair (INVALID (V0) / VALID),"0.6953 / 0.6953 ms, +0.01%",5,see RETAKES in scripts/paper/noise_floors.py,
"G >= 8 slope, retake Granite-3B G=8",as above,c: retake pair (INVALID (V5) both),"0.0126 / 0.0109 ms, -13.73%",5,see RETAKES in scripts/paper/noise_floors.py,Granite's treads 2..5 are host-bound
"G >= 8 slope, retake Granite-3B G=32",as above,c: retake pair (INVALID (V5) both),"0.0096 / 0.0081 ms, -15.32%",5,see RETAKES in scripts/paper/noise_floors.py,Granite's treads 2..5 are host-bound
tp8 F1 D (w1 cycles n=4 minus n=2),"156,941 / 155,820 vs 155,193; tolerance 11,345","a: base against 1710 capture of the same cells, G=64 and G=8 (rental 1, 7269a7)","G=64 156,941 / 155,988; G=8 155,820 / 155,914 (base / 1710)",4,"results/published/2026-10-01-nvidia_gh200_480gb-rental1-session/results/2026-10-01-nvidia_gh200_480gb-mixtral-8x7b-tp8-floor-r3-counters/r3f-g{64,8}{,-lock1710}.json","spread across the four readings 1,120 cycles, against the 11,345 tolerance"
"L2 survival s (G=1, per n)",bands +-0.05 / 0.08; rental-2 lag band +-0.03 per s,"a: per-call values propagated (SHARED and PRIVATE, 3 calls each)","SE of s 0.0017 median, 0.0260 max",,results/published/2026-09-25-nvidia_gh200_480gb-session/results/2026-09-25-nvidia_gh200_480gb-r3-counters/r3c-g1.json; results/published/2026-09-27-nvidia_gh200_480gb-session/results/2026-09-27-nvidia_gh200_480gb-r3-counters/lock1710/r3c-g1.json; results/published/2026-10-01-nvidia_gh200_480gb-rental1-session/results/2026-10-01-nvidia_gh200_480gb-mixtral-8x7b-sameboard-r3-counters/lock1710/r3c-g1.json; results/published/2026-10-02-nvidia_gh200_480gb-rental2-session/results/2026-10-02-nvidia_gh200_480gb-mixtral-8x7b-l2base-r3-counters/lock1710/r3c-g1.json; results/published/2026-10-01-nvidia_gh200_480gb-rental1-session/results/2026-10-01-nvidia_gh200_480gb-mixtral-8x7b-tp2-l2-r3-counters/lock1710/r3c-g1.json; results/published/2026-10-02-nvidia_gh200_480gb-rental2-session/results/2026-10-02-nvidia_gh200_480gb-mixtral-8x7b-tp2-l2base-r3-counters/lock1710/r3c-g1.json; results/published/2026-10-01-nvidia_gh200_480gb-rental1-session/results/2026-10-01-nvidia_gh200_480gb-mixtral-8x7b-tp4-l2-r3-counters/lock1710/r3c-g1.json; results/published/2026-10-02-nvidia_gh200_480gb-rental2-session/results/2026-10-02-nvidia_gh200_480gb-mixtral-8x7b-tp4-l2base-r3-counters/lock1710/r3c-g1.json,
"L2 survival s, 8x7B w2, board to board",as above,"b: 1310e2 / 9b6d01, n = 4..9","rms difference 0.028, worst +0.037",2,see SURVIVAL in scripts/paper/noise_floors.py,
"L2 survival s, 8x7B w2, board to board",as above,"b: 1310e2 / 7269a7, n = 4..9","rms difference 0.039, worst +0.053",2,see SURVIVAL in scripts/paper/noise_floors.py,
"L2 survival s, 8x7B w2, board to board",as above,"b: 1310e2 / 4da056, n = 4..9","rms difference 0.011, worst +0.011",2,see SURVIVAL in scripts/paper/noise_floors.py,
"L2 survival s, 8x7B w2, board to board",as above,"b: 9b6d01 / 7269a7, n = 4..9","rms difference 0.018, worst +0.026",6,see SURVIVAL in scripts/paper/noise_floors.py,
"L2 survival s, 8x7B w2, board to board",as above,"b: 9b6d01 / 4da056, n = 4..9","rms difference 0.018, worst -0.027",6,see SURVIVAL in scripts/paper/noise_floors.py,
"L2 survival s, 8x7B w2, board to board",as above,"b: 7269a7 / 4da056, n = 4..9","rms difference 0.035, worst -0.045",6,see SURVIVAL in scripts/paper/noise_floors.py,
"L2 survival s, tp2 w2, board to board",as above,"b: 7269a7 / 4da056, n = 4..9","rms difference 0.006, worst -0.012",6,see SURVIVAL in scripts/paper/noise_floors.py,
"L2 survival s, tp4 w1, board to board",as above,"b: 7269a7 / 4da056, n = 4..9","rms difference 0.011, worst -0.025",6,see SURVIVAL in scripts/paper/noise_floors.py,
"T2 f (PRIVATE w2 n=9 re-read fraction), tp2 G=64, board to board","rho42 1.199, rho84 1.184 against bands R1 ~1.0, R2 1.4 to 1.9",b: 7269a7 / 4da056,q 11.570 / 11.127; f 0.5802 / 0.4802 (-17.2%),1,results/published/2026-10-01-nvidia_gh200_480gb-rental1-session/results/2026-10-01-nvidia_gh200_480gb-mixtral-8x7b-tp2-atile-r3-counters/lock1710/r3c-g64.json; results/published/2026-10-02-nvidia_gh200_480gb-rental2-session/results/2026-10-02-nvidia_gh200_480gb-mixtral-8x7b-tp2-atbk64-r3-counters/lock1710/r3c-g64.json; results/published/2026-09-27-nvidia_gh200_480gb-session/results/2026-09-27-nvidia_gh200_480gb-r3-counters/lock1710/r3c-g16.json; results/published/2026-10-01-nvidia_gh200_480gb-rental1-session/results/2026-10-01-nvidia_gh200_480gb-mixtral-8x7b-sameboard-r3-counters/lock1710/r3c-g16.json; results/published/2026-09-27-nvidia_gh200_480gb-session/results/2026-09-27-nvidia_gh200_480gb-r3-counters/lock1710/r3c-g32.json; results/published/2026-10-01-nvidia_gh200_480gb-rental1-session/results/2026-10-01-nvidia_gh200_480gb-mixtral-8x7b-sameboard-r3-counters/lock1710/r3c-g32.json,"rho is a same-board ratio, so this board term enters rho only through a denominator taken on another board; registered noise model sigma_q 0.036"
"T2 f (PRIVATE w2 n=9 re-read fraction), 8x7B G=16, board to board","rho42 1.199, rho84 1.184 against bands R1 ~1.0, R2 1.4 to 1.9",b: 9b6d01 / 7269a7,q 9.930 / 10.095; f 0.2099 / 0.2472 (+17.7%),1,results/published/2026-10-01-nvidia_gh200_480gb-rental1-session/results/2026-10-01-nvidia_gh200_480gb-mixtral-8x7b-tp2-atile-r3-counters/lock1710/r3c-g64.json; results/published/2026-10-02-nvidia_gh200_480gb-rental2-session/results/2026-10-02-nvidia_gh200_480gb-mixtral-8x7b-tp2-atbk64-r3-counters/lock1710/r3c-g64.json; results/published/2026-09-27-nvidia_gh200_480gb-session/results/2026-09-27-nvidia_gh200_480gb-r3-counters/lock1710/r3c-g16.json; results/published/2026-10-01-nvidia_gh200_480gb-rental1-session/results/2026-10-01-nvidia_gh200_480gb-mixtral-8x7b-sameboard-r3-counters/lock1710/r3c-g16.json; results/published/2026-09-27-nvidia_gh200_480gb-session/results/2026-09-27-nvidia_gh200_480gb-r3-counters/lock1710/r3c-g32.json; results/published/2026-10-01-nvidia_gh200_480gb-rental1-session/results/2026-10-01-nvidia_gh200_480gb-mixtral-8x7b-sameboard-r3-counters/lock1710/r3c-g32.json,"rho is a same-board ratio, so this board term enters rho only through a denominator taken on another board; registered noise model sigma_q 0.036"
"T2 f (PRIVATE w2 n=9 re-read fraction), 8x7B G=32, board to board","rho42 1.199, rho84 1.184 against bands R1 ~1.0, R2 1.4 to 1.9",b: 9b6d01 / 7269a7,q 10.691 / 11.171; f 0.3818 / 0.4900 (+28.3%),1,results/published/2026-10-01-nvidia_gh200_480gb-rental1-session/results/2026-10-01-nvidia_gh200_480gb-mixtral-8x7b-tp2-atile-r3-counters/lock1710/r3c-g64.json; results/published/2026-10-02-nvidia_gh200_480gb-rental2-session/results/2026-10-02-nvidia_gh200_480gb-mixtral-8x7b-tp2-atbk64-r3-counters/lock1710/r3c-g64.json; results/published/2026-09-27-nvidia_gh200_480gb-session/results/2026-09-27-nvidia_gh200_480gb-r3-counters/lock1710/r3c-g16.json; results/published/2026-10-01-nvidia_gh200_480gb-rental1-session/results/2026-10-01-nvidia_gh200_480gb-mixtral-8x7b-sameboard-r3-counters/lock1710/r3c-g16.json; results/published/2026-09-27-nvidia_gh200_480gb-session/results/2026-09-27-nvidia_gh200_480gb-r3-counters/lock1710/r3c-g32.json; results/published/2026-10-01-nvidia_gh200_480gb-rental1-session/results/2026-10-01-nvidia_gh200_480gb-mixtral-8x7b-sameboard-r3-counters/lock1710/r3c-g32.json,"rho is a same-board ratio, so this board term enters rho only through a denominator taken on another board; registered noise model sigma_q 0.036"
launch GR / C_reg (graph replay),"P1 band [0.80, 1.10] x C_reg","a: the 3 repeats of each GR cell, rentals 1 and 2","repeat sd 0.12% median, 0.36% p90",159,results/published/2026-10-01-nvidia_gh200_480gb-rental1-session/results/2026-10-01-nvidia_gh200_480gb-launch-floor-rental1/granite-3.0-3b-a800m/cells.csv; results/published/2026-10-01-nvidia_gh200_480gb-rental1-session/results/2026-10-01-nvidia_gh200_480gb-launch-floor-rental1/jetmoe-8b/cells.csv; results/published/2026-10-01-nvidia_gh200_480gb-rental1-session/results/2026-10-01-nvidia_gh200_480gb-launch-floor-rental1/granite-3.0-1b-a400m/cells.csv; results/published/2026-10-02-nvidia_gh200_480gb-rental2-session/results/2026-10-02-nvidia_gh200_480gb-launch-floor-r2/granite-3.0-3b-a800m/cells.csv; results/published/2026-10-02-nvidia_gh200_480gb-rental2-session/results/2026-10-02-nvidia_gh200_480gb-launch-floor-r2/jetmoe-8b/cells.csv; results/published/2026-10-02-nvidia_gh200_480gb-rental2-session/results/2026-10-02-nvidia_gh200_480gb-launch-floor-r2/granite-3.0-1b-a400m/cells.csv; results/published/2026-10-02-nvidia_gh200_480gb-rental2-session/results/2026-10-02-nvidia_gh200_480gb-launch-floor-r2/mixtral-8x7b-tp8/cells.csv,
"launch GR, granite-3.0-3b-a800m, rental 1 against rental 2",as above,"b: 7269a7 / 4da056, same (arm, n)","rms difference 0.53%, worst -1.39%",27,results/published/2026-10-01-nvidia_gh200_480gb-rental1-session/results/2026-10-01-nvidia_gh200_480gb-launch-floor-rental1/granite-3.0-3b-a800m/cells.csv; results/published/2026-10-02-nvidia_gh200_480gb-rental2-session/results/2026-10-02-nvidia_gh200_480gb-launch-floor-r2/granite-3.0-3b-a800m/cells.csv,two boards and two host states (rental 1's post-trace host)
"launch GR, jetmoe-8b, rental 1 against rental 2",as above,"b: 7269a7 / 4da056, same (arm, n)","rms difference 1.19%, worst -2.30%",12,results/published/2026-10-01-nvidia_gh200_480gb-rental1-session/results/2026-10-01-nvidia_gh200_480gb-launch-floor-rental1/jetmoe-8b/cells.csv; results/published/2026-10-02-nvidia_gh200_480gb-rental2-session/results/2026-10-02-nvidia_gh200_480gb-launch-floor-r2/jetmoe-8b/cells.csv,two boards and two host states (rental 1's post-trace host)
"launch GR, granite-3.0-1b-a400m, rental 1 against rental 2",as above,"b: 7269a7 / 4da056, same (arm, n)","rms difference 0.51%, worst -1.76%",27,results/published/2026-10-01-nvidia_gh200_480gb-rental1-session/results/2026-10-01-nvidia_gh200_480gb-launch-floor-rental1/granite-3.0-1b-a400m/cells.csv; results/published/2026-10-02-nvidia_gh200_480gb-rental2-session/results/2026-10-02-nvidia_gh200_480gb-launch-floor-r2/granite-3.0-1b-a400m/cells.csv,two boards and two host states (rental 1's post-trace host)
part-4 per-cell rms (cycles),"tp8 4248 / 4104, tp4 4028 / 4423; sigma_cell 2678 (CAL)","a: rental 2 tp8, tp4, tp2 w1 cells, 1710 capture minus base capture, n >= 2","sd of difference 3,826 cycles (single-capture sigma 2,705), mean +2,026",32,results/published/2026-10-02-nvidia_gh200_480gb-rental2-session/results/2026-10-02-nvidia_gh200_480gb-mixtral-8x7b-tp8-floor2-r3-counters/r3f-g64.json; results/published/2026-10-02-nvidia_gh200_480gb-rental2-session/results/2026-10-02-nvidia_gh200_480gb-mixtral-8x7b-tp8-floor2-r3-counters/r3f-g64-lock1710.json; results/published/2026-10-02-nvidia_gh200_480gb-rental2-session/results/2026-10-02-nvidia_gh200_480gb-mixtral-8x7b-tp4-floor-r3-counters/r3f-g64.json; results/published/2026-10-02-nvidia_gh200_480gb-rental2-session/results/2026-10-02-nvidia_gh200_480gb-mixtral-8x7b-tp4-floor-r3-counters/r3f-g64-lock1710.json; results/published/2026-10-02-nvidia_gh200_480gb-rental2-session/results/2026-10-02-nvidia_gh200_480gb-mixtral-8x7b-tp2-floor-r3-counters/r3f-g64.json; results/published/2026-10-02-nvidia_gh200_480gb-rental2-session/results/2026-10-02-nvidia_gh200_480gb-mixtral-8x7b-tp2-floor-r3-counters/r3f-g64-lock1710.json,between clocks; a same-clock repeat capture does not exist: no replicate exists; rental 3 part R
clock elasticity eta,"0.988 at G=4, 0.312 at G=1",interval of the fit,"[0.985, 0.990] and [0.311, 0.313]",,results/published/2026-09-27-nvidia_gh200_480gb-session/session/README.md; docs/FINDINGS.md 2026-09-27,"cited, not recomputed"
K3 intercept ratio,0.921 against ns form 0.597,registered noise model,+-0.075 (2 sigma 0.150),,"scripts/scoring/rental2/SCORES.md part 3, K3","cited, not recomputed"
part-4 theta,"+0.54 tp8, +0.80 tp4",registered noise model,"sigma 0.276 tp8, 0.200 tp4",,scripts/scoring/rental2/SCORES.md part 4,"cited, not recomputed"
