model,scope,parameter,unit,value,fitted_on,how,carried_by
timing,per card,T0,ms,"0.0540 (8x22B); 0.0529 (Qwen2-57B); 0.0441 (OLMoE); 0.0242 (OLMoE H100 (not run)); 0.0442 (Qwen1.5, Phi-3.5, JetMoE, Granite-3B); 0.0241 (Granite-3B H100 (not run))","GH200: results/published/2026-09-27-nvidia_gh200_480gb-session: five lock-1710 timed pages (G = 2, 3, 4, 8, 32), refitted at each model version; H100: results/published/2026-09-25-nvidia_h100_80gb_hbm3-session: five lock-1710 timed pages (G = 1, 2, 4, 16, 64) and its base-clock counter pages","bounded least squares on call time (r3_timing_model.fit, NAMES)","8x22B, Qwen2-57B, OLMoE, OLMoE H100 (not run), Qwen1.5, Phi-3.5, JetMoE, Granite-3B, Granite-3B H100 (not run)"
timing,per card,c,ns,"206.69 (8x22B); 206.58 (Qwen2-57B, OLMoE); 205.76 (OLMoE H100 (not run)); 202.55 (Qwen1.5, Phi-3.5, JetMoE, Granite-3B, tp8 floor (CORES)); 201.72 (Granite-3B H100 (not run))","GH200: results/published/2026-09-27-nvidia_gh200_480gb-session: five lock-1710 timed pages (G = 2, 3, 4, 8, 32), refitted at each model version; H100: results/published/2026-09-25-nvidia_h100_80gb_hbm3-session: five lock-1710 timed pages (G = 1, 2, 4, 16, 64) and its base-clock counter pages","bounded least squares on call time (r3_timing_model.fit, NAMES)","8x22B, Qwen2-57B, OLMoE, OLMoE H100 (not run), Qwen1.5, Phi-3.5, JetMoE, Granite-3B, Granite-3B H100 (not run), tp8 floor (CORES)"
timing,per card,bw,GB/s,"3601.26 (8x22B); 3597.85 (Qwen2-57B, OLMoE); 2970.82 (OLMoE H100 (not run)); 3597.80 (Qwen1.5, Phi-3.5, JetMoE, Granite-3B, tp8 floor (CORES)); 2970.28 (Granite-3B H100 (not run))","GH200: results/published/2026-09-27-nvidia_gh200_480gb-session: five lock-1710 timed pages (G = 2, 3, 4, 8, 32), refitted at each model version; H100: results/published/2026-09-25-nvidia_h100_80gb_hbm3-session: five lock-1710 timed pages (G = 1, 2, 4, 16, 64) and its base-clock counter pages","bounded least squares on call time (r3_timing_model.fit, NAMES)","8x22B, Qwen2-57B, OLMoE, OLMoE H100 (not run), Qwen1.5, Phi-3.5, JetMoE, Granite-3B, Granite-3B H100 (not run), tp8 floor (CORES)"
timing,per card,s_small,ms,"0.0037 (8x22B); 0.0033 (Qwen2-57B); 0.0121 (OLMoE, Granite-3B H100 (not run)); 0.0122 (OLMoE H100 (not run)); 0.0120 (Qwen1.5, Phi-3.5, JetMoE, Granite-3B)","GH200: results/published/2026-09-27-nvidia_gh200_480gb-session: five lock-1710 timed pages (G = 2, 3, 4, 8, 32), refitted at each model version; H100: results/published/2026-09-25-nvidia_h100_80gb_hbm3-session: five lock-1710 timed pages (G = 1, 2, 4, 16, 64) and its base-clock counter pages","bounded least squares on call time (r3_timing_model.fit, NAMES)","8x22B, Qwen2-57B, OLMoE, OLMoE H100 (not run), Qwen1.5, Phi-3.5, JetMoE, Granite-3B, Granite-3B H100 (not run)"
timing,per card,s_block,ms,"-0.0192 (8x22B); -0.0168 (Qwen2-57B); -0.0080 (OLMoE); 0.0189 (OLMoE H100 (not run)); -0.0081 (Qwen1.5, Phi-3.5, JetMoE, Granite-3B); 0.0194 (Granite-3B H100 (not run))","GH200: results/published/2026-09-27-nvidia_gh200_480gb-session: five lock-1710 timed pages (G = 2, 3, 4, 8, 32), refitted at each model version; H100: results/published/2026-09-25-nvidia_h100_80gb_hbm3-session: five lock-1710 timed pages (G = 1, 2, 4, 16, 64) and its base-clock counter pages","bounded least squares on call time (r3_timing_model.fit, NAMES)","8x22B, Qwen2-57B, OLMoE, OLMoE H100 (not run), Qwen1.5, Phi-3.5, JetMoE, Granite-3B, Granite-3B H100 (not run)"
timing,study,k_w,,0.5000,"the 2026-09-25/26 judge's scan on three cards (rms optimum 0.40 to 0.50; r3_timing_model.py docstring, WHAT IT FITS)","rms scan, held fixed","8x22B, Qwen2-57B, OLMoE, OLMoE H100 (not run), Qwen1.5, Phi-3.5, JetMoE, Granite-3B, Granite-3B H100 (not run), tp8 floor (CORES)"
timing,study,P_KNEE (p),,14,"8x7B timed pages of three Hopper boards (free fits 13.9, 13.9, 12.6; 8900699); 8x22B's own pages want about 23","free fit, rounded and held","8x22B, Qwen2-57B, OLMoE, OLMoE H100 (not run), Qwen1.5, Phi-3.5, JetMoE, Granite-3B, Granite-3B H100 (not run), tp8 floor (CORES)"
timing,study,DEAD_CTA_NS,ns,1.333,"2026-09-27 GH200 8x7B counter pages, SHARED minus NATIVE in-kernel cycles, 72 cells (ea2c77c)",regression on counters,"OLMoE, OLMoE H100 (not run), Qwen1.5, Phi-3.5, JetMoE, Granite-3B, Granite-3B H100 (not run), tp8 floor (CORES)"
timing,study,c_floor,cycles per CTA k-step,344.10,"the four calibration models' lock-1710 counter pages: 8x7B 2026-09-27, 8x22B and Qwen2-57B 2026-09-28, OLMoE 2026-09-29; SHARED and NATIVE, G >= 8, n = 2 to 9, 512 GEMM cells (0f77622)","joint regression with F_w1, F_w2 on sm__cycles_elapsed.avg; the floor predictions use it directly, the timing model through PHI = F / c","Qwen1.5, Phi-3.5, JetMoE, Granite-3B, Granite-3B H100 (not run), tp8 floor (CORES)"
timing,study,F_w1,cycles per CTA,520 (se 13); PHI_w1 = 1.512,same fit,same fit,"Qwen1.5, Phi-3.5, JetMoE, Granite-3B, Granite-3B H100 (not run), tp8 floor (CORES)"
timing,study,F_w2,cycles per CTA,979 (se 8); PHI_w2 = 2.846,same fit,same fit,"Qwen1.5, Phi-3.5, JetMoE, Granite-3B, Granite-3B H100 (not run), tp8 floor (CORES)"
timing,study,CORES_RHO_GBPS (rho),GB/s per resident CTA,11.48,"72 calibration GEMM cells in the rule's domain (8x7B w2 n = 1, 2; 8x22B w2 n = 1); the pooled form chosen on JetMoE-8B's published n = 3 page (SEEN)",regression on counters,tp8 floor (CORES)
bytes,per card,C_A,MiB,"138.48 (8x22B, Qwen2-57B, OLMoE, Qwen1.5, Phi-3.5, JetMoE, Granite-3B); 156.25 (OLMoE H100 (not run), Granite-3B H100 (not run))","results/published/2026-09-27-nvidia_gh200_480gb-session: eight lock-1710 counter pages (r3c-g{1,2,3,4,8,16,32,64}.json); stage 1: PRIVATE, every G and tread, both GEMMs","simplex on (q_pred / q_meas - 1)^2, stage 1 (wave_split_bytes.fit_view)","8x22B, Qwen2-57B, OLMoE, OLMoE H100 (not run), Qwen1.5, Phi-3.5, JetMoE, Granite-3B, Granite-3B H100 (not run)"
bytes,per card,beta_A,,"1.266 (8x22B, Qwen2-57B, OLMoE, Qwen1.5, Phi-3.5, JetMoE, Granite-3B); 1.148 (OLMoE H100 (not run), Granite-3B H100 (not run))","results/published/2026-09-27-nvidia_gh200_480gb-session: eight lock-1710 counter pages (r3c-g{1,2,3,4,8,16,32,64}.json); stage 1: PRIVATE, every G and tread, both GEMMs","simplex on (q_pred / q_meas - 1)^2, stage 1 (wave_split_bytes.fit_view)","8x22B, Qwen2-57B, OLMoE, OLMoE H100 (not run), Qwen1.5, Phi-3.5, JetMoE, Granite-3B, Granite-3B H100 (not run)"
bytes,per card,theta1_A,,"1.71e-07 (8x22B, Qwen2-57B, OLMoE, Qwen1.5, Phi-3.5, JetMoE, Granite-3B); 0.0330 (OLMoE H100 (not run), Granite-3B H100 (not run))","results/published/2026-09-27-nvidia_gh200_480gb-session: eight lock-1710 counter pages (r3c-g{1,2,3,4,8,16,32,64}.json); stage 1: PRIVATE, every G and tread, both GEMMs","simplex on (q_pred / q_meas - 1)^2, stage 1 (wave_split_bytes.fit_view)","8x22B, Qwen2-57B, OLMoE, OLMoE H100 (not run), Qwen1.5, Phi-3.5, JetMoE, Granite-3B, Granite-3B H100 (not run)"
bytes,per card,C_B,MiB,"69.85 (8x22B); 72.52 (Qwen2-57B, OLMoE, Qwen1.5, Phi-3.5, JetMoE, Granite-3B); 74.41 (OLMoE H100 (not run), Granite-3B H100 (not run))","results/published/2026-09-27-nvidia_gh200_480gb-session: eight lock-1710 counter pages (r3c-g{1,2,3,4,8,16,32,64}.json); stage 2: SHARED and NATIVE at G in {1, 2, 4}, stage 1 held","simplex on (q_pred / q_meas - 1)^2, stage 2 (wave_split_bytes.fit_view)","8x22B, Qwen2-57B, OLMoE, OLMoE H100 (not run), Qwen1.5, Phi-3.5, JetMoE, Granite-3B, Granite-3B H100 (not run)"
bytes,per card,beta_B,,"1.808 (8x22B); 1.324 (Qwen2-57B, OLMoE, Qwen1.5, Phi-3.5, JetMoE, Granite-3B); 1.347 (OLMoE H100 (not run), Granite-3B H100 (not run))","results/published/2026-09-27-nvidia_gh200_480gb-session: eight lock-1710 counter pages (r3c-g{1,2,3,4,8,16,32,64}.json); stage 2: SHARED and NATIVE at G in {1, 2, 4}, stage 1 held","simplex on (q_pred / q_meas - 1)^2, stage 2 (wave_split_bytes.fit_view)","8x22B, Qwen2-57B, OLMoE, OLMoE H100 (not run), Qwen1.5, Phi-3.5, JetMoE, Granite-3B, Granite-3B H100 (not run)"
bytes,per card,theta1,,"0.2367 (8x22B); 0.1967 (Qwen2-57B, OLMoE, Qwen1.5, Phi-3.5, JetMoE, Granite-3B); 0.2544 (OLMoE H100 (not run), Granite-3B H100 (not run))","results/published/2026-09-27-nvidia_gh200_480gb-session: eight lock-1710 counter pages (r3c-g{1,2,3,4,8,16,32,64}.json); stage 2: SHARED and NATIVE at G in {1, 2, 4}, stage 1 held","simplex on (q_pred / q_meas - 1)^2, stage 2 (wave_split_bytes.fit_view)","8x22B, Qwen2-57B, OLMoE, OLMoE H100 (not run), Qwen1.5, Phi-3.5, JetMoE, Granite-3B, Granite-3B H100 (not run)"
bytes,per card,eps1_w1,,"1.93e-22 (8x22B); 1.13e-08 (Qwen2-57B, OLMoE, Qwen1.5, Phi-3.5, JetMoE, Granite-3B); 1.36e-08 (OLMoE H100 (not run), Granite-3B H100 (not run))","results/published/2026-09-27-nvidia_gh200_480gb-session: eight lock-1710 counter pages (r3c-g{1,2,3,4,8,16,32,64}.json); stage 2: SHARED and NATIVE at G in {1, 2, 4}, stage 1 held","simplex on (q_pred / q_meas - 1)^2, stage 2 (wave_split_bytes.fit_view)","8x22B, Qwen2-57B, OLMoE, OLMoE H100 (not run), Qwen1.5, Phi-3.5, JetMoE, Granite-3B, Granite-3B H100 (not run)"
bytes,per card,eps1_w2,,"0.1867 (8x22B); 0.1027 (Qwen2-57B, OLMoE, Qwen1.5, Phi-3.5, JetMoE, Granite-3B); 0.0858 (OLMoE H100 (not run), Granite-3B H100 (not run))","results/published/2026-09-27-nvidia_gh200_480gb-session: eight lock-1710 counter pages (r3c-g{1,2,3,4,8,16,32,64}.json); stage 2: SHARED and NATIVE at G in {1, 2, 4}, stage 1 held","simplex on (q_pred / q_meas - 1)^2, stage 2 (wave_split_bytes.fit_view)","8x22B, Qwen2-57B, OLMoE, OLMoE H100 (not run), Qwen1.5, Phi-3.5, JetMoE, Granite-3B, Granite-3B H100 (not run)"
bytes,per card,C_A2,MiB,"86.18 (Qwen2-57B, OLMoE, Qwen1.5, Phi-3.5, JetMoE, Granite-3B); 205.27 (OLMoE H100 (not run), Granite-3B H100 (not run))","results/published/2026-09-27-nvidia_gh200_480gb-session: eight lock-1710 counter pages (r3c-g{1,2,3,4,8,16,32,64}.json); stage 3: SHARED and NATIVE w2 at G >= 32, n >= 2, stages 1 and 2 held; form chosen after the 8x22B pages (fb440c5)","simplex on (q_pred / q_meas - 1)^2, stage 3 (wave_split_bytes.fit_view)","Qwen2-57B, OLMoE, OLMoE H100 (not run), Qwen1.5, Phi-3.5, JetMoE, Granite-3B, Granite-3B H100 (not run)"
bytes,per card,beta_A2,,"1.476 (Qwen2-57B, OLMoE, Qwen1.5, Phi-3.5, JetMoE, Granite-3B); 0.5639 (OLMoE H100 (not run), Granite-3B H100 (not run))","results/published/2026-09-27-nvidia_gh200_480gb-session: eight lock-1710 counter pages (r3c-g{1,2,3,4,8,16,32,64}.json); stage 3: SHARED and NATIVE w2 at G >= 32, n >= 2, stages 1 and 2 held; form chosen after the 8x22B pages (fb440c5)","simplex on (q_pred / q_meas - 1)^2, stage 3 (wave_split_bytes.fit_view)","Qwen2-57B, OLMoE, OLMoE H100 (not run), Qwen1.5, Phi-3.5, JetMoE, Granite-3B, Granite-3B H100 (not run)"
bytes,"optional, off","k0_A, a_A",,0 (off) in every registered byte prediction,candidate R2 of 2026-10-01-atile-ksteps only (scripts/atile_pooled_fit.py),not part of the registered model,"none (R2 candidate, FALSIFIED by T4)"
