date,session,board,commit,models,counter pages
2026-09-25,2026-09-25-nvidia_gh200_480gb-session,board 1310e2,f49a213,mixtral-8x7b,5
2026-09-27,2026-09-27-nvidia_gh200_480gb-session,board 9b6d01,161f9ec,mixtral-8x7b,13
2026-09-28,2026-09-28-nvidia_gh200_480gb-8x22b-session,board 435984,f45358d,mixtral-8x22b,10
2026-09-28,2026-09-28-nvidia_gh200_480gb-qwen2-57b-session,board 50e61f,684a9e9,qwen2-57b-a14b,10
2026-09-29,2026-09-29-nvidia_gh200_480gb-jetmoe-session,board d67185,a1b6118,jetmoe-8b,10
2026-09-29,2026-09-29-nvidia_gh200_480gb-olmoe-session,board d663f7,b87d547,olmoe-1b-7b,10
2026-09-29,2026-09-29-nvidia_gh200_480gb-phi3.5-session,board d67185,a1b6118,phi-3.5-moe,10
2026-09-29,2026-09-29-nvidia_gh200_480gb-qwen1.5-session,board d67185,a1b6118,qwen1.5-moe-a2.7b,10
2026-09-30,2026-09-30-nvidia_gh200_480gb-granite-session,board 1310e2,a156392,granite-3.0-3b-a800m,10
2026-09-30,2026-09-30-nvidia_gh200_480gb-jetmoe-floor-session,board 594c0f,e6b1e20,jetmoe-8b,2
2026-09-30,2026-09-30-nvidia_gh200_480gb-mixtral8x7b-floor-session,board 594c0f,e6b1e20,mixtral-8x7b,4
2026-10-01,2026-10-01-nvidia_gh200_480gb-rental1-session,board 7269a7,436e41c,"mixtral-8x7b, mixtral-8x7b-tp2, mixtral-8x7b-tp4, mixtral-8x7b-tp8, olmoe-1b-7b, qwen2-57b-a14b",26
2026-10-02,2026-10-02-nvidia_gh200_480gb-rental2-session,board 4da056,2bf6fe3,"mixtral-8x7b, mixtral-8x7b-tp2, mixtral-8x7b-tp4, mixtral-8x7b-tp8",22
2026-10-06,2026-10-06-nvidia_gh200_480gb-rental3-session,board bb7a34,49f2198,"granite-3.0-1b-a400m, mixtral-8x7b-tp2, mixtral-8x7b-tp4, mixtral-8x7b-tp8, qwen2-57b-a14b-tp8",22
2026-10-07,2026-10-07-nvidia_gh200_480gb-rental4-session,board bb7a34,85ef38c,olmoe-1b-7b,7
