arm,repeat,block_m,tiles,rows_per_expert,tokens,copies,experts_declared,ms_p50,ms_min,ms_stdev,iters,trials,warmup_ms,instrument,sm_clock_load_mhz,clock_level_ok,clock_level_side,clock_drift_ok,l2_flush,status,detail,duty,power_w,duty_achieved,calls_per_burst,gap_ms,gap_basis,head_ms,tail_ms,within_burst_ok,clock_samples_mhz,host_bound,prov_bandwidth,prov_bandwidth_source,prov_cuda_version,prov_driver_version,prov_git_dirty,prov_git_dirty_files,prov_git_sha,prov_gpu_name,prov_hostname,prov_instrument,prov_iters,prov_missing,prov_provenance_version,prov_python,prov_ridge,prov_ridge_source,prov_sglang,prov_target_ms,prov_torch,prov_triton,prov_utc,prov_vllm,prov_warmup_ms
native,0,32,1,32,128,1,8,0.8473120033740997,0.8366720080375671,0.0038718342223760735,230,3,320.1094391942024,"scripts/clock_elasticity.py: bursts of N back-to-back fused_experts calls under one pinned tile, each call L2-flushed and bracketed by its own pre-primed event pair, the FIRST call of every burst discarded as a drained-queue launch, a host-side idle gap after each burst setting the sustained duty cycle, and the SM clock, board power and memory clock read through NVML with the burst still in flight; NOT timing.TIMING_BASIS",1815.0,False,high,True,True,ok,"LEVEL HIGH (recorded, never an exclusion here): loaded clock 1815 MHz against the 1455 MHz reference. At a duty cycle below 1.0 a HIGH reading is the experiment working, not a cell to drop.",0.25,281.737,0.24989570011790999,47,116.19623662008962,burst,0.8478400111198425,0.846176028251648,True,1815 1815 1830 1815 1815 1830 1815 1815 1815 1815 1815 1815 1815 1815 1815,False,3725.122836206298,"measured on this device: NVIDIA GH200 480GB (measured), 3725.1 GB/s (triad pattern)",13.0,580.105.08,True,1,f49a2133c942c20c3b1b72e002b03af1ccd216a3,NVIDIA GH200 480GB,192-222-57-200,"scripts/clock_elasticity.py: bursts of N back-to-back fused_experts calls under one pinned tile, each call L2-flushed and bracketed by its own pre-primed event pair, the FIRST call of every burst discarded as a drained-queue launch, a host-side idle gap after each burst setting the sustained duty cycle, and the SM clock, board power and memory clock read through NVML with the burst still in flight; NOT timing.TIMING_BASIS | duty 0.25 | each idle gap sized from its own burst (gap_basis burst)",,iters=supplied as None; sglang=package not installed,1,3.12.14,177.93141728460498,"measured on this device: NVIDIA GH200 480GB (measured), 662.8 TFLOP/s bf16 over 3725.1 GB/s (triad pattern); calibrated 2026-09-25 at f49a2133",,200.0,2.13.0,3.7.1,2026-09-25T07:50:38+00:00,0.27.1,300.0
shared,0,32,1,32,128,1,72,0.8459999859333038,0.8332800269126892,0.004063704091351192,230,3,359.64236837625504,"scripts/clock_elasticity.py: bursts of N back-to-back fused_experts calls under one pinned tile, each call L2-flushed and bracketed by its own pre-primed event pair, the FIRST call of every burst discarded as a drained-queue launch, a host-side idle gap after each burst setting the sustained duty cycle, and the SM clock, board power and memory clock read through NVML with the burst still in flight; NOT timing.TIMING_BASIS",1815.0,False,high,True,True,ok,"LEVEL HIGH (recorded, never an exclusion here): loaded clock 1815 MHz against the 1455 MHz reference. At a duty cycle below 1.0 a HIGH reading is the experiment working, not a cell to drop.",0.25,282.04,0.2498954378158528,47,116.02625461314892,burst,0.8461120128631592,0.8458240032196045,True,1815 1815 1815 1800 1815 1815 1815 1815 1815 1815 1800 1815 1800 1815 1815,False,3725.122836206298,"measured on this device: NVIDIA GH200 480GB (measured), 3725.1 GB/s (triad pattern)",13.0,580.105.08,True,1,f49a2133c942c20c3b1b72e002b03af1ccd216a3,NVIDIA GH200 480GB,192-222-57-200,"scripts/clock_elasticity.py: bursts of N back-to-back fused_experts calls under one pinned tile, each call L2-flushed and bracketed by its own pre-primed event pair, the FIRST call of every burst discarded as a drained-queue launch, a host-side idle gap after each burst setting the sustained duty cycle, and the SM clock, board power and memory clock read through NVML with the burst still in flight; NOT timing.TIMING_BASIS | duty 0.25 | each idle gap sized from its own burst (gap_basis burst)",,iters=supplied as None; sglang=package not installed,1,3.12.14,177.93141728460498,"measured on this device: NVIDIA GH200 480GB (measured), 662.8 TFLOP/s bf16 over 3725.1 GB/s (triad pattern); calibrated 2026-09-25 at f49a2133",,200.0,2.13.0,3.7.1,2026-09-25T07:50:38+00:00,0.27.1,300.0
private,0,32,1,32,128,1,72,0.8455359935760498,0.8357759714126587,0.003870312226690107,230,3,319.83894395828247,"scripts/clock_elasticity.py: bursts of N back-to-back fused_experts calls under one pinned tile, each call L2-flushed and bracketed by its own pre-primed event pair, the FIRST call of every burst discarded as a drained-queue launch, a host-side idle gap after each burst setting the sustained duty cycle, and the SM clock, board power and memory clock read through NVML with the burst still in flight; NOT timing.TIMING_BASIS",1830.0,False,high,True,True,ok,"LEVEL HIGH (recorded, never an exclusion here): loaded clock 1830 MHz against the 1455 MHz reference. At a duty cycle below 1.0 a HIGH reading is the experiment working, not a cell to drop.",0.25,288.482,0.2498969576552051,47,115.9327827455163,burst,0.8456000089645386,0.8455680012702942,True,1830 1815 1815 1830 1830 1830 1830 1830 1830 1830 1830 1830 1830 1830 1815,False,3725.122836206298,"measured on this device: NVIDIA GH200 480GB (measured), 3725.1 GB/s (triad pattern)",13.0,580.105.08,True,1,f49a2133c942c20c3b1b72e002b03af1ccd216a3,NVIDIA GH200 480GB,192-222-57-200,"scripts/clock_elasticity.py: bursts of N back-to-back fused_experts calls under one pinned tile, each call L2-flushed and bracketed by its own pre-primed event pair, the FIRST call of every burst discarded as a drained-queue launch, a host-side idle gap after each burst setting the sustained duty cycle, and the SM clock, board power and memory clock read through NVML with the burst still in flight; NOT timing.TIMING_BASIS | duty 0.25 | each idle gap sized from its own burst (gap_basis burst)",,iters=supplied as None; sglang=package not installed,1,3.12.14,177.93141728460498,"measured on this device: NVIDIA GH200 480GB (measured), 662.8 TFLOP/s bf16 over 3725.1 GB/s (triad pattern); calibrated 2026-09-25 at f49a2133",,200.0,2.13.0,3.7.1,2026-09-25T07:50:38+00:00,0.27.1,300.0
native,0,32,2,64,256,1,8,1.4641599655151367,1.4522240161895752,0.006332167615095529,125,3,307.2321286201477,"scripts/clock_elasticity.py: bursts of N back-to-back fused_experts calls under one pinned tile, each call L2-flushed and bracketed by its own pre-primed event pair, the FIRST call of every burst discarded as a drained-queue launch, a host-side idle gap after each burst setting the sustained duty cycle, and the SM clock, board power and memory clock read through NVML with the burst still in flight; NOT timing.TIMING_BASIS",1815.0,False,high,True,True,ok,"LEVEL HIGH (recorded, never an exclusion here): loaded clock 1815 MHz against the 1455 MHz reference. At a duty cycle below 1.0 a HIGH reading is the experiment working, not a cell to drop.",0.25,295.93,0.2498872395514503,26,112.55701901662543,burst,1.4629279971122742,1.4640960097312927,True,1755 1815 1815 1815 1800 1815 1815 1785 1815 1785 1815 1800 1815 1800 1785,False,3725.122836206298,"measured on this device: NVIDIA GH200 480GB (measured), 3725.1 GB/s (triad pattern)",13.0,580.105.08,True,1,f49a2133c942c20c3b1b72e002b03af1ccd216a3,NVIDIA GH200 480GB,192-222-57-200,"scripts/clock_elasticity.py: bursts of N back-to-back fused_experts calls under one pinned tile, each call L2-flushed and bracketed by its own pre-primed event pair, the FIRST call of every burst discarded as a drained-queue launch, a host-side idle gap after each burst setting the sustained duty cycle, and the SM clock, board power and memory clock read through NVML with the burst still in flight; NOT timing.TIMING_BASIS | duty 0.25 | each idle gap sized from its own burst (gap_basis burst)",,iters=supplied as None; sglang=package not installed,1,3.12.14,177.93141728460498,"measured on this device: NVIDIA GH200 480GB (measured), 662.8 TFLOP/s bf16 over 3725.1 GB/s (triad pattern); calibrated 2026-09-25 at f49a2133",,200.0,2.13.0,3.7.1,2026-09-25T07:50:38+00:00,0.27.1,300.0
shared,0,32,2,64,256,1,72,1.452239990234375,1.4406399726867676,0.008492860268600818,130,3,317.03846418857574,"scripts/clock_elasticity.py: bursts of N back-to-back fused_experts calls under one pinned tile, each call L2-flushed and bracketed by its own pre-primed event pair, the FIRST call of every burst discarded as a drained-queue launch, a host-side idle gap after each burst setting the sustained duty cycle, and the SM clock, board power and memory clock read through NVML with the burst still in flight; NOT timing.TIMING_BASIS",1800.0,False,high,True,True,ok,"LEVEL HIGH (recorded, never an exclusion here): loaded clock 1800 MHz against the 1455 MHz reference. At a duty cycle below 1.0 a HIGH reading is the experiment working, not a cell to drop.",0.25,296.71,0.24989445890410075,27,116.04564156718696,burst,1.4533600211143494,1.4538400173187256,True,1800 1815 1755 1800 1815 1785 1815 1800 1815 1755 1800 1815 1770 1815 1725,False,3725.122836206298,"measured on this device: NVIDIA GH200 480GB (measured), 3725.1 GB/s (triad pattern)",13.0,580.105.08,True,1,f49a2133c942c20c3b1b72e002b03af1ccd216a3,NVIDIA GH200 480GB,192-222-57-200,"scripts/clock_elasticity.py: bursts of N back-to-back fused_experts calls under one pinned tile, each call L2-flushed and bracketed by its own pre-primed event pair, the FIRST call of every burst discarded as a drained-queue launch, a host-side idle gap after each burst setting the sustained duty cycle, and the SM clock, board power and memory clock read through NVML with the burst still in flight; NOT timing.TIMING_BASIS | duty 0.25 | each idle gap sized from its own burst (gap_basis burst)",,iters=supplied as None; sglang=package not installed,1,3.12.14,177.93141728460498,"measured on this device: NVIDIA GH200 480GB (measured), 662.8 TFLOP/s bf16 over 3725.1 GB/s (triad pattern); calibrated 2026-09-25 at f49a2133",,200.0,2.13.0,3.7.1,2026-09-25T07:50:38+00:00,0.27.1,300.0
private,0,32,2,64,256,2,72,1.643231987953186,1.6347839832305908,0.004567723444439812,115,3,317.26246333122253,"scripts/clock_elasticity.py: bursts of N back-to-back fused_experts calls under one pinned tile, each call L2-flushed and bracketed by its own pre-primed event pair, the FIRST call of every burst discarded as a drained-queue launch, a host-side idle gap after each burst setting the sustained duty cycle, and the SM clock, board power and memory clock read through NVML with the burst still in flight; NOT timing.TIMING_BASIS",1815.0,False,high,True,True,ok,"LEVEL HIGH (recorded, never an exclusion here): loaded clock 1815 MHz against the 1455 MHz reference. At a duty cycle below 1.0 a HIGH reading is the experiment working, not a cell to drop.",0.25,287.858,0.24989902792567845,24,116.86250725432181,burst,1.643231987953186,1.6427520513534546,True,1815 1800 1815 1770 1815 1815 1815 1815 1815 1815 1815 1815 1815 1800 1815,False,3725.122836206298,"measured on this device: NVIDIA GH200 480GB (measured), 3725.1 GB/s (triad pattern)",13.0,580.105.08,True,1,f49a2133c942c20c3b1b72e002b03af1ccd216a3,NVIDIA GH200 480GB,192-222-57-200,"scripts/clock_elasticity.py: bursts of N back-to-back fused_experts calls under one pinned tile, each call L2-flushed and bracketed by its own pre-primed event pair, the FIRST call of every burst discarded as a drained-queue launch, a host-side idle gap after each burst setting the sustained duty cycle, and the SM clock, board power and memory clock read through NVML with the burst still in flight; NOT timing.TIMING_BASIS | duty 0.25 | each idle gap sized from its own burst (gap_basis burst)",,iters=supplied as None; sglang=package not installed,1,3.12.14,177.93141728460498,"measured on this device: NVIDIA GH200 480GB (measured), 662.8 TFLOP/s bf16 over 3725.1 GB/s (triad pattern); calibrated 2026-09-25 at f49a2133",,200.0,2.13.0,3.7.1,2026-09-25T07:50:38+00:00,0.27.1,300.0
native,0,32,3,96,384,1,8,2.180959939956665,2.16758394241333,0.007020949998351025,85,3,316.9985282421112,"scripts/clock_elasticity.py: bursts of N back-to-back fused_experts calls under one pinned tile, each call L2-flushed and bracketed by its own pre-primed event pair, the FIRST call of every burst discarded as a drained-queue launch, a host-side idle gap after each burst setting the sustained duty cycle, and the SM clock, board power and memory clock read through NVML with the burst still in flight; NOT timing.TIMING_BASIS",1800.0,False,high,True,True,ok,"LEVEL HIGH (recorded, never an exclusion here): loaded clock 1800 MHz against the 1455 MHz reference. At a duty cycle below 1.0 a HIGH reading is the experiment working, not a cell to drop.",0.25,295.274,0.24989497552400608,18,116.70581063691135,burst,2.180559992790222,2.1827200651168823,True,1785 1815 1740 1815 1815 1770 1815 1800 1815 1740 1785 1815 1785 1815 1740,False,3725.122836206298,"measured on this device: NVIDIA GH200 480GB (measured), 3725.1 GB/s (triad pattern)",13.0,580.105.08,True,1,f49a2133c942c20c3b1b72e002b03af1ccd216a3,NVIDIA GH200 480GB,192-222-57-200,"scripts/clock_elasticity.py: bursts of N back-to-back fused_experts calls under one pinned tile, each call L2-flushed and bracketed by its own pre-primed event pair, the FIRST call of every burst discarded as a drained-queue launch, a host-side idle gap after each burst setting the sustained duty cycle, and the SM clock, board power and memory clock read through NVML with the burst still in flight; NOT timing.TIMING_BASIS | duty 0.25 | each idle gap sized from its own burst (gap_basis burst)",,iters=supplied as None; sglang=package not installed,1,3.12.14,177.93141728460498,"measured on this device: NVIDIA GH200 480GB (measured), 662.8 TFLOP/s bf16 over 3725.1 GB/s (triad pattern); calibrated 2026-09-25 at f49a2133",,200.0,2.13.0,3.7.1,2026-09-25T07:50:38+00:00,0.27.1,300.0
shared,0,32,3,96,384,1,72,2.1745920181274414,2.1644480228424072,0.008034632123482212,85,3,316.58518505096436,"scripts/clock_elasticity.py: bursts of N back-to-back fused_experts calls under one pinned tile, each call L2-flushed and bracketed by its own pre-primed event pair, the FIRST call of every burst discarded as a drained-queue launch, a host-side idle gap after each burst setting the sustained duty cycle, and the SM clock, board power and memory clock read through NVML with the burst still in flight; NOT timing.TIMING_BASIS",1800.0,False,high,True,True,ok,"LEVEL HIGH (recorded, never an exclusion here): loaded clock 1800 MHz against the 1455 MHz reference. At a duty cycle below 1.0 a HIGH reading is the experiment working, not a cell to drop.",0.25,299.822,0.24989415867524242,18,116.46049748180303,burst,2.1745760440826416,2.174239993095398,True,1815 1770 1800 1710 1815 1815 1800 1815 1785 1770 1770 1800 1785 1815 1815,False,3725.122836206298,"measured on this device: NVIDIA GH200 480GB (measured), 3725.1 GB/s (triad pattern)",13.0,580.105.08,True,1,f49a2133c942c20c3b1b72e002b03af1ccd216a3,NVIDIA GH200 480GB,192-222-57-200,"scripts/clock_elasticity.py: bursts of N back-to-back fused_experts calls under one pinned tile, each call L2-flushed and bracketed by its own pre-primed event pair, the FIRST call of every burst discarded as a drained-queue launch, a host-side idle gap after each burst setting the sustained duty cycle, and the SM clock, board power and memory clock read through NVML with the burst still in flight; NOT timing.TIMING_BASIS | duty 0.25 | each idle gap sized from its own burst (gap_basis burst)",,iters=supplied as None; sglang=package not installed,1,3.12.14,177.93141728460498,"measured on this device: NVIDIA GH200 480GB (measured), 662.8 TFLOP/s bf16 over 3725.1 GB/s (triad pattern); calibrated 2026-09-25 at f49a2133",,200.0,2.13.0,3.7.1,2026-09-25T07:50:38+00:00,0.27.1,300.0
private,0,32,3,96,384,3,72,2.4447360038757324,2.4325759410858154,0.004400741375543184,75,3,314.5082230567932,"scripts/clock_elasticity.py: bursts of N back-to-back fused_experts calls under one pinned tile, each call L2-flushed and bracketed by its own pre-primed event pair, the FIRST call of every burst discarded as a drained-queue launch, a host-side idle gap after each burst setting the sustained duty cycle, and the SM clock, board power and memory clock read through NVML with the burst still in flight; NOT timing.TIMING_BASIS",1815.0,False,high,True,True,ok,"LEVEL HIGH (recorded, never an exclusion here): loaded clock 1815 MHz against the 1455 MHz reference. At a duty cycle below 1.0 a HIGH reading is the experiment working, not a cell to drop.",0.25,292.43,0.24989736330392756,16,116.56645164247311,burst,2.4438719749450684,2.4451839923858643,True,1815 1815 1800 1800 1815 1800 1815 1815 1815 1800 1815 1755 1800 1800 1815,False,3725.122836206298,"measured on this device: NVIDIA GH200 480GB (measured), 3725.1 GB/s (triad pattern)",13.0,580.105.08,True,1,f49a2133c942c20c3b1b72e002b03af1ccd216a3,NVIDIA GH200 480GB,192-222-57-200,"scripts/clock_elasticity.py: bursts of N back-to-back fused_experts calls under one pinned tile, each call L2-flushed and bracketed by its own pre-primed event pair, the FIRST call of every burst discarded as a drained-queue launch, a host-side idle gap after each burst setting the sustained duty cycle, and the SM clock, board power and memory clock read through NVML with the burst still in flight; NOT timing.TIMING_BASIS | duty 0.25 | each idle gap sized from its own burst (gap_basis burst)",,iters=supplied as None; sglang=package not installed,1,3.12.14,177.93141728460498,"measured on this device: NVIDIA GH200 480GB (measured), 662.8 TFLOP/s bf16 over 3725.1 GB/s (triad pattern); calibrated 2026-09-25 at f49a2133",,200.0,2.13.0,3.7.1,2026-09-25T07:50:38+00:00,0.27.1,300.0
native,0,32,4,128,512,1,8,2.882848024368286,2.8656959533691406,0.009772102009087569,60,3,303.0204484462738,"scripts/clock_elasticity.py: bursts of N back-to-back fused_experts calls under one pinned tile, each call L2-flushed and bracketed by its own pre-primed event pair, the FIRST call of every burst discarded as a drained-queue launch, a host-side idle gap after each burst setting the sustained duty cycle, and the SM clock, board power and memory clock read through NVML with the burst still in flight; NOT timing.TIMING_BASIS",1815.0,False,high,True,True,ok,"LEVEL HIGH (recorded, never an exclusion here): loaded clock 1815 MHz against the 1455 MHz reference. At a duty cycle below 1.0 a HIGH reading is the experiment working, not a cell to drop.",0.25,313.692,0.24989068359172115,13,111.91639850984575,burst,2.8829119205474854,2.8844480514526367,True,1800 1815 1770 1815 1725 1815 1815 1815 1770 1815 1770 1815 1785 1815 1785,False,3725.122836206298,"measured on this device: NVIDIA GH200 480GB (measured), 3725.1 GB/s (triad pattern)",13.0,580.105.08,True,1,f49a2133c942c20c3b1b72e002b03af1ccd216a3,NVIDIA GH200 480GB,192-222-57-200,"scripts/clock_elasticity.py: bursts of N back-to-back fused_experts calls under one pinned tile, each call L2-flushed and bracketed by its own pre-primed event pair, the FIRST call of every burst discarded as a drained-queue launch, a host-side idle gap after each burst setting the sustained duty cycle, and the SM clock, board power and memory clock read through NVML with the burst still in flight; NOT timing.TIMING_BASIS | duty 0.25 | each idle gap sized from its own burst (gap_basis burst)",,iters=supplied as None; sglang=package not installed,1,3.12.14,177.93141728460498,"measured on this device: NVIDIA GH200 480GB (measured), 662.8 TFLOP/s bf16 over 3725.1 GB/s (triad pattern); calibrated 2026-09-25 at f49a2133",,200.0,2.13.0,3.7.1,2026-09-25T07:50:38+00:00,0.27.1,300.0
shared,0,32,4,128,512,1,72,2.8840320110321045,2.8712639808654785,0.016325151748403013,65,3,570.3484811782837,"scripts/clock_elasticity.py: bursts of N back-to-back fused_experts calls under one pinned tile, each call L2-flushed and bracketed by its own pre-primed event pair, the FIRST call of every burst discarded as a drained-queue launch, a host-side idle gap after each burst setting the sustained duty cycle, and the SM clock, board power and memory clock read through NVML with the burst still in flight; NOT timing.TIMING_BASIS",1800.0,False,high,True,True,ok,"LEVEL HIGH (recorded, never an exclusion here): loaded clock 1800 MHz against the 1455 MHz reference. At a duty cycle below 1.0 a HIGH reading is the experiment working, not a cell to drop.",0.25,302.577,0.24989933069586243,14,120.53485345275841,burst,2.885983943939209,2.890496015548706,True,1815 1620 1815 1725 1800 1815 1785 1785 1815 1770 1815 1815 1800 1815 1770,False,3725.122836206298,"measured on this device: NVIDIA GH200 480GB (measured), 3725.1 GB/s (triad pattern)",13.0,580.105.08,True,1,f49a2133c942c20c3b1b72e002b03af1ccd216a3,NVIDIA GH200 480GB,192-222-57-200,"scripts/clock_elasticity.py: bursts of N back-to-back fused_experts calls under one pinned tile, each call L2-flushed and bracketed by its own pre-primed event pair, the FIRST call of every burst discarded as a drained-queue launch, a host-side idle gap after each burst setting the sustained duty cycle, and the SM clock, board power and memory clock read through NVML with the burst still in flight; NOT timing.TIMING_BASIS | duty 0.25 | each idle gap sized from its own burst (gap_basis burst)",,iters=supplied as None; sglang=package not installed,1,3.12.14,177.93141728460498,"measured on this device: NVIDIA GH200 480GB (measured), 662.8 TFLOP/s bf16 over 3725.1 GB/s (triad pattern); calibrated 2026-09-25 at f49a2133",,200.0,2.13.0,3.7.1,2026-09-25T07:50:38+00:00,0.27.1,300.0
private,0,32,4,128,512,4,72,3.2320640087127686,3.2216639518737793,0.004429625873945782,55,3,311.87411189079285,"scripts/clock_elasticity.py: bursts of N back-to-back fused_experts calls under one pinned tile, each call L2-flushed and bracketed by its own pre-primed event pair, the FIRST call of every burst discarded as a drained-queue launch, a host-side idle gap after each burst setting the sustained duty cycle, and the SM clock, board power and memory clock read through NVML with the burst still in flight; NOT timing.TIMING_BASIS",1815.0,False,high,False,True,ok,"LEVEL HIGH (recorded, never an exclusion here): loaded clock 1815 MHz against the 1455 MHz reference. At a duty cycle below 1.0 a HIGH reading is the experiment working, not a cell to drop.; DRIFT failed, settling upward: 1680 -> 1815 MHz over 15 bursts; this cell is EXCLUDED",0.25,305.905,0.24989146692398923,12,115.8489562683899,burst,3.2323200702667236,3.231663942337036,True,1680 1785 1815 1815 1815 1755 1800 1815 1815 1815 1815 1815 1815 1815 1815,False,3725.122836206298,"measured on this device: NVIDIA GH200 480GB (measured), 3725.1 GB/s (triad pattern)",13.0,580.105.08,True,1,f49a2133c942c20c3b1b72e002b03af1ccd216a3,NVIDIA GH200 480GB,192-222-57-200,"scripts/clock_elasticity.py: bursts of N back-to-back fused_experts calls under one pinned tile, each call L2-flushed and bracketed by its own pre-primed event pair, the FIRST call of every burst discarded as a drained-queue launch, a host-side idle gap after each burst setting the sustained duty cycle, and the SM clock, board power and memory clock read through NVML with the burst still in flight; NOT timing.TIMING_BASIS | duty 0.25 | each idle gap sized from its own burst (gap_basis burst)",,iters=supplied as None; sglang=package not installed,1,3.12.14,177.93141728460498,"measured on this device: NVIDIA GH200 480GB (measured), 662.8 TFLOP/s bf16 over 3725.1 GB/s (triad pattern); calibrated 2026-09-25 at f49a2133",,200.0,2.13.0,3.7.1,2026-09-25T07:50:38+00:00,0.27.1,300.0
native,0,32,5,160,640,1,8,3.5851680040359497,3.571199893951416,0.02387583218808823,50,3,399.20694303512573,"scripts/clock_elasticity.py: bursts of N back-to-back fused_experts calls under one pinned tile, each call L2-flushed and bracketed by its own pre-primed event pair, the FIRST call of every burst discarded as a drained-queue launch, a host-side idle gap after each burst setting the sustained duty cycle, and the SM clock, board power and memory clock read through NVML with the burst still in flight; NOT timing.TIMING_BASIS",1785.0,False,high,False,True,ok,"LEVEL HIGH (recorded, never an exclusion here): loaded clock 1785 MHz against the 1455 MHz reference. At a duty cycle below 1.0 a HIGH reading is the experiment working, not a cell to drop.; DRIFT failed, dropping: 1785 -> 1620 MHz over 15 bursts; this cell is EXCLUDED",0.25,302.855,0.24989191349921605,11,118.06177890895198,burst,3.5836639404296875,3.6214239597320557,True,1785 1815 1740 1800 1815 1785 1815 1740 1800 1620 1770 1815 1710 1800 1620,False,3725.122836206298,"measured on this device: NVIDIA GH200 480GB (measured), 3725.1 GB/s (triad pattern)",13.0,580.105.08,True,1,f49a2133c942c20c3b1b72e002b03af1ccd216a3,NVIDIA GH200 480GB,192-222-57-200,"scripts/clock_elasticity.py: bursts of N back-to-back fused_experts calls under one pinned tile, each call L2-flushed and bracketed by its own pre-primed event pair, the FIRST call of every burst discarded as a drained-queue launch, a host-side idle gap after each burst setting the sustained duty cycle, and the SM clock, board power and memory clock read through NVML with the burst still in flight; NOT timing.TIMING_BASIS | duty 0.25 | each idle gap sized from its own burst (gap_basis burst)",,iters=supplied as None; sglang=package not installed,1,3.12.14,177.93141728460498,"measured on this device: NVIDIA GH200 480GB (measured), 662.8 TFLOP/s bf16 over 3725.1 GB/s (triad pattern); calibrated 2026-09-25 at f49a2133",,200.0,2.13.0,3.7.1,2026-09-25T07:50:38+00:00,0.27.1,300.0
shared,0,32,5,160,640,1,72,3.5880320072174072,3.575103998184204,0.020805338192796383,50,3,518.7593288421631,"scripts/clock_elasticity.py: bursts of N back-to-back fused_experts calls under one pinned tile, each call L2-flushed and bracketed by its own pre-primed event pair, the FIRST call of every burst discarded as a drained-queue launch, a host-side idle gap after each burst setting the sustained duty cycle, and the SM clock, board power and memory clock read through NVML with the burst still in flight; NOT timing.TIMING_BASIS",1785.0,False,high,True,True,ok,"LEVEL HIGH (recorded, never an exclusion here): loaded clock 1785 MHz against the 1455 MHz reference. At a duty cycle below 1.0 a HIGH reading is the experiment working, not a cell to drop.",0.25,302.148,0.24989318712894465,11,118.16037218458949,burst,3.5879199504852295,3.6085439920425415,True,1785 1815 1740 1800 1815 1770 1815 1725 1800 1590 1770 1815 1695 1800 1740,False,3725.122836206298,"measured on this device: NVIDIA GH200 480GB (measured), 3725.1 GB/s (triad pattern)",13.0,580.105.08,True,1,f49a2133c942c20c3b1b72e002b03af1ccd216a3,NVIDIA GH200 480GB,192-222-57-200,"scripts/clock_elasticity.py: bursts of N back-to-back fused_experts calls under one pinned tile, each call L2-flushed and bracketed by its own pre-primed event pair, the FIRST call of every burst discarded as a drained-queue launch, a host-side idle gap after each burst setting the sustained duty cycle, and the SM clock, board power and memory clock read through NVML with the burst still in flight; NOT timing.TIMING_BASIS | duty 0.25 | each idle gap sized from its own burst (gap_basis burst)",,iters=supplied as None; sglang=package not installed,1,3.12.14,177.93141728460498,"measured on this device: NVIDIA GH200 480GB (measured), 662.8 TFLOP/s bf16 over 3725.1 GB/s (triad pattern); calibrated 2026-09-25 at f49a2133",,200.0,2.13.0,3.7.1,2026-09-25T07:50:38+00:00,0.27.1,300.0
private,0,32,5,160,640,5,72,4.043680191040039,4.0332159996032715,0.005219140789831291,45,3,325.2264642715454,"scripts/clock_elasticity.py: bursts of N back-to-back fused_experts calls under one pinned tile, each call L2-flushed and bracketed by its own pre-primed event pair, the FIRST call of every burst discarded as a drained-queue launch, a host-side idle gap after each burst setting the sustained duty cycle, and the SM clock, board power and memory clock read through NVML with the burst still in flight; NOT timing.TIMING_BASIS",1800.0,False,high,True,True,ok,"LEVEL HIGH (recorded, never an exclusion here): loaded clock 1800 MHz against the 1455 MHz reference. At a duty cycle below 1.0 a HIGH reading is the experiment working, not a cell to drop.",0.25,296.457,0.24989701189639735,10,120.97853736371326,burst,4.042752027511597,4.042672157287598,True,1800 1800 1680 1755 1815 1785 1815 1815 1755 1740 1815 1785 1815 1815 1815,False,3725.122836206298,"measured on this device: NVIDIA GH200 480GB (measured), 3725.1 GB/s (triad pattern)",13.0,580.105.08,True,1,f49a2133c942c20c3b1b72e002b03af1ccd216a3,NVIDIA GH200 480GB,192-222-57-200,"scripts/clock_elasticity.py: bursts of N back-to-back fused_experts calls under one pinned tile, each call L2-flushed and bracketed by its own pre-primed event pair, the FIRST call of every burst discarded as a drained-queue launch, a host-side idle gap after each burst setting the sustained duty cycle, and the SM clock, board power and memory clock read through NVML with the burst still in flight; NOT timing.TIMING_BASIS | duty 0.25 | each idle gap sized from its own burst (gap_basis burst)",,iters=supplied as None; sglang=package not installed,1,3.12.14,177.93141728460498,"measured on this device: NVIDIA GH200 480GB (measured), 662.8 TFLOP/s bf16 over 3725.1 GB/s (triad pattern); calibrated 2026-09-25 at f49a2133",,200.0,2.13.0,3.7.1,2026-09-25T07:50:38+00:00,0.27.1,300.0
native,0,32,6,192,768,1,8,4.309679985046387,4.290048122406006,0.02085892735069737,40,3,314.30473470687866,"scripts/clock_elasticity.py: bursts of N back-to-back fused_experts calls under one pinned tile, each call L2-flushed and bracketed by its own pre-primed event pair, the FIRST call of every burst discarded as a drained-queue launch, a host-side idle gap after each burst setting the sustained duty cycle, and the SM clock, board power and memory clock read through NVML with the burst still in flight; NOT timing.TIMING_BASIS",1785.0,False,high,True,True,ok,"LEVEL HIGH (recorded, never an exclusion here): loaded clock 1785 MHz against the 1455 MHz reference. At a duty cycle below 1.0 a HIGH reading is the experiment working, not a cell to drop.",0.25,309.954,0.24989376889267273,9,116.252699203651,burst,4.308864116668701,4.315648078918457,True,1590 1755 1815 1785 1815 1815 1815 1755 1800 1650 1770 1800 1785 1815 1650,False,3725.122836206298,"measured on this device: NVIDIA GH200 480GB (measured), 3725.1 GB/s (triad pattern)",13.0,580.105.08,True,1,f49a2133c942c20c3b1b72e002b03af1ccd216a3,NVIDIA GH200 480GB,192-222-57-200,"scripts/clock_elasticity.py: bursts of N back-to-back fused_experts calls under one pinned tile, each call L2-flushed and bracketed by its own pre-primed event pair, the FIRST call of every burst discarded as a drained-queue launch, a host-side idle gap after each burst setting the sustained duty cycle, and the SM clock, board power and memory clock read through NVML with the burst still in flight; NOT timing.TIMING_BASIS | duty 0.25 | each idle gap sized from its own burst (gap_basis burst)",,iters=supplied as None; sglang=package not installed,1,3.12.14,177.93141728460498,"measured on this device: NVIDIA GH200 480GB (measured), 662.8 TFLOP/s bf16 over 3725.1 GB/s (triad pattern); calibrated 2026-09-25 at f49a2133",,200.0,2.13.0,3.7.1,2026-09-25T07:50:38+00:00,0.27.1,300.0
shared,0,32,6,192,768,1,72,4.315232038497925,4.297056198120117,0.021107965192626796,40,3,353.8608317375183,"scripts/clock_elasticity.py: bursts of N back-to-back fused_experts calls under one pinned tile, each call L2-flushed and bracketed by its own pre-primed event pair, the FIRST call of every burst discarded as a drained-queue launch, a host-side idle gap after each burst setting the sustained duty cycle, and the SM clock, board power and memory clock read through NVML with the burst still in flight; NOT timing.TIMING_BASIS",1800.0,False,high,True,True,ok,"LEVEL HIGH (recorded, never an exclusion here): loaded clock 1800 MHz against the 1455 MHz reference. At a duty cycle below 1.0 a HIGH reading is the experiment working, not a cell to drop.",0.25,315.504,0.24989371489068865,9,116.31987106974704,burst,4.315136194229126,4.319984197616577,True,1815 1800 1575 1815 1815 1770 1815 1710 1815 1815 1800 1620 1770 1815 1785,False,3725.122836206298,"measured on this device: NVIDIA GH200 480GB (measured), 3725.1 GB/s (triad pattern)",13.0,580.105.08,True,1,f49a2133c942c20c3b1b72e002b03af1ccd216a3,NVIDIA GH200 480GB,192-222-57-200,"scripts/clock_elasticity.py: bursts of N back-to-back fused_experts calls under one pinned tile, each call L2-flushed and bracketed by its own pre-primed event pair, the FIRST call of every burst discarded as a drained-queue launch, a host-side idle gap after each burst setting the sustained duty cycle, and the SM clock, board power and memory clock read through NVML with the burst still in flight; NOT timing.TIMING_BASIS | duty 0.25 | each idle gap sized from its own burst (gap_basis burst)",,iters=supplied as None; sglang=package not installed,1,3.12.14,177.93141728460498,"measured on this device: NVIDIA GH200 480GB (measured), 662.8 TFLOP/s bf16 over 3725.1 GB/s (triad pattern); calibrated 2026-09-25 at f49a2133",,200.0,2.13.0,3.7.1,2026-09-25T07:50:38+00:00,0.27.1,300.0
private,0,32,6,192,768,6,72,4.843679904937744,4.822144031524658,0.0094472433789911,35,3,311.8689274787903,"scripts/clock_elasticity.py: bursts of N back-to-back fused_experts calls under one pinned tile, each call L2-flushed and bracketed by its own pre-primed event pair, the FIRST call of every burst discarded as a drained-queue launch, a host-side idle gap after each burst setting the sustained duty cycle, and the SM clock, board power and memory clock read through NVML with the burst still in flight; NOT timing.TIMING_BASIS",1800.0,False,high,True,True,ok,"LEVEL HIGH (recorded, never an exclusion here): loaded clock 1800 MHz against the 1455 MHz reference. At a duty cycle below 1.0 a HIGH reading is the experiment working, not a cell to drop.",0.25,308.965,0.24989122807954736,8,116.1095979000638,burst,4.838816165924072,4.846591949462891,True,1815 1785 1815 1815 1785 1770 1800 1815 1800 1755 1800 1815 1815 1815 1785,False,3725.122836206298,"measured on this device: NVIDIA GH200 480GB (measured), 3725.1 GB/s (triad pattern)",13.0,580.105.08,True,1,f49a2133c942c20c3b1b72e002b03af1ccd216a3,NVIDIA GH200 480GB,192-222-57-200,"scripts/clock_elasticity.py: bursts of N back-to-back fused_experts calls under one pinned tile, each call L2-flushed and bracketed by its own pre-primed event pair, the FIRST call of every burst discarded as a drained-queue launch, a host-side idle gap after each burst setting the sustained duty cycle, and the SM clock, board power and memory clock read through NVML with the burst still in flight; NOT timing.TIMING_BASIS | duty 0.25 | each idle gap sized from its own burst (gap_basis burst)",,iters=supplied as None; sglang=package not installed,1,3.12.14,177.93141728460498,"measured on this device: NVIDIA GH200 480GB (measured), 662.8 TFLOP/s bf16 over 3725.1 GB/s (triad pattern); calibrated 2026-09-25 at f49a2133",,200.0,2.13.0,3.7.1,2026-09-25T07:50:38+00:00,0.27.1,300.0
shared,1,32,6,192,768,1,72,4.315359830856323,4.300384044647217,0.018779567142797618,40,3,626.7632322311401,"scripts/clock_elasticity.py: bursts of N back-to-back fused_experts calls under one pinned tile, each call L2-flushed and bracketed by its own pre-primed event pair, the FIRST call of every burst discarded as a drained-queue launch, a host-side idle gap after each burst setting the sustained duty cycle, and the SM clock, board power and memory clock read through NVML with the burst still in flight; NOT timing.TIMING_BASIS",1800.0,False,high,True,True,ok,"LEVEL HIGH (recorded, never an exclusion here): loaded clock 1800 MHz against the 1455 MHz reference. At a duty cycle below 1.0 a HIGH reading is the experiment working, not a cell to drop.",0.25,319.524,0.24989472215691053,9,116.34025332516832,burst,4.313744068145752,4.318527936935425,True,1725 1800 1815 1785 1815 1785 1800 1815 1815 1755 1800 1815 1590 1815 1800,False,3725.122836206298,"measured on this device: NVIDIA GH200 480GB (measured), 3725.1 GB/s (triad pattern)",13.0,580.105.08,True,1,f49a2133c942c20c3b1b72e002b03af1ccd216a3,NVIDIA GH200 480GB,192-222-57-200,"scripts/clock_elasticity.py: bursts of N back-to-back fused_experts calls under one pinned tile, each call L2-flushed and bracketed by its own pre-primed event pair, the FIRST call of every burst discarded as a drained-queue launch, a host-side idle gap after each burst setting the sustained duty cycle, and the SM clock, board power and memory clock read through NVML with the burst still in flight; NOT timing.TIMING_BASIS | duty 0.25 | each idle gap sized from its own burst (gap_basis burst)",,iters=supplied as None; sglang=package not installed,1,3.12.14,177.93141728460498,"measured on this device: NVIDIA GH200 480GB (measured), 662.8 TFLOP/s bf16 over 3725.1 GB/s (triad pattern); calibrated 2026-09-25 at f49a2133",,200.0,2.13.0,3.7.1,2026-09-25T07:50:38+00:00,0.27.1,300.0
