timestamp, clocks.current.sm [MHz], clocks.current.memory [MHz], power.draw [W], power.limit [W], temperature.gpu, utilization.gpu [%], clocks_event_reasons.active
2026/10/09 00:55:47.493, 1980 MHz, 2619 MHz, 151.24 W, 700.00 W, 44, 0 %, 0x0000000000000000
2026/10/09 00:55:48.000, 1710 MHz, 2619 MHz, 147.47 W, 700.00 W, 43, 0 %, 0x0000000000000000
2026/10/09 00:55:48.501, 1710 MHz, 2619 MHz, 143.37 W, 700.00 W, 43, 0 %, 0x0000000000000000
2026/10/09 00:55:49.001, 1710 MHz, 2619 MHz, 142.12 W, 700.00 W, 43, 2 %, 0x0000000000000000
2026/10/09 00:55:49.502, 1710 MHz, 2619 MHz, 140.72 W, 700.00 W, 43, 0 %, 0x0000000000000000
2026/10/09 00:55:50.002, 1710 MHz, 2619 MHz, 139.35 W, 700.00 W, 43, 0 %, 0x0000000000000000
2026/10/09 00:55:50.503, 1710 MHz, 2619 MHz, 139.45 W, 700.00 W, 43, 0 %, 0x0000000000000000
2026/10/09 00:55:51.003, 1710 MHz, 2619 MHz, 139.26 W, 700.00 W, 43, 0 %, 0x0000000000000000
2026/10/09 00:55:51.503, 1710 MHz, 2619 MHz, 139.16 W, 700.00 W, 43, 0 %, 0x0000000000000000
2026/10/09 00:55:52.004, 1710 MHz, 2619 MHz, 139.19 W, 700.00 W, 43, 0 %, 0x0000000000000000
2026/10/09 00:55:52.504, 1710 MHz, 2619 MHz, 139.20 W, 700.00 W, 43, 0 %, 0x0000000000000000
2026/10/09 00:55:53.005, 1710 MHz, 2619 MHz, 139.17 W, 700.00 W, 43, 0 %, 0x0000000000000000
2026/10/09 00:55:54.037, 1710 MHz, 2619 MHz, 149.78 W, 700.00 W, 44, 4 %, 0x0000000000000000
2026/10/09 00:55:54.537, 1710 MHz, 2619 MHz, 147.35 W, 700.00 W, 42, 0 %, 0x0000000000000000
2026/10/09 00:55:55.038, 1710 MHz, 2619 MHz, 170.46 W, 700.00 W, 44, 0 %, 0x0000000000000000
2026/10/09 00:55:55.538, 1710 MHz, 2619 MHz, 260.32 W, 700.00 W, 47, 35 %, 0x0000000000000000
2026/10/09 00:55:56.039, 1710 MHz, 2619 MHz, 301.30 W, 700.00 W, 47, 46 %, 0x0000000000000000
2026/10/09 00:55:56.539, 1710 MHz, 2619 MHz, 286.29 W, 700.00 W, 47, 8 %, 0x0000000000000000
2026/10/09 00:55:57.040, 1710 MHz, 2619 MHz, 295.59 W, 700.00 W, 46, 46 %, 0x0000000000000000
2026/10/09 00:55:57.540, 1710 MHz, 2619 MHz, 296.74 W, 700.00 W, 46, 5 %, 0x0000000000000000
2026/10/09 00:55:58.040, 1710 MHz, 2619 MHz, 305.76 W, 700.00 W, 46, 29 %, 0x0000000000000000
2026/10/09 00:55:58.541, 1710 MHz, 2619 MHz, 294.25 W, 700.00 W, 47, 33 %, 0x0000000000000000
2026/10/09 00:55:59.041, 1710 MHz, 2619 MHz, 318.93 W, 700.00 W, 54, 97 %, 0x0000000000000000
2026/10/09 00:55:59.542, 1710 MHz, 2619 MHz, 321.78 W, 700.00 W, 49, 46 %, 0x0000000000000000
2026/10/09 00:56:00.042, 1710 MHz, 2619 MHz, 283.59 W, 700.00 W, 48, 43 %, 0x0000000000000000
2026/10/09 00:56:00.543, 1710 MHz, 2619 MHz, 281.94 W, 700.00 W, 47, 27 %, 0x0000000000000000
2026/10/09 00:56:01.043, 1710 MHz, 2619 MHz, 292.17 W, 700.00 W, 47, 46 %, 0x0000000000000000
2026/10/09 00:56:01.544, 1710 MHz, 2619 MHz, 287.38 W, 700.00 W, 48, 32 %, 0x0000000000000000
2026/10/09 00:56:02.045, 1710 MHz, 2619 MHz, 278.88 W, 700.00 W, 48, 36 %, 0x0000000000000000
2026/10/09 00:56:02.545, 1710 MHz, 2619 MHz, 276.61 W, 700.00 W, 47, 46 %, 0x0000000000000000
2026/10/09 00:56:03.046, 1710 MHz, 2619 MHz, 336.48 W, 700.00 W, 48, 9 %, 0x0000000000000000
2026/10/09 00:56:03.546, 1710 MHz, 2619 MHz, 334.62 W, 700.00 W, 47, 21 %, 0x0000000000000000
2026/10/09 00:56:04.047, 1710 MHz, 2619 MHz, 293.30 W, 700.00 W, 49, 42 %, 0x0000000000000000
2026/10/09 00:56:04.547, 1710 MHz, 2619 MHz, 290.65 W, 700.00 W, 50, 0 %, 0x0000000000000000
2026/10/09 00:56:05.047, 1710 MHz, 2619 MHz, 287.20 W, 700.00 W, 51, 46 %, 0x0000000000000000
2026/10/09 00:56:05.548, 1710 MHz, 2619 MHz, 279.71 W, 700.00 W, 49, 26 %, 0x0000000000000000
2026/10/09 00:56:06.048, 1710 MHz, 2619 MHz, 280.02 W, 700.00 W, 48, 43 %, 0x0000000000000000
2026/10/09 00:56:06.549, 1680 MHz, 2619 MHz, 324.90 W, 700.00 W, 52, 42 %, 0x0000000000000004
2026/10/09 00:56:07.050, 1710 MHz, 2619 MHz, 353.60 W, 700.00 W, 48, 0 %, 0x0000000000000000
2026/10/09 00:56:07.550, 1710 MHz, 2619 MHz, 328.67 W, 700.00 W, 47, 25 %, 0x0000000000000000
2026/10/09 00:56:08.051, 1710 MHz, 2619 MHz, 322.42 W, 700.00 W, 50, 45 %, 0x0000000000000000
2026/10/09 00:56:08.551, 1710 MHz, 2619 MHz, 306.70 W, 700.00 W, 51, 7 %, 0x0000000000000000
2026/10/09 00:56:09.052, 1710 MHz, 2619 MHz, 297.80 W, 700.00 W, 49, 48 %, 0x0000000000000000
2026/10/09 00:56:09.552, 1710 MHz, 2619 MHz, 296.78 W, 700.00 W, 48, 48 %, 0x0000000000000000
2026/10/09 00:56:10.053, 1710 MHz, 2619 MHz, 305.27 W, 700.00 W, 48, 15 %, 0x0000000000000000
2026/10/09 00:56:10.553, 1710 MHz, 2619 MHz, 357.42 W, 700.00 W, 50, 13 %, 0x0000000000000000
2026/10/09 00:56:11.054, 1710 MHz, 2619 MHz, 352.55 W, 700.00 W, 50, 47 %, 0x0000000000000000
2026/10/09 00:56:11.554, 1710 MHz, 2619 MHz, 292.33 W, 700.00 W, 51, 11 %, 0x0000000000000000
2026/10/09 00:56:12.054, 1710 MHz, 2619 MHz, 283.62 W, 700.00 W, 49, 47 %, 0x0000000000000000
2026/10/09 00:56:12.555, 1710 MHz, 2619 MHz, 281.38 W, 700.00 W, 48, 47 %, 0x0000000000000000
2026/10/09 00:56:13.055, 1710 MHz, 2619 MHz, 283.93 W, 700.00 W, 48, 20 %, 0x0000000000000000
2026/10/09 00:56:13.556, 1710 MHz, 2619 MHz, 293.41 W, 700.00 W, 47, 47 %, 0x0000000000000000
2026/10/09 00:56:14.056, 1710 MHz, 2619 MHz, 284.91 W, 700.00 W, 47, 7 %, 0x0000000000000000
2026/10/09 00:56:14.557, 1710 MHz, 2619 MHz, 331.45 W, 700.00 W, 51, 0 %, 0x0000000000000000
2026/10/09 00:56:15.057, 1710 MHz, 2619 MHz, 331.23 W, 700.00 W, 52, 44 %, 0x0000000000000000
2026/10/09 00:56:15.558, 1710 MHz, 2619 MHz, 282.71 W, 700.00 W, 50, 21 %, 0x0000000000000000
2026/10/09 00:56:16.058, 1710 MHz, 2619 MHz, 282.03 W, 700.00 W, 49, 44 %, 0x0000000000000000
2026/10/09 00:56:16.559, 1710 MHz, 2619 MHz, 281.08 W, 700.00 W, 48, 43 %, 0x0000000000000000
2026/10/09 00:56:17.059, 1710 MHz, 2619 MHz, 288.39 W, 700.00 W, 48, 10 %, 0x0000000000000000
2026/10/09 00:56:17.560, 1710 MHz, 2619 MHz, 292.60 W, 700.00 W, 47, 44 %, 0x0000000000000000
2026/10/09 00:56:18.060, 1710 MHz, 2619 MHz, 325.81 W, 700.00 W, 55, 0 %, 0x0000000000000000
2026/10/09 00:56:18.561, 1710 MHz, 2619 MHz, 324.33 W, 700.00 W, 52, 0 %, 0x0000000000000000
2026/10/09 00:56:19.061, 1710 MHz, 2619 MHz, 277.85 W, 700.00 W, 52, 41 %, 0x0000000000000000
2026/10/09 00:56:19.562, 1710 MHz, 2619 MHz, 278.01 W, 700.00 W, 49, 27 %, 0x0000000000000000
2026/10/09 00:56:20.062, 1710 MHz, 2619 MHz, 273.92 W, 700.00 W, 49, 40 %, 0x0000000000000000
2026/10/09 00:56:20.563, 1710 MHz, 2619 MHz, 272.30 W, 700.00 W, 48, 38 %, 0x0000000000000000
2026/10/09 00:56:21.063, 1710 MHz, 2619 MHz, 276.21 W, 700.00 W, 48, 11 %, 0x0000000000000000
2026/10/09 00:56:21.564, 1710 MHz, 2619 MHz, 281.89 W, 700.00 W, 48, 42 %, 0x0000000000000000
2026/10/09 00:56:22.064, 1710 MHz, 2619 MHz, 320.25 W, 700.00 W, 52, 89 %, 0x0000000000000000
2026/10/09 00:56:22.565, 1710 MHz, 2619 MHz, 326.77 W, 700.00 W, 51, 0 %, 0x0000000000000000
2026/10/09 00:56:23.065, 1710 MHz, 2619 MHz, 280.90 W, 700.00 W, 52, 44 %, 0x0000000000000000
2026/10/09 00:56:23.566, 1710 MHz, 2619 MHz, 283.55 W, 700.00 W, 51, 16 %, 0x0000000000000000
2026/10/09 00:56:24.066, 1710 MHz, 2619 MHz, 281.51 W, 700.00 W, 49, 44 %, 0x0000000000000000
2026/10/09 00:56:24.567, 1710 MHz, 2619 MHz, 281.04 W, 700.00 W, 49, 40 %, 0x0000000000000000
2026/10/09 00:56:25.067, 1710 MHz, 2619 MHz, 276.90 W, 700.00 W, 48, 23 %, 0x0000000000000000
2026/10/09 00:56:25.568, 1710 MHz, 2619 MHz, 274.91 W, 700.00 W, 48, 45 %, 0x0000000000000000
2026/10/09 00:56:26.068, 1710 MHz, 2619 MHz, 336.64 W, 700.00 W, 48, 27 %, 0x0000000000000000
2026/10/09 00:56:26.568, 1710 MHz, 2619 MHz, 353.13 W, 700.00 W, 49, 8 %, 0x0000000000000000
2026/10/09 00:56:27.069, 1710 MHz, 2619 MHz, 299.13 W, 700.00 W, 51, 45 %, 0x0000000000000000
2026/10/09 00:56:27.569, 1710 MHz, 2619 MHz, 284.00 W, 700.00 W, 52, 0 %, 0x0000000000000000
2026/10/09 00:56:28.070, 1710 MHz, 2619 MHz, 298.49 W, 700.00 W, 52, 45 %, 0x0000000000000000
2026/10/09 00:56:28.570, 1710 MHz, 2619 MHz, 288.81 W, 700.00 W, 50, 28 %, 0x0000000000000000
2026/10/09 00:56:29.071, 1710 MHz, 2619 MHz, 279.78 W, 700.00 W, 49, 41 %, 0x0000000000000000
2026/10/09 00:56:29.571, 1710 MHz, 2619 MHz, 323.98 W, 700.00 W, 54, 54 %, 0x0000000000000000
2026/10/09 00:56:30.072, 1710 MHz, 2619 MHz, 322.23 W, 700.00 W, 50, 40 %, 0x0000000000000000
2026/10/09 00:56:30.572, 1710 MHz, 2619 MHz, 283.26 W, 700.00 W, 52, 0 %, 0x0000000000000000
2026/10/09 00:56:31.073, 1710 MHz, 2619 MHz, 285.52 W, 700.00 W, 51, 44 %, 0x0000000000000000
2026/10/09 00:56:31.573, 1710 MHz, 2619 MHz, 284.48 W, 700.00 W, 49, 41 %, 0x0000000000000000
2026/10/09 00:56:32.074, 1710 MHz, 2619 MHz, 280.32 W, 700.00 W, 48, 24 %, 0x0000000000000000
2026/10/09 00:56:32.574, 1710 MHz, 2619 MHz, 287.73 W, 700.00 W, 48, 44 %, 0x0000000000000000
2026/10/09 00:56:33.075, 1710 MHz, 2619 MHz, 299.24 W, 700.00 W, 48, 1 %, 0x0000000000000000
2026/10/09 00:56:33.575, 1710 MHz, 2619 MHz, 328.20 W, 700.00 W, 53, 0 %, 0x0000000000000000
2026/10/09 00:56:34.075, 1710 MHz, 2619 MHz, 326.44 W, 700.00 W, 52, 44 %, 0x0000000000000000
2026/10/09 00:56:34.576, 1710 MHz, 2619 MHz, 288.24 W, 700.00 W, 49, 8 %, 0x0000000000000000
2026/10/09 00:56:35.076, 1710 MHz, 2619 MHz, 286.01 W, 700.00 W, 49, 44 %, 0x0000000000000000
2026/10/09 00:56:35.577, 1710 MHz, 2619 MHz, 292.73 W, 700.00 W, 48, 16 %, 0x0000000000000000
2026/10/09 00:56:36.077, 1710 MHz, 2619 MHz, 300.90 W, 700.00 W, 48, 44 %, 0x0000000000000000
2026/10/09 00:56:36.578, 1710 MHz, 2619 MHz, 307.21 W, 700.00 W, 47, 44 %, 0x0000000000000000
2026/10/09 00:56:37.078, 1710 MHz, 2619 MHz, 316.23 W, 700.00 W, 49, 10 %, 0x0000000000000000
2026/10/09 00:56:37.579, 1710 MHz, 2619 MHz, 330.48 W, 700.00 W, 49, 44 %, 0x0000000000000000
2026/10/09 00:56:38.080, 1710 MHz, 2619 MHz, 318.75 W, 700.00 W, 49, 45 %, 0x0000000000000000
2026/10/09 00:56:38.580, 1710 MHz, 2619 MHz, 292.15 W, 700.00 W, 48, 18 %, 0x0000000000000000
2026/10/09 00:56:39.081, 1710 MHz, 2619 MHz, 301.02 W, 700.00 W, 48, 45 %, 0x0000000000000000
2026/10/09 00:56:39.581, 1710 MHz, 2619 MHz, 307.55 W, 700.00 W, 48, 45 %, 0x0000000000000000
2026/10/09 00:56:40.082, 1710 MHz, 2619 MHz, 309.29 W, 700.00 W, 48, 23 %, 0x0000000000000000
2026/10/09 00:56:40.582, 1710 MHz, 2619 MHz, 308.23 W, 700.00 W, 49, 45 %, 0x0000000000000000
2026/10/09 00:56:41.083, 1710 MHz, 2619 MHz, 323.02 W, 700.00 W, 53, 23 %, 0x0000000000000000
2026/10/09 00:56:41.583, 1710 MHz, 2619 MHz, 311.16 W, 700.00 W, 49, 6 %, 0x0000000000000000
2026/10/09 00:56:42.084, 1710 MHz, 2619 MHz, 285.63 W, 700.00 W, 49, 44 %, 0x0000000000000000
2026/10/09 00:56:42.584, 1710 MHz, 2619 MHz, 280.24 W, 700.00 W, 48, 3 %, 0x0000000000000000
2026/10/09 00:56:43.085, 1710 MHz, 2619 MHz, 285.74 W, 700.00 W, 48, 44 %, 0x0000000000000000
2026/10/09 00:56:43.585, 1710 MHz, 2619 MHz, 294.14 W, 700.00 W, 48, 28 %, 0x0000000000000000
2026/10/09 00:56:44.086, 1710 MHz, 2619 MHz, 295.57 W, 700.00 W, 48, 40 %, 0x0000000000000000
2026/10/09 00:56:44.586, 1710 MHz, 2619 MHz, 295.59 W, 700.00 W, 47, 44 %, 0x0000000000000000
2026/10/09 00:56:45.086, 1710 MHz, 2619 MHz, 325.21 W, 700.00 W, 54, 73 %, 0x0000000000000000
2026/10/09 00:56:45.587, 1710 MHz, 2619 MHz, 324.68 W, 700.00 W, 51, 23 %, 0x0000000000000000
2026/10/09 00:56:46.087, 1710 MHz, 2619 MHz, 280.92 W, 700.00 W, 49, 35 %, 0x0000000000000000
2026/10/09 00:56:46.588, 1710 MHz, 2619 MHz, 281.55 W, 700.00 W, 49, 0 %, 0x0000000000000000
2026/10/09 00:56:47.088, 1710 MHz, 2619 MHz, 276.22 W, 700.00 W, 48, 44 %, 0x0000000000000000
2026/10/09 00:56:47.589, 1710 MHz, 2619 MHz, 282.14 W, 700.00 W, 48, 15 %, 0x0000000000000000
2026/10/09 00:56:48.089, 1710 MHz, 2619 MHz, 293.15 W, 700.00 W, 48, 44 %, 0x0000000000000000
2026/10/09 00:56:48.590, 1710 MHz, 2619 MHz, 281.58 W, 700.00 W, 48, 16 %, 0x0000000000000000
2026/10/09 00:56:49.090, 1710 MHz, 2619 MHz, 324.73 W, 700.00 W, 53, 0 %, 0x0000000000000000
2026/10/09 00:56:49.591, 1710 MHz, 2619 MHz, 328.89 W, 700.00 W, 51, 27 %, 0x0000000000000000
2026/10/09 00:56:50.091, 1710 MHz, 2619 MHz, 285.69 W, 700.00 W, 49, 34 %, 0x0000000000000000
2026/10/09 00:56:50.592, 1710 MHz, 2619 MHz, 285.44 W, 700.00 W, 49, 0 %, 0x0000000000000000
2026/10/09 00:56:51.092, 1710 MHz, 2619 MHz, 278.59 W, 700.00 W, 48, 44 %, 0x0000000000000000
2026/10/09 00:56:51.593, 1710 MHz, 2619 MHz, 286.71 W, 700.00 W, 48, 27 %, 0x0000000000000000
2026/10/09 00:56:52.093, 1710 MHz, 2619 MHz, 295.49 W, 700.00 W, 48, 38 %, 0x0000000000000000
2026/10/09 00:56:52.594, 1710 MHz, 2619 MHz, 334.87 W, 700.00 W, 54, 59 %, 0x0000000000000000
2026/10/09 00:56:53.094, 1710 MHz, 2619 MHz, 337.43 W, 700.00 W, 52, 6 %, 0x0000000000000000
2026/10/09 00:56:53.595, 1710 MHz, 2619 MHz, 290.60 W, 700.00 W, 50, 21 %, 0x0000000000000000
2026/10/09 00:56:54.095, 1710 MHz, 2619 MHz, 285.46 W, 700.00 W, 49, 45 %, 0x0000000000000000
2026/10/09 00:56:54.596, 1710 MHz, 2619 MHz, 287.86 W, 700.00 W, 48, 6 %, 0x0000000000000000
2026/10/09 00:56:55.096, 1710 MHz, 2619 MHz, 296.30 W, 700.00 W, 48, 48 %, 0x0000000000000000
2026/10/09 00:56:55.597, 1710 MHz, 2619 MHz, 302.38 W, 700.00 W, 48, 46 %, 0x0000000000000000
2026/10/09 00:56:56.097, 1710 MHz, 2619 MHz, 307.98 W, 700.00 W, 47, 21 %, 0x0000000000000000
2026/10/09 00:56:56.598, 1710 MHz, 2619 MHz, 347.70 W, 700.00 W, 52, 24 %, 0x0000000000000000
2026/10/09 00:56:57.098, 1710 MHz, 2619 MHz, 343.19 W, 700.00 W, 49, 41 %, 0x0000000000000000
2026/10/09 00:56:57.599, 1710 MHz, 2619 MHz, 307.99 W, 700.00 W, 49, 17 %, 0x0000000000000000
2026/10/09 00:56:58.099, 1710 MHz, 2619 MHz, 325.89 W, 700.00 W, 48, 46 %, 0x0000000000000000
2026/10/09 00:56:58.600, 1710 MHz, 2619 MHz, 328.60 W, 700.00 W, 48, 47 %, 0x0000000000000004
2026/10/09 00:56:59.100, 1710 MHz, 2619 MHz, 320.55 W, 700.00 W, 52, 0 %, 0x0000000000000000
2026/10/09 00:56:59.600, 1710 MHz, 2619 MHz, 309.38 W, 700.00 W, 51, 24 %, 0x0000000000000000
2026/10/09 00:57:00.101, 1710 MHz, 2619 MHz, 337.17 W, 700.00 W, 53, 34 %, 0x0000000000000000
2026/10/09 00:57:00.601, 1710 MHz, 2619 MHz, 338.39 W, 700.00 W, 48, 46 %, 0x0000000000000000
2026/10/09 00:57:01.102, 1710 MHz, 2619 MHz, 307.70 W, 700.00 W, 48, 15 %, 0x0000000000000000
2026/10/09 00:57:01.602, 1710 MHz, 2619 MHz, 293.08 W, 700.00 W, 51, 47 %, 0x0000000000000000
2026/10/09 00:57:02.103, 1710 MHz, 2619 MHz, 286.30 W, 700.00 W, 52, 1 %, 0x0000000000000000
2026/10/09 00:57:02.603, 1710 MHz, 2619 MHz, 291.00 W, 700.00 W, 52, 29 %, 0x0000000000000000
2026/10/09 00:57:03.104, 1710 MHz, 2619 MHz, 292.87 W, 700.00 W, 50, 34 %, 0x0000000000000000
2026/10/09 00:57:03.605, 1710 MHz, 2619 MHz, 287.32 W, 700.00 W, 49, 0 %, 0x0000000000000000
2026/10/09 00:57:04.105, 1710 MHz, 2619 MHz, 330.11 W, 700.00 W, 49, 16 %, 0x0000000000000000
2026/10/09 00:57:04.606, 1710 MHz, 2619 MHz, 335.02 W, 700.00 W, 49, 46 %, 0x0000000000000000
2026/10/09 00:57:05.106, 1710 MHz, 2619 MHz, 296.37 W, 700.00 W, 51, 0 %, 0x0000000000000000
2026/10/09 00:57:05.606, 1710 MHz, 2619 MHz, 282.75 W, 700.00 W, 52, 41 %, 0x0000000000000000
2026/10/09 00:57:06.107, 1710 MHz, 2619 MHz, 282.07 W, 700.00 W, 51, 21 %, 0x0000000000000000
2026/10/09 00:57:06.608, 1710 MHz, 2619 MHz, 288.00 W, 700.00 W, 49, 7 %, 0x0000000000000000
2026/10/09 00:57:07.108, 1710 MHz, 2619 MHz, 291.48 W, 700.00 W, 49, 47 %, 0x0000000000000000
2026/10/09 00:57:07.609, 1710 MHz, 2619 MHz, 290.96 W, 700.00 W, 48, 0 %, 0x0000000000000000
2026/10/09 00:57:08.109, 1710 MHz, 2619 MHz, 331.75 W, 700.00 W, 51, 5 %, 0x0000000000000000
2026/10/09 00:57:08.610, 1710 MHz, 2619 MHz, 332.04 W, 700.00 W, 52, 45 %, 0x0000000000000000
2026/10/09 00:57:09.110, 1710 MHz, 2619 MHz, 289.52 W, 700.00 W, 51, 20 %, 0x0000000000000000
2026/10/09 00:57:09.611, 1710 MHz, 2619 MHz, 287.20 W, 700.00 W, 49, 5 %, 0x0000000000000000
2026/10/09 00:57:10.111, 1710 MHz, 2619 MHz, 286.48 W, 700.00 W, 49, 46 %, 0x0000000000000000
2026/10/09 00:57:10.612, 1710 MHz, 2619 MHz, 294.95 W, 700.00 W, 48, 19 %, 0x0000000000000000
2026/10/09 00:57:11.112, 1710 MHz, 2619 MHz, 305.12 W, 700.00 W, 48, 46 %, 0x0000000000000000
2026/10/09 00:57:11.613, 1710 MHz, 2619 MHz, 334.01 W, 700.00 W, 55, 39 %, 0x0000000000000000
2026/10/09 00:57:12.113, 1710 MHz, 2619 MHz, 330.98 W, 700.00 W, 51, 24 %, 0x0000000000000000
2026/10/09 00:57:12.614, 1710 MHz, 2619 MHz, 288.72 W, 700.00 W, 50, 12 %, 0x0000000000000000
2026/10/09 00:57:13.114, 1710 MHz, 2619 MHz, 285.30 W, 700.00 W, 49, 47 %, 0x0000000000000000
2026/10/09 00:57:13.615, 1710 MHz, 2619 MHz, 282.88 W, 700.00 W, 49, 0 %, 0x0000000000000000
2026/10/09 00:57:14.115, 1710 MHz, 2619 MHz, 292.59 W, 700.00 W, 48, 47 %, 0x0000000000000000
2026/10/09 00:57:14.616, 1710 MHz, 2619 MHz, 297.42 W, 700.00 W, 48, 27 %, 0x0000000000000000
2026/10/09 00:57:15.116, 1710 MHz, 2619 MHz, 297.87 W, 700.00 W, 48, 43 %, 0x0000000000000000
2026/10/09 00:57:15.616, 1710 MHz, 2619 MHz, 346.68 W, 700.00 W, 52, 47 %, 0x0000000000000000
2026/10/09 00:57:16.117, 1710 MHz, 2619 MHz, 338.15 W, 700.00 W, 52, 3 %, 0x0000000000000000
2026/10/09 00:57:16.617, 1710 MHz, 2619 MHz, 291.60 W, 700.00 W, 51, 28 %, 0x0000000000000000
2026/10/09 00:57:17.118, 1710 MHz, 2619 MHz, 288.28 W, 700.00 W, 50, 34 %, 0x0000000000000000
2026/10/09 00:57:17.618, 1710 MHz, 2619 MHz, 287.52 W, 700.00 W, 49, 0 %, 0x0000000000000000
2026/10/09 00:57:18.119, 1710 MHz, 2619 MHz, 282.23 W, 700.00 W, 49, 47 %, 0x0000000000000000
2026/10/09 00:57:18.619, 1710 MHz, 2619 MHz, 286.02 W, 700.00 W, 48, 24 %, 0x0000000000000000
2026/10/09 00:57:19.120, 1710 MHz, 2619 MHz, 288.48 W, 700.00 W, 48, 44 %, 0x0000000000000000
2026/10/09 00:57:19.620, 1710 MHz, 2619 MHz, 341.78 W, 700.00 W, 52, 47 %, 0x0000000000000000
2026/10/09 00:57:20.121, 1710 MHz, 2619 MHz, 343.63 W, 700.00 W, 52, 1 %, 0x0000000000000000
2026/10/09 00:57:20.621, 1710 MHz, 2619 MHz, 291.79 W, 700.00 W, 52, 30 %, 0x0000000000000000
2026/10/09 00:57:21.122, 1710 MHz, 2619 MHz, 289.27 W, 700.00 W, 50, 33 %, 0x0000000000000000
2026/10/09 00:57:21.623, 1710 MHz, 2619 MHz, 282.32 W, 700.00 W, 49, 0 %, 0x0000000000000000
2026/10/09 00:57:22.123, 1710 MHz, 2619 MHz, 282.73 W, 700.00 W, 49, 47 %, 0x0000000000000000
2026/10/09 00:57:22.624, 1710 MHz, 2619 MHz, 288.29 W, 700.00 W, 48, 20 %, 0x0000000000000000
2026/10/09 00:57:23.124, 1710 MHz, 2619 MHz, 352.35 W, 700.00 W, 54, 82 %, 0x0000000000000000
2026/10/09 00:57:23.624, 1710 MHz, 2619 MHz, 362.73 W, 700.00 W, 52, 47 %, 0x0000000000000000
2026/10/09 00:57:24.125, 1710 MHz, 2619 MHz, 306.89 W, 700.00 W, 53, 13 %, 0x0000000000000000
2026/10/09 00:57:24.626, 1710 MHz, 2619 MHz, 304.99 W, 700.00 W, 50, 8 %, 0x0000000000000000
2026/10/09 00:57:25.126, 1710 MHz, 2619 MHz, 302.69 W, 700.00 W, 49, 57 %, 0x0000000000000000
2026/10/09 00:57:25.627, 1710 MHz, 2619 MHz, 303.04 W, 700.00 W, 49, 34 %, 0x0000000000000000
2026/10/09 00:57:26.127, 1710 MHz, 2619 MHz, 328.60 W, 700.00 W, 48, 29 %, 0x0000000000000000
2026/10/09 00:57:26.627, 1710 MHz, 2619 MHz, 330.26 W, 700.00 W, 51, 46 %, 0x0000000000000000
2026/10/09 00:57:27.128, 1710 MHz, 2619 MHz, 329.29 W, 700.00 W, 51, 46 %, 0x0000000000000000
2026/10/09 00:57:27.628, 1710 MHz, 2619 MHz, 326.61 W, 700.00 W, 49, 0 %, 0x0000000000000000
2026/10/09 00:57:28.129, 1710 MHz, 2619 MHz, 296.45 W, 700.00 W, 49, 48 %, 0x0000000000000000
2026/10/09 00:57:28.630, 1710 MHz, 2619 MHz, 301.58 W, 700.00 W, 48, 27 %, 0x0000000000000000
2026/10/09 00:57:29.130, 1710 MHz, 2619 MHz, 302.88 W, 700.00 W, 48, 46 %, 0x0000000000000000
2026/10/09 00:57:29.631, 1710 MHz, 2619 MHz, 313.79 W, 700.00 W, 48, 48 %, 0x0000000000000000
2026/10/09 00:57:30.131, 1710 MHz, 2619 MHz, 308.79 W, 700.00 W, 48, 17 %, 0x0000000000000000
2026/10/09 00:57:30.631, 1710 MHz, 2619 MHz, 297.73 W, 700.00 W, 48, 56 %, 0x0000000000000000
2026/10/09 00:57:31.132, 1710 MHz, 2619 MHz, 313.03 W, 700.00 W, 50, 40 %, 0x0000000000000000
2026/10/09 00:57:31.632, 1710 MHz, 2619 MHz, 309.51 W, 700.00 W, 49, 0 %, 0x0000000000000000
2026/10/09 00:57:32.133, 1710 MHz, 2619 MHz, 286.59 W, 700.00 W, 49, 44 %, 0x0000000000000000
2026/10/09 00:57:32.633, 1710 MHz, 2619 MHz, 293.29 W, 700.00 W, 48, 30 %, 0x0000000000000000
2026/10/09 00:57:33.134, 1710 MHz, 2619 MHz, 295.88 W, 700.00 W, 48, 36 %, 0x0000000000000000
2026/10/09 00:57:33.634, 1710 MHz, 2619 MHz, 290.88 W, 700.00 W, 48, 44 %, 0x0000000000000000
2026/10/09 00:57:34.135, 1710 MHz, 2619 MHz, 292.75 W, 700.00 W, 51, 1 %, 0x0000000000000000
2026/10/09 00:57:34.635, 1710 MHz, 2619 MHz, 308.70 W, 700.00 W, 52, 0 %, 0x0000000000000000
2026/10/09 00:57:35.136, 1710 MHz, 2619 MHz, 304.64 W, 700.00 W, 50, 59 %, 0x0000000000000000
2026/10/09 00:57:35.636, 1710 MHz, 2619 MHz, 275.20 W, 700.00 W, 49, 4 %, 0x0000000000000000
2026/10/09 00:57:36.137, 1710 MHz, 2619 MHz, 281.13 W, 700.00 W, 49, 48 %, 0x0000000000000000
2026/10/09 00:57:36.637, 1710 MHz, 2619 MHz, 288.77 W, 700.00 W, 48, 32 %, 0x0000000000000000
2026/10/09 00:57:37.138, 1710 MHz, 2619 MHz, 292.51 W, 700.00 W, 48, 34 %, 0x0000000000000000
2026/10/09 00:57:37.638, 1710 MHz, 2619 MHz, 295.85 W, 700.00 W, 48, 53 %, 0x0000000000000000
2026/10/09 00:57:38.139, 1710 MHz, 2619 MHz, 293.30 W, 700.00 W, 50, 5 %, 0x0000000000000000
2026/10/09 00:57:38.639, 1710 MHz, 2619 MHz, 307.61 W, 700.00 W, 51, 15 %, 0x0000000000000000
2026/10/09 00:57:39.140, 1710 MHz, 2619 MHz, 310.31 W, 700.00 W, 50, 43 %, 0x0000000000000000
2026/10/09 00:57:39.640, 1710 MHz, 2619 MHz, 281.79 W, 700.00 W, 49, 0 %, 0x0000000000000000
2026/10/09 00:57:40.140, 1710 MHz, 2619 MHz, 276.61 W, 700.00 W, 49, 44 %, 0x0000000000000000
2026/10/09 00:57:40.641, 1710 MHz, 2619 MHz, 280.04 W, 700.00 W, 49, 17 %, 0x0000000000000000
2026/10/09 00:57:41.141, 1710 MHz, 2619 MHz, 288.33 W, 700.00 W, 48, 45 %, 0x0000000000000000
2026/10/09 00:57:41.642, 1710 MHz, 2619 MHz, 295.60 W, 700.00 W, 48, 44 %, 0x0000000000000000
2026/10/09 00:57:42.142, 1710 MHz, 2619 MHz, 280.88 W, 700.00 W, 48, 25 %, 0x0000000000000000
2026/10/09 00:57:42.643, 1710 MHz, 2619 MHz, 326.36 W, 700.00 W, 54, 36 %, 0x0000000000000000
2026/10/09 00:57:43.143, 1710 MHz, 2619 MHz, 337.06 W, 700.00 W, 51, 23 %, 0x0000000000000000
2026/10/09 00:57:43.644, 1710 MHz, 2619 MHz, 289.01 W, 700.00 W, 50, 8 %, 0x0000000000000000
2026/10/09 00:57:44.144, 1710 MHz, 2619 MHz, 286.46 W, 700.00 W, 50, 44 %, 0x0000000000000000
2026/10/09 00:57:44.645, 1710 MHz, 2619 MHz, 280.05 W, 700.00 W, 49, 5 %, 0x0000000000000000
2026/10/09 00:57:45.145, 1710 MHz, 2619 MHz, 289.58 W, 700.00 W, 49, 43 %, 0x0000000000000000
2026/10/09 00:57:45.645, 1710 MHz, 2619 MHz, 301.35 W, 700.00 W, 49, 30 %, 0x0000000000000000
2026/10/09 00:57:46.146, 1710 MHz, 2619 MHz, 328.12 W, 700.00 W, 56, 98 %, 0x0000000000000000
2026/10/09 00:57:46.646, 1710 MHz, 2619 MHz, 314.75 W, 700.00 W, 51, 13 %, 0x0000000000000000
2026/10/09 00:57:47.147, 1710 MHz, 2619 MHz, 281.20 W, 700.00 W, 49, 44 %, 0x0000000000000000
2026/10/09 00:57:47.647, 1710 MHz, 2619 MHz, 277.02 W, 700.00 W, 49, 9 %, 0x0000000000000000
2026/10/09 00:57:48.148, 1710 MHz, 2619 MHz, 284.79 W, 700.00 W, 49, 44 %, 0x0000000000000000
2026/10/09 00:57:48.648, 1710 MHz, 2619 MHz, 293.84 W, 700.00 W, 48, 44 %, 0x0000000000000000
2026/10/09 00:57:49.149, 1710 MHz, 2619 MHz, 297.37 W, 700.00 W, 48, 16 %, 0x0000000000000000
2026/10/09 00:57:49.649, 1710 MHz, 2619 MHz, 282.39 W, 700.00 W, 52, 44 %, 0x0000000000000000
2026/10/09 00:57:50.150, 1710 MHz, 2619 MHz, 311.53 W, 700.00 W, 51, 43 %, 0x0000000000000000
2026/10/09 00:57:50.650, 1710 MHz, 2619 MHz, 310.71 W, 700.00 W, 49, 4 %, 0x0000000000000000
2026/10/09 00:57:51.151, 1710 MHz, 2619 MHz, 283.29 W, 700.00 W, 49, 44 %, 0x0000000000000000
2026/10/09 00:57:51.651, 1710 MHz, 2619 MHz, 288.34 W, 700.00 W, 48, 42 %, 0x0000000000000000
2026/10/09 00:57:52.151, 1710 MHz, 2619 MHz, 290.58 W, 700.00 W, 48, 23 %, 0x0000000000000000
2026/10/09 00:57:52.652, 1710 MHz, 2619 MHz, 282.43 W, 700.00 W, 51, 46 %, 0x0000000000000000
2026/10/09 00:57:53.153, 1710 MHz, 2619 MHz, 274.93 W, 700.00 W, 52, 2 %, 0x0000000000000000
2026/10/09 00:57:53.653, 1710 MHz, 2619 MHz, 312.37 W, 700.00 W, 54, 97 %, 0x0000000000000004
2026/10/09 00:57:54.154, 1710 MHz, 2619 MHz, 334.83 W, 700.00 W, 49, 45 %, 0x0000000000000000
2026/10/09 00:57:54.654, 1710 MHz, 2619 MHz, 317.02 W, 700.00 W, 49, 45 %, 0x0000000000000000
2026/10/09 00:57:55.154, 1710 MHz, 2619 MHz, 311.92 W, 700.00 W, 48, 19 %, 0x0000000000000000
2026/10/09 00:57:55.655, 1695 MHz, 2619 MHz, 295.45 W, 700.00 W, 51, 47 %, 0x0000000000000004
2026/10/09 00:57:56.156, 1710 MHz, 2619 MHz, 293.09 W, 700.00 W, 52, 0 %, 0x0000000000000000
2026/10/09 00:57:56.656, 1710 MHz, 2619 MHz, 284.81 W, 700.00 W, 53, 40 %, 0x0000000000000000
2026/10/09 00:57:57.157, 1710 MHz, 2619 MHz, 288.27 W, 700.00 W, 52, 19 %, 0x0000000000000000
2026/10/09 00:57:57.657, 1710 MHz, 2619 MHz, 318.71 W, 700.00 W, 51, 12 %, 0x0000000000000000
2026/10/09 00:57:58.157, 1710 MHz, 2619 MHz, 322.27 W, 700.00 W, 49, 44 %, 0x0000000000000000
2026/10/09 00:57:58.658, 1710 MHz, 2619 MHz, 297.26 W, 700.00 W, 49, 34 %, 0x0000000000000000
2026/10/09 00:57:59.158, 1710 MHz, 2619 MHz, 296.05 W, 700.00 W, 48, 34 %, 0x0000000000000000
2026/10/09 00:57:59.659, 1710 MHz, 2619 MHz, 290.41 W, 700.00 W, 48, 45 %, 0x0000000000000000
2026/10/09 00:58:00.159, 1710 MHz, 2619 MHz, 286.40 W, 700.00 W, 49, 9 %, 0x0000000000000000
2026/10/09 00:58:00.660, 1710 MHz, 2619 MHz, 282.21 W, 700.00 W, 51, 44 %, 0x0000000000000000
2026/10/09 00:58:01.160, 1710 MHz, 2619 MHz, 280.88 W, 700.00 W, 52, 0 %, 0x0000000000000000
2026/10/09 00:58:01.661, 1710 MHz, 2619 MHz, 321.78 W, 700.00 W, 50, 0 %, 0x0000000000000000
2026/10/09 00:58:02.161, 1710 MHz, 2619 MHz, 323.36 W, 700.00 W, 53, 43 %, 0x0000000000000000
2026/10/09 00:58:02.662, 1710 MHz, 2619 MHz, 279.20 W, 700.00 W, 53, 15 %, 0x0000000000000000
2026/10/09 00:58:03.162, 1710 MHz, 2619 MHz, 280.79 W, 700.00 W, 50, 15 %, 0x0000000000000000
2026/10/09 00:58:03.663, 1710 MHz, 2619 MHz, 280.19 W, 700.00 W, 50, 43 %, 0x0000000000000000
2026/10/09 00:58:04.163, 1710 MHz, 2619 MHz, 278.35 W, 700.00 W, 49, 0 %, 0x0000000000000000
2026/10/09 00:58:04.664, 1710 MHz, 2619 MHz, 283.11 W, 700.00 W, 49, 42 %, 0x0000000000000000
2026/10/09 00:58:05.164, 1710 MHz, 2619 MHz, 327.02 W, 700.00 W, 55, 79 %, 0x0000000000000000
2026/10/09 00:58:05.665, 1710 MHz, 2619 MHz, 329.98 W, 700.00 W, 51, 3 %, 0x0000000000000000
2026/10/09 00:58:06.165, 1710 MHz, 2619 MHz, 287.77 W, 700.00 W, 52, 44 %, 0x0000000000000000
2026/10/09 00:58:06.666, 1710 MHz, 2619 MHz, 284.60 W, 700.00 W, 53, 13 %, 0x0000000000000000
2026/10/09 00:58:07.166, 1710 MHz, 2619 MHz, 282.64 W, 700.00 W, 50, 11 %, 0x0000000000000000
2026/10/09 00:58:07.667, 1710 MHz, 2619 MHz, 278.00 W, 700.00 W, 49, 44 %, 0x0000000000000000
2026/10/09 00:58:08.167, 1710 MHz, 2619 MHz, 283.36 W, 700.00 W, 49, 6 %, 0x0000000000000000
2026/10/09 00:58:08.668, 1710 MHz, 2619 MHz, 289.99 W, 700.00 W, 49, 43 %, 0x0000000000000000
2026/10/09 00:58:09.168, 1710 MHz, 2619 MHz, 339.02 W, 700.00 W, 50, 48 %, 0x0000000000000000
2026/10/09 00:58:09.669, 1710 MHz, 2619 MHz, 345.46 W, 700.00 W, 51, 7 %, 0x0000000000000000
2026/10/09 00:58:10.169, 1710 MHz, 2619 MHz, 298.52 W, 700.00 W, 52, 48 %, 0x0000000000000000
2026/10/09 00:58:10.670, 1710 MHz, 2619 MHz, 290.82 W, 700.00 W, 52, 10 %, 0x0000000000000000
2026/10/09 00:58:11.170, 1710 MHz, 2619 MHz, 284.84 W, 700.00 W, 51, 26 %, 0x0000000000000000
2026/10/09 00:58:11.671, 1710 MHz, 2619 MHz, 290.55 W, 700.00 W, 50, 36 %, 0x0000000000000000
2026/10/09 00:58:12.171, 1710 MHz, 2619 MHz, 291.99 W, 700.00 W, 49, 0 %, 0x0000000000000000
2026/10/09 00:58:12.672, 1710 MHz, 2619 MHz, 287.60 W, 700.00 W, 49, 48 %, 0x0000000000000000
2026/10/09 00:58:13.172, 1710 MHz, 2619 MHz, 359.05 W, 700.00 W, 49, 47 %, 0x0000000000000000
2026/10/09 00:58:13.673, 1710 MHz, 2619 MHz, 363.04 W, 700.00 W, 52, 0 %, 0x0000000000000000
2026/10/09 00:58:14.173, 1710 MHz, 2619 MHz, 298.96 W, 700.00 W, 53, 30 %, 0x0000000000000000
2026/10/09 00:58:14.674, 1710 MHz, 2619 MHz, 302.53 W, 700.00 W, 50, 43 %, 0x0000000000000000
2026/10/09 00:58:15.174, 1710 MHz, 2619 MHz, 307.50 W, 700.00 W, 49, 12 %, 0x0000000000000000
2026/10/09 00:58:15.675, 1710 MHz, 2619 MHz, 317.86 W, 700.00 W, 49, 48 %, 0x0000000000000000
2026/10/09 00:58:16.176, 1710 MHz, 2619 MHz, 326.03 W, 700.00 W, 48, 48 %, 0x0000000000000000
2026/10/09 00:58:16.676, 1710 MHz, 2619 MHz, 326.53 W, 700.00 W, 52, 97 %, 0x0000000000000000
2026/10/09 00:58:17.177, 1710 MHz, 2619 MHz, 321.49 W, 700.00 W, 50, 0 %, 0x0000000000000000
2026/10/09 00:58:17.677, 1710 MHz, 2619 MHz, 307.07 W, 700.00 W, 49, 46 %, 0x0000000000000000
2026/10/09 00:58:18.178, 1710 MHz, 2619 MHz, 305.37 W, 700.00 W, 48, 42 %, 0x0000000000000000
2026/10/09 00:58:18.678, 1710 MHz, 2619 MHz, 291.28 W, 700.00 W, 48, 22 %, 0x0000000000000000
2026/10/09 00:58:19.179, 1710 MHz, 2619 MHz, 291.89 W, 700.00 W, 51, 46 %, 0x0000000000000000
2026/10/09 00:58:19.679, 1710 MHz, 2619 MHz, 285.82 W, 700.00 W, 52, 12 %, 0x0000000000000000
2026/10/09 00:58:20.180, 1710 MHz, 2619 MHz, 280.87 W, 700.00 W, 50, 16 %, 0x0000000000000000
2026/10/09 00:58:20.680, 1710 MHz, 2619 MHz, 333.67 W, 700.00 W, 49, 47 %, 0x0000000000000000
2026/10/09 00:58:21.181, 1710 MHz, 2619 MHz, 336.92 W, 700.00 W, 48, 46 %, 0x0000000000000000
2026/10/09 00:58:21.681, 1710 MHz, 2619 MHz, 295.34 W, 700.00 W, 48, 15 %, 0x0000000000000000
2026/10/09 00:58:22.182, 1710 MHz, 2619 MHz, 279.25 W, 700.00 W, 51, 51 %, 0x0000000000000000
2026/10/09 00:58:22.682, 1710 MHz, 2619 MHz, 278.81 W, 700.00 W, 52, 3 %, 0x0000000000000000
2026/10/09 00:58:23.183, 1710 MHz, 2619 MHz, 284.23 W, 700.00 W, 51, 26 %, 0x0000000000000000
2026/10/09 00:58:23.683, 1710 MHz, 2619 MHz, 290.60 W, 700.00 W, 50, 38 %, 0x0000000000000000
2026/10/09 00:58:24.184, 1710 MHz, 2619 MHz, 334.26 W, 700.00 W, 53, 94 %, 0x0000000000000000
2026/10/09 00:58:24.684, 1710 MHz, 2619 MHz, 323.98 W, 700.00 W, 48, 21 %, 0x0000000000000000
2026/10/09 00:58:25.185, 1710 MHz, 2619 MHz, 293.07 W, 700.00 W, 51, 46 %, 0x0000000000000000
2026/10/09 00:58:25.685, 1710 MHz, 2619 MHz, 285.14 W, 700.00 W, 52, 2 %, 0x0000000000000000
2026/10/09 00:58:26.186, 1710 MHz, 2619 MHz, 283.86 W, 700.00 W, 51, 24 %, 0x0000000000000000
2026/10/09 00:58:26.686, 1710 MHz, 2619 MHz, 284.46 W, 700.00 W, 50, 42 %, 0x0000000000000000
2026/10/09 00:58:27.187, 1710 MHz, 2619 MHz, 292.33 W, 700.00 W, 49, 0 %, 0x0000000000000000
2026/10/09 00:58:27.687, 1710 MHz, 2619 MHz, 302.71 W, 700.00 W, 49, 47 %, 0x0000000000000000
2026/10/09 00:58:28.188, 1710 MHz, 2619 MHz, 333.46 W, 700.00 W, 52, 44 %, 0x0000000000000000
2026/10/09 00:58:28.688, 1710 MHz, 2619 MHz, 325.54 W, 700.00 W, 53, 7 %, 0x0000000000000000
2026/10/09 00:58:29.189, 1710 MHz, 2619 MHz, 278.86 W, 700.00 W, 50, 20 %, 0x0000000000000000
2026/10/09 00:58:29.689, 1710 MHz, 2619 MHz, 283.15 W, 700.00 W, 49, 45 %, 0x0000000000000000
2026/10/09 00:58:30.190, 1710 MHz, 2619 MHz, 287.64 W, 700.00 W, 49, 4 %, 0x0000000000000000
2026/10/09 00:58:30.690, 1710 MHz, 2619 MHz, 301.24 W, 700.00 W, 49, 46 %, 0x0000000000000000
2026/10/09 00:58:31.191, 1710 MHz, 2619 MHz, 304.21 W, 700.00 W, 48, 43 %, 0x0000000000000000
2026/10/09 00:58:31.691, 1710 MHz, 2619 MHz, 303.36 W, 700.00 W, 48, 24 %, 0x0000000000000000
2026/10/09 00:58:32.192, 1710 MHz, 2619 MHz, 335.26 W, 700.00 W, 53, 31 %, 0x0000000000000000
2026/10/09 00:58:32.692, 1710 MHz, 2619 MHz, 334.56 W, 700.00 W, 51, 21 %, 0x0000000000000000
2026/10/09 00:58:33.193, 1710 MHz, 2619 MHz, 289.73 W, 700.00 W, 50, 9 %, 0x0000000000000000
2026/10/09 00:58:33.693, 1710 MHz, 2619 MHz, 291.21 W, 700.00 W, 49, 47 %, 0x0000000000000000
2026/10/09 00:58:34.194, 1710 MHz, 2619 MHz, 293.74 W, 700.00 W, 49, 9 %, 0x0000000000000000
2026/10/09 00:58:34.694, 1710 MHz, 2619 MHz, 295.91 W, 700.00 W, 49, 47 %, 0x0000000000000000
2026/10/09 00:58:35.195, 1710 MHz, 2619 MHz, 301.73 W, 700.00 W, 48, 43 %, 0x0000000000000000
2026/10/09 00:58:35.695, 1710 MHz, 2619 MHz, 322.02 W, 700.00 W, 55, 97 %, 0x0000000000000000
2026/10/09 00:58:36.195, 1710 MHz, 2619 MHz, 313.45 W, 700.00 W, 51, 21 %, 0x0000000000000000
2026/10/09 00:58:36.696, 1710 MHz, 2619 MHz, 284.65 W, 700.00 W, 50, 42 %, 0x0000000000000000
2026/10/09 00:58:37.197, 1710 MHz, 2619 MHz, 290.88 W, 700.00 W, 49, 0 %, 0x0000000000000000
2026/10/09 00:58:37.697, 1710 MHz, 2619 MHz, 300.63 W, 700.00 W, 49, 47 %, 0x0000000000000000
2026/10/09 00:58:38.198, 1710 MHz, 2619 MHz, 300.66 W, 700.00 W, 49, 26 %, 0x0000000000000000
2026/10/09 00:58:38.698, 1710 MHz, 2619 MHz, 303.04 W, 700.00 W, 48, 43 %, 0x0000000000000000
2026/10/09 00:58:39.198, 1710 MHz, 2619 MHz, 301.65 W, 700.00 W, 48, 46 %, 0x0000000000000000
2026/10/09 00:58:39.699, 1710 MHz, 2619 MHz, 341.77 W, 700.00 W, 54, 5 %, 0x0000000000000000
2026/10/09 00:58:40.199, 1710 MHz, 2619 MHz, 343.59 W, 700.00 W, 51, 20 %, 0x0000000000000000
2026/10/09 00:58:40.700, 1710 MHz, 2619 MHz, 302.78 W, 700.00 W, 50, 47 %, 0x0000000000000000
2026/10/09 00:58:41.200, 1710 MHz, 2619 MHz, 322.62 W, 700.00 W, 49, 20 %, 0x0000000000000000
2026/10/09 00:58:41.701, 1710 MHz, 2619 MHz, 332.52 W, 700.00 W, 49, 44 %, 0x0000000000000000
2026/10/09 00:58:42.201, 1710 MHz, 2619 MHz, 312.52 W, 700.00 W, 50, 63 %, 0x0000000000000004
2026/10/09 00:58:42.702, 1710 MHz, 2619 MHz, 301.14 W, 700.00 W, 52, 0 %, 0x0000000000000000
2026/10/09 00:58:43.202, 1710 MHz, 2619 MHz, 345.98 W, 700.00 W, 53, 98 %, 0x0000000000000000
2026/10/09 00:58:43.703, 1710 MHz, 2619 MHz, 353.09 W, 700.00 W, 49, 48 %, 0x0000000000000000
2026/10/09 00:58:44.203, 1710 MHz, 2619 MHz, 324.99 W, 700.00 W, 49, 39 %, 0x0000000000000000
2026/10/09 00:58:44.704, 1710 MHz, 2619 MHz, 314.44 W, 700.00 W, 48, 29 %, 0x0000000000000000
2026/10/09 00:58:45.204, 1710 MHz, 2619 MHz, 300.08 W, 700.00 W, 50, 47 %, 0x0000000000000000
2026/10/09 00:58:45.704, 1710 MHz, 2619 MHz, 297.37 W, 700.00 W, 52, 0 %, 0x0000000000000000
2026/10/09 00:58:46.205, 1710 MHz, 2619 MHz, 298.58 W, 700.00 W, 52, 30 %, 0x0000000000000000
2026/10/09 00:58:46.705, 1710 MHz, 2619 MHz, 299.77 W, 700.00 W, 50, 38 %, 0x0000000000000000
2026/10/09 00:58:47.206, 1710 MHz, 2619 MHz, 331.79 W, 700.00 W, 50, 34 %, 0x0000000000000000
2026/10/09 00:58:47.706, 1710 MHz, 2619 MHz, 321.74 W, 700.00 W, 49, 32 %, 0x0000000000000000
2026/10/09 00:58:48.207, 1710 MHz, 2619 MHz, 281.94 W, 700.00 W, 48, 44 %, 0x0000000000000000
2026/10/09 00:58:48.707, 1710 MHz, 2619 MHz, 277.44 W, 700.00 W, 52, 0 %, 0x0000000000000000
2026/10/09 00:58:49.208, 1710 MHz, 2619 MHz, 276.11 W, 700.00 W, 53, 42 %, 0x0000000000000000
2026/10/09 00:58:49.708, 1710 MHz, 2619 MHz, 274.97 W, 700.00 W, 52, 19 %, 0x0000000000000000
2026/10/09 00:58:50.209, 1710 MHz, 2619 MHz, 281.77 W, 700.00 W, 50, 7 %, 0x0000000000000000
2026/10/09 00:58:50.709, 1710 MHz, 2619 MHz, 281.00 W, 700.00 W, 49, 58 %, 0x0000000000000000
2026/10/09 00:58:51.210, 1710 MHz, 2619 MHz, 322.33 W, 700.00 W, 49, 44 %, 0x0000000000000000
2026/10/09 00:58:51.710, 1710 MHz, 2619 MHz, 320.33 W, 700.00 W, 48, 14 %, 0x0000000000000000
2026/10/09 00:58:52.211, 1710 MHz, 2619 MHz, 282.00 W, 700.00 W, 50, 42 %, 0x0000000000000000
2026/10/09 00:58:52.711, 1710 MHz, 2619 MHz, 280.08 W, 700.00 W, 52, 0 %, 0x0000000000000000
2026/10/09 00:58:53.211, 1710 MHz, 2619 MHz, 281.08 W, 700.00 W, 53, 40 %, 0x0000000000000000
2026/10/09 00:58:53.712, 1710 MHz, 2619 MHz, 275.94 W, 700.00 W, 51, 19 %, 0x0000000000000000
2026/10/09 00:58:54.213, 1710 MHz, 2619 MHz, 272.89 W, 700.00 W, 50, 9 %, 0x0000000000000000
2026/10/09 00:58:54.713, 1710 MHz, 2619 MHz, 319.62 W, 700.00 W, 53, 20 %, 0x0000000000000000
2026/10/09 00:58:55.213, 1710 MHz, 2619 MHz, 330.44 W, 700.00 W, 49, 37 %, 0x0000000000000000
2026/10/09 00:58:55.714, 1710 MHz, 2619 MHz, 295.55 W, 700.00 W, 48, 33 %, 0x0000000000000000
2026/10/09 00:58:56.214, 1710 MHz, 2619 MHz, 286.64 W, 700.00 W, 48, 59 %, 0x0000000000000000
2026/10/09 00:58:56.715, 1710 MHz, 2619 MHz, 281.65 W, 700.00 W, 49, 9 %, 0x0000000000000000
2026/10/09 00:58:57.215, 1710 MHz, 2619 MHz, 281.14 W, 700.00 W, 51, 44 %, 0x0000000000000000
2026/10/09 00:58:57.716, 1710 MHz, 2619 MHz, 280.48 W, 700.00 W, 52, 0 %, 0x0000000000000000
2026/10/09 00:58:58.216, 1710 MHz, 2619 MHz, 276.82 W, 700.00 W, 53, 34 %, 0x0000000000000000
2026/10/09 00:58:58.717, 1710 MHz, 2619 MHz, 315.08 W, 700.00 W, 51, 78 %, 0x0000000000000000
2026/10/09 00:58:59.217, 1710 MHz, 2619 MHz, 333.63 W, 700.00 W, 49, 14 %, 0x0000000000000000
2026/10/09 00:58:59.718, 1710 MHz, 2619 MHz, 309.19 W, 700.00 W, 49, 45 %, 0x0000000000000000
2026/10/09 00:59:00.218, 1710 MHz, 2619 MHz, 308.17 W, 700.00 W, 49, 43 %, 0x0000000000000000
2026/10/09 00:59:00.718, 1695 MHz, 2619 MHz, 301.90 W, 700.00 W, 48, 26 %, 0x0000000000000000
2026/10/09 00:59:01.219, 1710 MHz, 2619 MHz, 302.14 W, 700.00 W, 49, 45 %, 0x0000000000000000
2026/10/09 00:59:01.719, 1710 MHz, 2619 MHz, 279.86 W, 700.00 W, 52, 0 %, 0x0000000000000000
2026/10/09 00:59:02.220, 1710 MHz, 2619 MHz, 282.21 W, 700.00 W, 53, 44 %, 0x0000000000000000
2026/10/09 00:59:02.720, 1710 MHz, 2619 MHz, 332.17 W, 700.00 W, 50, 44 %, 0x0000000000000000
2026/10/09 00:59:03.221, 1710 MHz, 2619 MHz, 326.94 W, 700.00 W, 49, 43 %, 0x0000000000000000
2026/10/09 00:59:03.721, 1710 MHz, 2619 MHz, 297.87 W, 700.00 W, 48, 21 %, 0x0000000000000000
2026/10/09 00:59:04.221, 1710 MHz, 2619 MHz, 283.18 W, 700.00 W, 51, 48 %, 0x0000000000000000
2026/10/09 00:59:04.722, 1710 MHz, 2619 MHz, 279.73 W, 700.00 W, 53, 1 %, 0x0000000000000000
2026/10/09 00:59:05.222, 1710 MHz, 2619 MHz, 279.92 W, 700.00 W, 51, 23 %, 0x0000000000000000
2026/10/09 00:59:05.723, 1710 MHz, 2619 MHz, 278.62 W, 700.00 W, 50, 41 %, 0x0000000000000000
2026/10/09 00:59:06.223, 1710 MHz, 2619 MHz, 329.00 W, 700.00 W, 54, 98 %, 0x0000000000000000
2026/10/09 00:59:06.724, 1710 MHz, 2619 MHz, 332.48 W, 700.00 W, 49, 26 %, 0x0000000000000000
2026/10/09 00:59:07.224, 1710 MHz, 2619 MHz, 296.94 W, 700.00 W, 50, 52 %, 0x0000000000000000
2026/10/09 00:59:07.725, 1710 MHz, 2619 MHz, 284.39 W, 700.00 W, 52, 0 %, 0x0000000000000000
2026/10/09 00:59:08.225, 1710 MHz, 2619 MHz, 284.35 W, 700.00 W, 52, 27 %, 0x0000000000000000
2026/10/09 00:59:08.726, 1710 MHz, 2619 MHz, 286.52 W, 700.00 W, 50, 36 %, 0x0000000000000000
2026/10/09 00:59:09.226, 1710 MHz, 2619 MHz, 283.62 W, 700.00 W, 49, 0 %, 0x0000000000000000
2026/10/09 00:59:09.726, 1710 MHz, 2619 MHz, 295.15 W, 700.00 W, 49, 44 %, 0x0000000000000000
2026/10/09 00:59:10.227, 1710 MHz, 2619 MHz, 340.47 W, 700.00 W, 54, 45 %, 0x0000000000000000
2026/10/09 00:59:10.727, 1710 MHz, 2619 MHz, 345.15 W, 700.00 W, 54, 9 %, 0x0000000000000000
2026/10/09 00:59:11.228, 1710 MHz, 2619 MHz, 293.54 W, 700.00 W, 52, 22 %, 0x0000000000000000
2026/10/09 00:59:11.728, 1710 MHz, 2619 MHz, 282.30 W, 700.00 W, 50, 36 %, 0x0000000000000000
2026/10/09 00:59:12.229, 1710 MHz, 2619 MHz, 286.22 W, 700.00 W, 50, 0 %, 0x0000000000000000
2026/10/09 00:59:12.729, 1710 MHz, 2619 MHz, 292.51 W, 700.00 W, 49, 45 %, 0x0000000000000000
2026/10/09 00:59:13.230, 1710 MHz, 2619 MHz, 299.63 W, 700.00 W, 49, 17 %, 0x0000000000000000
2026/10/09 00:59:13.730, 1710 MHz, 2619 MHz, 292.27 W, 700.00 W, 49, 45 %, 0x0000000000000000
2026/10/09 00:59:14.231, 1710 MHz, 2619 MHz, 328.10 W, 700.00 W, 52, 44 %, 0x0000000000000000
2026/10/09 00:59:14.731, 1710 MHz, 2619 MHz, 330.64 W, 700.00 W, 53, 0 %, 0x0000000000000000
2026/10/09 00:59:15.232, 1710 MHz, 2619 MHz, 281.20 W, 700.00 W, 53, 34 %, 0x0000000000000000
2026/10/09 00:59:15.732, 1710 MHz, 2619 MHz, 279.70 W, 700.00 W, 51, 23 %, 0x0000000000000000
2026/10/09 00:59:16.233, 1710 MHz, 2619 MHz, 282.68 W, 700.00 W, 50, 9 %, 0x0000000000000000
2026/10/09 00:59:16.733, 1710 MHz, 2619 MHz, 280.58 W, 700.00 W, 49, 45 %, 0x0000000000000000
2026/10/09 00:59:17.234, 1710 MHz, 2619 MHz, 278.00 W, 700.00 W, 49, 0 %, 0x0000000000000000
2026/10/09 00:59:17.734, 1710 MHz, 2619 MHz, 325.66 W, 700.00 W, 54, 47 %, 0x0000000000000000
2026/10/09 00:59:18.235, 1710 MHz, 2619 MHz, 329.64 W, 700.00 W, 49, 44 %, 0x0000000000000000
2026/10/09 00:59:18.735, 1710 MHz, 2619 MHz, 283.98 W, 700.00 W, 51, 3 %, 0x0000000000000000
2026/10/09 00:59:19.236, 1710 MHz, 2619 MHz, 283.02 W, 700.00 W, 52, 44 %, 0x0000000000000000
2026/10/09 00:59:19.736, 1710 MHz, 2619 MHz, 282.11 W, 700.00 W, 53, 7 %, 0x0000000000000000
2026/10/09 00:59:20.237, 1710 MHz, 2619 MHz, 276.81 W, 700.00 W, 51, 22 %, 0x0000000000000000
2026/10/09 00:59:20.737, 1710 MHz, 2619 MHz, 280.43 W, 700.00 W, 50, 37 %, 0x0000000000000000
2026/10/09 00:59:21.238, 1710 MHz, 2619 MHz, 283.36 W, 700.00 W, 49, 0 %, 0x0000000000000000
2026/10/09 00:59:21.738, 1710 MHz, 2619 MHz, 331.97 W, 700.00 W, 50, 41 %, 0x0000000000000000
2026/10/09 00:59:22.238, 1710 MHz, 2619 MHz, 330.11 W, 700.00 W, 48, 44 %, 0x0000000000000000
2026/10/09 00:59:22.739, 1710 MHz, 2619 MHz, 285.27 W, 700.00 W, 50, 5 %, 0x0000000000000000
2026/10/09 00:59:23.239, 1710 MHz, 2619 MHz, 286.53 W, 700.00 W, 52, 44 %, 0x0000000000000000
2026/10/09 00:59:23.741, 1710 MHz, 2619 MHz, 278.02 W, 700.00 W, 53, 13 %, 0x0000000000000000
2026/10/09 00:59:24.241, 1710 MHz, 2619 MHz, 278.65 W, 700.00 W, 50, 14 %, 0x0000000000000000
2026/10/09 00:59:24.742, 1710 MHz, 2619 MHz, 280.63 W, 700.00 W, 49, 44 %, 0x0000000000000000
2026/10/09 00:59:25.243, 1710 MHz, 2619 MHz, 272.58 W, 700.00 W, 49, 0 %, 0x0000000000000000
2026/10/09 00:59:25.743, 1710 MHz, 2619 MHz, 336.98 W, 700.00 W, 49, 23 %, 0x0000000000000000
2026/10/09 00:59:26.243, 1710 MHz, 2619 MHz, 351.03 W, 700.00 W, 48, 48 %, 0x0000000000000000
2026/10/09 00:59:26.744, 1710 MHz, 2619 MHz, 297.31 W, 700.00 W, 49, 13 %, 0x0000000000000000
2026/10/09 00:59:27.244, 1710 MHz, 2619 MHz, 290.54 W, 700.00 W, 51, 48 %, 0x0000000000000000
2026/10/09 00:59:27.745, 1710 MHz, 2619 MHz, 292.39 W, 700.00 W, 52, 0 %, 0x0000000000000000
2026/10/09 00:59:28.246, 1710 MHz, 2619 MHz, 294.33 W, 700.00 W, 53, 33 %, 0x0000000000000000
2026/10/09 00:59:28.746, 1710 MHz, 2619 MHz, 291.30 W, 700.00 W, 50, 29 %, 0x0000000000000000
2026/10/09 00:59:29.246, 1710 MHz, 2619 MHz, 346.08 W, 700.00 W, 54, 97 %, 0x0000000000000004
2026/10/09 00:59:29.747, 1710 MHz, 2619 MHz, 368.11 W, 700.00 W, 49, 45 %, 0x0000000000000000
2026/10/09 00:59:30.247, 1710 MHz, 2619 MHz, 324.51 W, 700.00 W, 49, 48 %, 0x0000000000000000
2026/10/09 00:59:30.748, 1710 MHz, 2619 MHz, 305.83 W, 700.00 W, 52, 0 %, 0x0000000000000000
2026/10/09 00:59:31.249, 1710 MHz, 2619 MHz, 301.39 W, 700.00 W, 52, 27 %, 0x0000000000000000
2026/10/09 00:59:31.749, 1710 MHz, 2619 MHz, 301.33 W, 700.00 W, 50, 47 %, 0x0000000000000000
2026/10/09 00:59:32.249, 1710 MHz, 2619 MHz, 311.42 W, 700.00 W, 49, 17 %, 0x0000000000000000
2026/10/09 00:59:32.750, 1710 MHz, 2619 MHz, 321.91 W, 700.00 W, 49, 47 %, 0x0000000000000000
2026/10/09 00:59:33.250, 1710 MHz, 2619 MHz, 344.80 W, 700.00 W, 53, 47 %, 0x0000000000000000
2026/10/09 00:59:33.751, 1710 MHz, 2619 MHz, 330.24 W, 700.00 W, 53, 3 %, 0x0000000000000000
2026/10/09 00:59:34.251, 1710 MHz, 2619 MHz, 291.67 W, 700.00 W, 52, 27 %, 0x0000000000000000
2026/10/09 00:59:34.752, 1710 MHz, 2619 MHz, 291.80 W, 700.00 W, 50, 33 %, 0x0000000000000000
2026/10/09 00:59:35.252, 1710 MHz, 2619 MHz, 287.71 W, 700.00 W, 49, 0 %, 0x0000000000000000
2026/10/09 00:59:35.753, 1710 MHz, 2619 MHz, 290.04 W, 700.00 W, 49, 47 %, 0x0000000000000000
2026/10/09 00:59:36.253, 1710 MHz, 2619 MHz, 299.22 W, 700.00 W, 49, 19 %, 0x0000000000000000
2026/10/09 00:59:36.754, 1710 MHz, 2619 MHz, 303.64 W, 700.00 W, 48, 46 %, 0x0000000000000000
2026/10/09 00:59:37.254, 1710 MHz, 2619 MHz, 343.35 W, 700.00 W, 51, 46 %, 0x0000000000000000
2026/10/09 00:59:37.755, 1710 MHz, 2619 MHz, 342.31 W, 700.00 W, 52, 0 %, 0x0000000000000000
2026/10/09 00:59:38.255, 1710 MHz, 2619 MHz, 289.67 W, 700.00 W, 53, 34 %, 0x0000000000000000
2026/10/09 00:59:38.756, 1710 MHz, 2619 MHz, 284.86 W, 700.00 W, 50, 29 %, 0x0000000000000000
2026/10/09 00:59:39.256, 1710 MHz, 2619 MHz, 279.39 W, 700.00 W, 49, 0 %, 0x0000000000000000
2026/10/09 00:59:39.757, 1710 MHz, 2619 MHz, 286.15 W, 700.00 W, 49, 47 %, 0x0000000000000000
2026/10/09 00:59:40.257, 1710 MHz, 2619 MHz, 301.57 W, 700.00 W, 49, 19 %, 0x0000000000000000
2026/10/09 00:59:40.757, 1710 MHz, 2619 MHz, 332.23 W, 700.00 W, 55, 81 %, 0x0000000000000000
2026/10/09 00:59:41.258, 1710 MHz, 2619 MHz, 318.73 W, 700.00 W, 53, 39 %, 0x0000000000000000
2026/10/09 00:59:41.758, 1710 MHz, 2619 MHz, 281.26 W, 700.00 W, 50, 28 %, 0x0000000000000000
2026/10/09 00:59:42.259, 1710 MHz, 2619 MHz, 280.47 W, 700.00 W, 49, 0 %, 0x0000000000000000
2026/10/09 00:59:42.759, 1710 MHz, 2619 MHz, 287.94 W, 700.00 W, 49, 47 %, 0x0000000000000000
2026/10/09 00:59:43.260, 1710 MHz, 2619 MHz, 298.06 W, 700.00 W, 49, 26 %, 0x0000000000000000
2026/10/09 00:59:43.760, 1710 MHz, 2619 MHz, 298.35 W, 700.00 W, 48, 40 %, 0x0000000000000000
2026/10/09 00:59:44.261, 1710 MHz, 2619 MHz, 289.23 W, 700.00 W, 48, 46 %, 0x0000000000000000
2026/10/09 00:59:44.761, 1710 MHz, 2619 MHz, 312.53 W, 700.00 W, 51, 35 %, 0x0000000000000000
2026/10/09 00:59:45.262, 1710 MHz, 2619 MHz, 315.06 W, 700.00 W, 49, 0 %, 0x0000000000000000
2026/10/09 00:59:45.762, 1710 MHz, 2619 MHz, 303.04 W, 700.00 W, 49, 46 %, 0x0000000000000000
2026/10/09 00:59:46.262, 1710 MHz, 2619 MHz, 308.88 W, 700.00 W, 48, 34 %, 0x0000000000000000
2026/10/09 00:59:46.763, 1710 MHz, 2619 MHz, 307.27 W, 700.00 W, 48, 33 %, 0x0000000000000000
2026/10/09 00:59:47.263, 1710 MHz, 2619 MHz, 296.53 W, 700.00 W, 49, 46 %, 0x0000000000000000
2026/10/09 00:59:47.764, 1710 MHz, 2619 MHz, 285.60 W, 700.00 W, 51, 0 %, 0x0000000000000000
2026/10/09 00:59:48.264, 1710 MHz, 2619 MHz, 311.19 W, 700.00 W, 52, 94 %, 0x0000000000000000
2026/10/09 00:59:48.765, 1710 MHz, 2619 MHz, 319.69 W, 700.00 W, 49, 46 %, 0x0000000000000000
2026/10/09 00:59:49.265, 1710 MHz, 2619 MHz, 309.45 W, 700.00 W, 49, 32 %, 0x0000000000000000
2026/10/09 00:59:49.766, 1710 MHz, 2619 MHz, 295.63 W, 700.00 W, 48, 36 %, 0x0000000000000000
2026/10/09 00:59:50.266, 1710 MHz, 2619 MHz, 285.12 W, 700.00 W, 48, 47 %, 0x0000000000000000
2026/10/09 00:59:50.767, 1710 MHz, 2619 MHz, 286.33 W, 700.00 W, 51, 2 %, 0x0000000000000000
2026/10/09 00:59:51.267, 1710 MHz, 2619 MHz, 286.73 W, 700.00 W, 52, 46 %, 0x0000000000000000
2026/10/09 00:59:51.768, 1710 MHz, 2619 MHz, 291.13 W, 700.00 W, 52, 17 %, 0x0000000000000000
2026/10/09 00:59:52.268, 1710 MHz, 2619 MHz, 334.68 W, 700.00 W, 51, 3 %, 0x0000000000000000
2026/10/09 00:59:52.769, 1710 MHz, 2619 MHz, 338.76 W, 700.00 W, 49, 47 %, 0x0000000000000000
2026/10/09 00:59:53.269, 1710 MHz, 2619 MHz, 303.37 W, 700.00 W, 49, 28 %, 0x0000000000000000
2026/10/09 00:59:53.770, 1710 MHz, 2619 MHz, 302.32 W, 700.00 W, 48, 42 %, 0x0000000000000000
2026/10/09 00:59:54.270, 1710 MHz, 2619 MHz, 300.36 W, 700.00 W, 48, 47 %, 0x0000000000000000
2026/10/09 00:59:54.771, 1710 MHz, 2619 MHz, 293.32 W, 700.00 W, 50, 10 %, 0x0000000000000000
2026/10/09 00:59:55.271, 1710 MHz, 2619 MHz, 290.79 W, 700.00 W, 52, 47 %, 0x0000000000000000
2026/10/09 00:59:55.772, 1710 MHz, 2619 MHz, 282.33 W, 700.00 W, 52, 8 %, 0x0000000000000000
2026/10/09 00:59:56.273, 1710 MHz, 2619 MHz, 327.63 W, 700.00 W, 51, 0 %, 0x0000000000000000
2026/10/09 00:59:56.773, 1710 MHz, 2619 MHz, 350.02 W, 700.00 W, 50, 48 %, 0x0000000000000000
2026/10/09 00:59:57.273, 1710 MHz, 2619 MHz, 319.02 W, 700.00 W, 49, 23 %, 0x0000000000000000
2026/10/09 00:59:57.774, 1710 MHz, 2619 MHz, 329.69 W, 700.00 W, 49, 48 %, 0x0000000000000000
2026/10/09 00:59:58.274, 1710 MHz, 2619 MHz, 319.55 W, 700.00 W, 49, 47 %, 0x0000000000000000
2026/10/09 00:59:58.775, 1710 MHz, 2619 MHz, 322.45 W, 700.00 W, 49, 11 %, 0x0000000000000000
2026/10/09 00:59:59.276, 1710 MHz, 2619 MHz, 320.99 W, 700.00 W, 49, 49 %, 0x0000000000000000
2026/10/09 00:59:59.776, 1710 MHz, 2619 MHz, 357.72 W, 700.00 W, 55, 63 %, 0x0000000000000000
2026/10/09 01:00:00.276, 1710 MHz, 2619 MHz, 341.50 W, 700.00 W, 52, 0 %, 0x0000000000000000
2026/10/09 01:00:00.777, 1710 MHz, 2619 MHz, 296.95 W, 700.00 W, 53, 35 %, 0x0000000000000000
2026/10/09 01:00:01.277, 1710 MHz, 2619 MHz, 289.91 W, 700.00 W, 51, 27 %, 0x0000000000000000
2026/10/09 01:00:01.778, 1710 MHz, 2619 MHz, 290.98 W, 700.00 W, 50, 5 %, 0x0000000000000000
2026/10/09 01:00:02.278, 1710 MHz, 2619 MHz, 299.30 W, 700.00 W, 49, 48 %, 0x0000000000000000
2026/10/09 01:00:02.779, 1710 MHz, 2619 MHz, 304.18 W, 700.00 W, 49, 10 %, 0x0000000000000000
2026/10/09 01:00:03.280, 1710 MHz, 2619 MHz, 303.04 W, 700.00 W, 49, 48 %, 0x0000000000000000
2026/10/09 01:00:03.780, 1710 MHz, 2619 MHz, 325.57 W, 700.00 W, 52, 44 %, 0x0000000000000000
2026/10/09 01:00:04.281, 1710 MHz, 2619 MHz, 318.27 W, 700.00 W, 53, 0 %, 0x0000000000000000
2026/10/09 01:00:04.781, 1710 MHz, 2619 MHz, 279.95 W, 700.00 W, 53, 30 %, 0x0000000000000000
2026/10/09 01:00:05.282, 1710 MHz, 2619 MHz, 283.79 W, 700.00 W, 50, 31 %, 0x0000000000000000
2026/10/09 01:00:05.782, 1710 MHz, 2619 MHz, 278.08 W, 700.00 W, 50, 0 %, 0x0000000000000000
2026/10/09 01:00:06.283, 1710 MHz, 2619 MHz, 282.18 W, 700.00 W, 49, 58 %, 0x0000000000000000
2026/10/09 01:00:06.783, 1710 MHz, 2619 MHz, 290.01 W, 700.00 W, 49, 22 %, 0x0000000000000000
2026/10/09 01:00:07.284, 1710 MHz, 2619 MHz, 282.34 W, 700.00 W, 49, 44 %, 0x0000000000000000
2026/10/09 01:00:07.784, 1710 MHz, 2619 MHz, 308.05 W, 700.00 W, 53, 44 %, 0x0000000000000000
2026/10/09 01:00:08.285, 1710 MHz, 2619 MHz, 316.42 W, 700.00 W, 53, 6 %, 0x0000000000000000
2026/10/09 01:00:08.786, 1710 MHz, 2619 MHz, 278.17 W, 700.00 W, 51, 24 %, 0x0000000000000000
2026/10/09 01:00:09.286, 1710 MHz, 2619 MHz, 284.36 W, 700.00 W, 50, 35 %, 0x0000000000000000
2026/10/09 01:00:09.786, 1710 MHz, 2619 MHz, 283.39 W, 700.00 W, 50, 0 %, 0x0000000000000000
2026/10/09 01:00:10.287, 1710 MHz, 2619 MHz, 283.63 W, 700.00 W, 49, 44 %, 0x0000000000000000
2026/10/09 01:00:10.787, 1710 MHz, 2619 MHz, 294.28 W, 700.00 W, 49, 17 %, 0x0000000000000000
2026/10/09 01:00:11.288, 1710 MHz, 2619 MHz, 325.10 W, 700.00 W, 55, 66 %, 0x0000000000000000
2026/10/09 01:00:11.788, 1710 MHz, 2619 MHz, 316.74 W, 700.00 W, 52, 45 %, 0x0000000000000000
2026/10/09 01:00:12.289, 1710 MHz, 2619 MHz, 280.23 W, 700.00 W, 53, 0 %, 0x0000000000000000
2026/10/09 01:00:12.789, 1710 MHz, 2619 MHz, 282.53 W, 700.00 W, 53, 36 %, 0x0000000000000000
2026/10/09 01:00:13.290, 1710 MHz, 2619 MHz, 280.31 W, 700.00 W, 51, 21 %, 0x0000000000000000
2026/10/09 01:00:13.790, 1710 MHz, 2619 MHz, 285.10 W, 700.00 W, 50, 10 %, 0x0000000000000000
2026/10/09 01:00:14.291, 1710 MHz, 2619 MHz, 283.33 W, 700.00 W, 50, 44 %, 0x0000000000000000
2026/10/09 01:00:14.791, 1710 MHz, 2619 MHz, 285.17 W, 700.00 W, 49, 0 %, 0x0000000000000000
2026/10/09 01:00:15.292, 1710 MHz, 2619 MHz, 330.61 W, 700.00 W, 50, 33 %, 0x0000000000000000
2026/10/09 01:00:15.792, 1710 MHz, 2619 MHz, 338.99 W, 700.00 W, 49, 53 %, 0x0000000000000000
2026/10/09 01:00:16.293, 1710 MHz, 2619 MHz, 293.36 W, 700.00 W, 50, 7 %, 0x0000000000000000
2026/10/09 01:00:16.793, 1710 MHz, 2619 MHz, 285.33 W, 700.00 W, 52, 47 %, 0x0000000000000000
2026/10/09 01:00:17.293, 1710 MHz, 2619 MHz, 282.32 W, 700.00 W, 53, 4 %, 0x0000000000000000
2026/10/09 01:00:17.794, 1710 MHz, 2619 MHz, 290.10 W, 700.00 W, 53, 28 %, 0x0000000000000000
2026/10/09 01:00:18.294, 1710 MHz, 2619 MHz, 292.07 W, 700.00 W, 51, 31 %, 0x0000000000000000
2026/10/09 01:00:18.795, 1710 MHz, 2619 MHz, 293.66 W, 700.00 W, 50, 0 %, 0x0000000000000000
2026/10/09 01:00:19.295, 1710 MHz, 2619 MHz, 338.08 W, 700.00 W, 49, 16 %, 0x0000000000000000
2026/10/09 01:00:19.796, 1710 MHz, 2619 MHz, 324.04 W, 700.00 W, 52, 48 %, 0x0000000000000000
2026/10/09 01:00:20.296, 1710 MHz, 2619 MHz, 278.23 W, 700.00 W, 53, 6 %, 0x0000000000000000
2026/10/09 01:00:20.797, 1710 MHz, 2619 MHz, 276.89 W, 700.00 W, 51, 18 %, 0x0000000000000000
2026/10/09 01:00:21.297, 1710 MHz, 2619 MHz, 276.33 W, 700.00 W, 50, 44 %, 0x0000000000000000
2026/10/09 01:00:21.798, 1710 MHz, 2619 MHz, 283.85 W, 700.00 W, 49, 5 %, 0x0000000000000000
2026/10/09 01:00:22.298, 1710 MHz, 2619 MHz, 293.84 W, 700.00 W, 49, 44 %, 0x0000000000000000
2026/10/09 01:00:22.798, 1710 MHz, 2619 MHz, 320.65 W, 700.00 W, 55, 52 %, 0x0000000000000000
2026/10/09 01:00:23.299, 1710 MHz, 2619 MHz, 314.51 W, 700.00 W, 53, 3 %, 0x0000000000000000
2026/10/09 01:00:23.799, 1710 MHz, 2619 MHz, 279.39 W, 700.00 W, 51, 21 %, 0x0000000000000000
2026/10/09 01:00:24.300, 1710 MHz, 2619 MHz, 284.68 W, 700.00 W, 50, 40 %, 0x0000000000000000
2026/10/09 01:00:24.800, 1710 MHz, 2619 MHz, 285.86 W, 700.00 W, 49, 0 %, 0x0000000000000000
2026/10/09 01:00:25.301, 1710 MHz, 2619 MHz, 292.12 W, 700.00 W, 49, 44 %, 0x0000000000000000
2026/10/09 01:00:25.801, 1710 MHz, 2619 MHz, 297.83 W, 700.00 W, 49, 39 %, 0x0000000000000000
2026/10/09 01:00:26.302, 1710 MHz, 2619 MHz, 294.26 W, 700.00 W, 48, 25 %, 0x0000000000000000
2026/10/09 01:00:26.802, 1710 MHz, 2619 MHz, 319.88 W, 700.00 W, 51, 6 %, 0x0000000000000000
2026/10/09 01:00:27.303, 1710 MHz, 2619 MHz, 316.01 W, 700.00 W, 50, 60 %, 0x0000000000000000
2026/10/09 01:00:27.803, 1710 MHz, 2619 MHz, 295.01 W, 700.00 W, 49, 3 %, 0x0000000000000000
2026/10/09 01:00:28.304, 1710 MHz, 2619 MHz, 297.73 W, 700.00 W, 49, 49 %, 0x0000000000000000
2026/10/09 01:00:28.804, 1710 MHz, 2619 MHz, 307.15 W, 700.00 W, 49, 31 %, 0x0000000000000000
2026/10/09 01:00:29.305, 1710 MHz, 2619 MHz, 300.26 W, 700.00 W, 49, 37 %, 0x0000000000000000
2026/10/09 01:00:29.805, 1710 MHz, 2619 MHz, 297.70 W, 700.00 W, 48, 45 %, 0x0000000000000000
2026/10/09 01:00:30.306, 1710 MHz, 2619 MHz, 295.07 W, 700.00 W, 48, 9 %, 0x0000000000000000
2026/10/09 01:00:30.806, 1710 MHz, 2619 MHz, 317.71 W, 700.00 W, 52, 9 %, 0x0000000000000000
2026/10/09 01:00:31.307, 1710 MHz, 2619 MHz, 314.01 W, 700.00 W, 50, 38 %, 0x0000000000000000
2026/10/09 01:00:31.807, 1710 MHz, 2619 MHz, 278.85 W, 700.00 W, 50, 0 %, 0x0000000000000000
2026/10/09 01:00:32.307, 1710 MHz, 2619 MHz, 284.04 W, 700.00 W, 49, 45 %, 0x0000000000000000
2026/10/09 01:00:32.808, 1710 MHz, 2619 MHz, 289.24 W, 700.00 W, 49, 12 %, 0x0000000000000000
2026/10/09 01:00:33.308, 1710 MHz, 2619 MHz, 292.02 W, 700.00 W, 49, 44 %, 0x0000000000000000
2026/10/09 01:00:33.809, 1710 MHz, 2619 MHz, 296.67 W, 700.00 W, 49, 38 %, 0x0000000000000000
2026/10/09 01:00:34.309, 1710 MHz, 2619 MHz, 313.90 W, 700.00 W, 56, 85 %, 0x0000000000000000
2026/10/09 01:00:34.810, 1710 MHz, 2619 MHz, 307.27 W, 700.00 W, 53, 38 %, 0x0000000000000000
2026/10/09 01:00:35.310, 1710 MHz, 2619 MHz, 280.07 W, 700.00 W, 52, 18 %, 0x0000000000000000
2026/10/09 01:00:35.811, 1710 MHz, 2619 MHz, 282.32 W, 700.00 W, 50, 10 %, 0x0000000000000000
2026/10/09 01:00:36.311, 1710 MHz, 2619 MHz, 278.77 W, 700.00 W, 50, 43 %, 0x0000000000000000
2026/10/09 01:00:36.811, 1710 MHz, 2619 MHz, 274.02 W, 700.00 W, 49, 1 %, 0x0000000000000000
2026/10/09 01:00:37.312, 1710 MHz, 2619 MHz, 285.08 W, 700.00 W, 49, 42 %, 0x0000000000000000
2026/10/09 01:00:37.812, 1710 MHz, 2619 MHz, 298.13 W, 700.00 W, 49, 29 %, 0x0000000000000000
2026/10/09 01:00:38.313, 1710 MHz, 2619 MHz, 325.05 W, 700.00 W, 53, 0 %, 0x0000000000000000
2026/10/09 01:00:38.813, 1710 MHz, 2619 MHz, 318.63 W, 700.00 W, 53, 44 %, 0x0000000000000000
2026/10/09 01:00:39.314, 1710 MHz, 2619 MHz, 281.30 W, 700.00 W, 52, 20 %, 0x0000000000000000
2026/10/09 01:00:39.814, 1710 MHz, 2619 MHz, 282.82 W, 700.00 W, 50, 9 %, 0x0000000000000000
2026/10/09 01:00:40.315, 1710 MHz, 2619 MHz, 283.22 W, 700.00 W, 49, 44 %, 0x0000000000000000
2026/10/09 01:00:40.815, 1710 MHz, 2619 MHz, 281.67 W, 700.00 W, 49, 8 %, 0x0000000000000000
2026/10/09 01:00:41.316, 1710 MHz, 2619 MHz, 286.96 W, 700.00 W, 49, 43 %, 0x0000000000000000
2026/10/09 01:00:41.816, 1710 MHz, 2619 MHz, 286.16 W, 700.00 W, 48, 27 %, 0x0000000000000000
2026/10/09 01:00:42.317, 1710 MHz, 2619 MHz, 330.27 W, 700.00 W, 52, 1 %, 0x0000000000000000
2026/10/09 01:00:42.817, 1710 MHz, 2619 MHz, 343.49 W, 700.00 W, 52, 48 %, 0x0000000000000000
2026/10/09 01:00:43.318, 1710 MHz, 2619 MHz, 295.92 W, 700.00 W, 53, 13 %, 0x0000000000000000
2026/10/09 01:00:43.818, 1710 MHz, 2619 MHz, 289.39 W, 700.00 W, 51, 20 %, 0x0000000000000000
2026/10/09 01:00:44.319, 1710 MHz, 2619 MHz, 287.08 W, 700.00 W, 50, 43 %, 0x0000000000000000
2026/10/09 01:00:44.819, 1710 MHz, 2619 MHz, 298.99 W, 700.00 W, 49, 0 %, 0x0000000000000000
2026/10/09 01:00:45.320, 1710 MHz, 2619 MHz, 304.21 W, 700.00 W, 49, 48 %, 0x0000000000000000
2026/10/09 01:00:45.820, 1665 MHz, 2619 MHz, 347.12 W, 700.00 W, 55, 79 %, 0x0000000000000004
2026/10/09 01:00:46.321, 1710 MHz, 2619 MHz, 355.98 W, 700.00 W, 52, 5 %, 0x0000000000000000
2026/10/09 01:00:46.821, 1710 MHz, 2619 MHz, 303.50 W, 700.00 W, 53, 42 %, 0x0000000000000000
2026/10/09 01:00:47.322, 1710 MHz, 2619 MHz, 301.21 W, 700.00 W, 51, 27 %, 0x0000000000000000
2026/10/09 01:00:47.822, 1710 MHz, 2619 MHz, 299.18 W, 700.00 W, 50, 0 %, 0x0000000000000000
2026/10/09 01:00:48.323, 1710 MHz, 2619 MHz, 307.32 W, 700.00 W, 49, 46 %, 0x0000000000000000
2026/10/09 01:00:48.823, 1710 MHz, 2619 MHz, 327.62 W, 700.00 W, 49, 35 %, 0x0000000000000000
2026/10/09 01:00:49.324, 1710 MHz, 2619 MHz, 320.03 W, 700.00 W, 49, 33 %, 0x0000000000000000
2026/10/09 01:00:49.824, 1710 MHz, 2619 MHz, 327.34 W, 700.00 W, 52, 23 %, 0x0000000000000000
2026/10/09 01:00:50.325, 1710 MHz, 2619 MHz, 317.19 W, 700.00 W, 50, 39 %, 0x0000000000000000
2026/10/09 01:00:50.825, 1710 MHz, 2619 MHz, 297.65 W, 700.00 W, 49, 0 %, 0x0000000000000000
2026/10/09 01:00:51.325, 1710 MHz, 2619 MHz, 298.17 W, 700.00 W, 49, 46 %, 0x0000000000000000
2026/10/09 01:00:51.826, 1710 MHz, 2619 MHz, 297.90 W, 700.00 W, 49, 25 %, 0x0000000000000000
2026/10/09 01:00:52.326, 1710 MHz, 2619 MHz, 304.35 W, 700.00 W, 49, 43 %, 0x0000000000000000
2026/10/09 01:00:52.827, 1710 MHz, 2619 MHz, 295.89 W, 700.00 W, 48, 47 %, 0x0000000000000000
2026/10/09 01:00:53.327, 1710 MHz, 2619 MHz, 303.77 W, 700.00 W, 48, 10 %, 0x0000000000000000
2026/10/09 01:00:53.828, 1710 MHz, 2619 MHz, 319.66 W, 700.00 W, 50, 2 %, 0x0000000000000000
2026/10/09 01:00:54.328, 1710 MHz, 2619 MHz, 314.18 W, 700.00 W, 49, 46 %, 0x0000000000000000
2026/10/09 01:00:54.829, 1710 MHz, 2619 MHz, 303.27 W, 700.00 W, 49, 15 %, 0x0000000000000000
2026/10/09 01:00:55.329, 1710 MHz, 2619 MHz, 307.11 W, 700.00 W, 49, 47 %, 0x0000000000000000
2026/10/09 01:00:55.830, 1710 MHz, 2619 MHz, 301.28 W, 700.00 W, 48, 46 %, 0x0000000000000000
2026/10/09 01:00:56.330, 1710 MHz, 2619 MHz, 292.13 W, 700.00 W, 48, 19 %, 0x0000000000000000
2026/10/09 01:00:56.831, 1710 MHz, 2619 MHz, 284.27 W, 700.00 W, 51, 46 %, 0x0000000000000000
2026/10/09 01:00:57.331, 1710 MHz, 2619 MHz, 312.34 W, 700.00 W, 51, 92 %, 0x0000000000000000
2026/10/09 01:00:57.832, 1710 MHz, 2619 MHz, 320.71 W, 700.00 W, 49, 11 %, 0x0000000000000000
2026/10/09 01:00:58.332, 1710 MHz, 2619 MHz, 302.23 W, 700.00 W, 49, 46 %, 0x0000000000000000
2026/10/09 01:00:58.832, 1710 MHz, 2619 MHz, 296.64 W, 700.00 W, 48, 46 %, 0x0000000000000000
2026/10/09 01:00:59.333, 1710 MHz, 2619 MHz, 288.61 W, 700.00 W, 49, 17 %, 0x0000000000000000
2026/10/09 01:00:59.833, 1710 MHz, 2619 MHz, 280.47 W, 700.00 W, 52, 46 %, 0x0000000000000000
2026/10/09 01:01:00.334, 1710 MHz, 2619 MHz, 277.23 W, 700.00 W, 53, 8 %, 0x0000000000000000
2026/10/09 01:01:00.834, 1710 MHz, 2619 MHz, 277.44 W, 700.00 W, 50, 17 %, 0x0000000000000000
2026/10/09 01:01:01.335, 1710 MHz, 2619 MHz, 335.21 W, 700.00 W, 49, 47 %, 0x0000000000000000
2026/10/09 01:01:01.835, 1710 MHz, 2619 MHz, 337.97 W, 700.00 W, 49, 47 %, 0x0000000000000000
2026/10/09 01:01:02.336, 1710 MHz, 2619 MHz, 294.85 W, 700.00 W, 48, 23 %, 0x0000000000000000
2026/10/09 01:01:02.836, 1710 MHz, 2619 MHz, 291.74 W, 700.00 W, 50, 47 %, 0x0000000000000000
2026/10/09 01:01:03.336, 1710 MHz, 2619 MHz, 289.82 W, 700.00 W, 51, 0 %, 0x0000000000000000
2026/10/09 01:01:03.837, 1710 MHz, 2619 MHz, 283.82 W, 700.00 W, 52, 44 %, 0x0000000000000000
2026/10/09 01:01:04.338, 1710 MHz, 2619 MHz, 287.73 W, 700.00 W, 53, 16 %, 0x0000000000000000
2026/10/09 01:01:04.838, 1710 MHz, 2619 MHz, 328.90 W, 700.00 W, 53, 97 %, 0x0000000000000000
2026/10/09 01:01:05.339, 1710 MHz, 2619 MHz, 340.07 W, 700.00 W, 49, 47 %, 0x0000000000000000
2026/10/09 01:01:05.839, 1710 MHz, 2619 MHz, 310.38 W, 700.00 W, 48, 47 %, 0x0000000000000000
2026/10/09 01:01:06.339, 1710 MHz, 2619 MHz, 294.43 W, 700.00 W, 49, 15 %, 0x0000000000000000
2026/10/09 01:01:06.840, 1710 MHz, 2619 MHz, 281.66 W, 700.00 W, 51, 46 %, 0x0000000000000000
2026/10/09 01:01:07.340, 1710 MHz, 2619 MHz, 280.31 W, 700.00 W, 52, 3 %, 0x0000000000000000
2026/10/09 01:01:07.841, 1710 MHz, 2619 MHz, 283.33 W, 700.00 W, 51, 24 %, 0x0000000000000000
2026/10/09 01:01:08.341, 1710 MHz, 2619 MHz, 289.46 W, 700.00 W, 50, 38 %, 0x0000000000000000
2026/10/09 01:01:08.842, 1710 MHz, 2619 MHz, 341.63 W, 700.00 W, 51, 22 %, 0x0000000000000000
2026/10/09 01:01:09.342, 1710 MHz, 2619 MHz, 345.61 W, 700.00 W, 49, 43 %, 0x0000000000000000
2026/10/09 01:01:09.843, 1710 MHz, 2619 MHz, 298.31 W, 700.00 W, 48, 46 %, 0x0000000000000000
2026/10/09 01:01:10.343, 1710 MHz, 2619 MHz, 284.83 W, 700.00 W, 52, 0 %, 0x0000000000000000
2026/10/09 01:01:10.844, 1710 MHz, 2619 MHz, 280.48 W, 700.00 W, 53, 35 %, 0x0000000000000000
2026/10/09 01:01:11.344, 1710 MHz, 2619 MHz, 279.44 W, 700.00 W, 50, 32 %, 0x0000000000000000
2026/10/09 01:01:11.845, 1710 MHz, 2619 MHz, 286.90 W, 700.00 W, 49, 0 %, 0x0000000000000000
2026/10/09 01:01:12.345, 1710 MHz, 2619 MHz, 293.72 W, 700.00 W, 49, 46 %, 0x0000000000000000
2026/10/09 01:01:12.846, 1710 MHz, 2619 MHz, 359.70 W, 700.00 W, 49, 47 %, 0x0000000000000000
2026/10/09 01:01:13.346, 1710 MHz, 2619 MHz, 364.34 W, 700.00 W, 53, 0 %, 0x0000000000000000
2026/10/09 01:01:13.847, 1710 MHz, 2619 MHz, 302.03 W, 700.00 W, 51, 21 %, 0x0000000000000000
2026/10/09 01:01:14.348, 1710 MHz, 2619 MHz, 311.03 W, 700.00 W, 50, 46 %, 0x0000000000000000
2026/10/09 01:01:14.848, 1710 MHz, 2619 MHz, 320.65 W, 700.00 W, 49, 31 %, 0x0000000000000000
2026/10/09 01:01:15.348, 1710 MHz, 2619 MHz, 322.29 W, 700.00 W, 49, 28 %, 0x0000000000000000
2026/10/09 01:01:15.849, 1710 MHz, 2619 MHz, 302.52 W, 700.00 W, 52, 51 %, 0x0000000000000000
2026/10/09 01:01:16.349, 1710 MHz, 2619 MHz, 343.42 W, 700.00 W, 52, 87 %, 0x0000000000000000
2026/10/09 01:01:16.850, 1710 MHz, 2619 MHz, 347.16 W, 700.00 W, 49, 16 %, 0x0000000000000000
2026/10/09 01:01:17.350, 1710 MHz, 2619 MHz, 319.58 W, 700.00 W, 49, 47 %, 0x0000000000000000
2026/10/09 01:01:17.851, 1710 MHz, 2619 MHz, 309.46 W, 700.00 W, 49, 47 %, 0x0000000000000000
2026/10/09 01:01:18.351, 1710 MHz, 2619 MHz, 303.19 W, 700.00 W, 50, 13 %, 0x0000000000000000
2026/10/09 01:01:18.852, 1710 MHz, 2619 MHz, 293.98 W, 700.00 W, 52, 48 %, 0x0000000000000000
2026/10/09 01:01:19.352, 1710 MHz, 2619 MHz, 294.72 W, 700.00 W, 53, 14 %, 0x0000000000000000
2026/10/09 01:01:19.853, 1710 MHz, 2619 MHz, 294.23 W, 700.00 W, 50, 12 %, 0x0000000000000000
2026/10/09 01:01:20.353, 1710 MHz, 2619 MHz, 335.74 W, 700.00 W, 50, 43 %, 0x0000000000000000
2026/10/09 01:01:20.854, 1710 MHz, 2619 MHz, 330.64 W, 700.00 W, 49, 44 %, 0x0000000000000000
2026/10/09 01:01:21.354, 1710 MHz, 2619 MHz, 290.03 W, 700.00 W, 48, 20 %, 0x0000000000000000
2026/10/09 01:01:21.855, 1710 MHz, 2619 MHz, 284.95 W, 700.00 W, 51, 44 %, 0x0000000000000000
2026/10/09 01:01:22.355, 1710 MHz, 2619 MHz, 285.18 W, 700.00 W, 53, 0 %, 0x0000000000000000
2026/10/09 01:01:22.856, 1710 MHz, 2619 MHz, 287.33 W, 700.00 W, 53, 30 %, 0x0000000000000000
2026/10/09 01:01:23.356, 1710 MHz, 2619 MHz, 283.06 W, 700.00 W, 50, 31 %, 0x0000000000000000
2026/10/09 01:01:23.857, 1710 MHz, 2619 MHz, 319.86 W, 700.00 W, 54, 97 %, 0x0000000000000000
2026/10/09 01:01:24.357, 1710 MHz, 2619 MHz, 326.58 W, 700.00 W, 49, 35 %, 0x0000000000000000
2026/10/09 01:01:24.858, 1710 MHz, 2619 MHz, 291.72 W, 700.00 W, 49, 44 %, 0x0000000000000000
2026/10/09 01:01:25.358, 1710 MHz, 2619 MHz, 284.88 W, 700.00 W, 49, 13 %, 0x0000000000000000
2026/10/09 01:01:25.859, 1710 MHz, 2619 MHz, 279.03 W, 700.00 W, 52, 43 %, 0x0000000000000000
2026/10/09 01:01:26.359, 1710 MHz, 2619 MHz, 274.11 W, 700.00 W, 53, 0 %, 0x0000000000000000
2026/10/09 01:01:26.860, 1710 MHz, 2619 MHz, 278.19 W, 700.00 W, 53, 30 %, 0x0000000000000000
2026/10/09 01:01:27.360, 1710 MHz, 2619 MHz, 283.96 W, 700.00 W, 51, 29 %, 0x0000000000000000
2026/10/09 01:01:27.860, 1710 MHz, 2619 MHz, 325.71 W, 700.00 W, 51, 20 %, 0x0000000000000000
2026/10/09 01:01:28.361, 1710 MHz, 2619 MHz, 337.25 W, 700.00 W, 49, 46 %, 0x0000000000000000
2026/10/09 01:01:28.861, 1710 MHz, 2619 MHz, 305.36 W, 700.00 W, 49, 45 %, 0x0000000000000000
2026/10/09 01:01:29.362, 1710 MHz, 2619 MHz, 291.75 W, 700.00 W, 48, 24 %, 0x0000000000000000
2026/10/09 01:01:29.862, 1710 MHz, 2619 MHz, 287.22 W, 700.00 W, 49, 44 %, 0x0000000000000000
2026/10/09 01:01:30.363, 1710 MHz, 2619 MHz, 280.46 W, 700.00 W, 52, 0 %, 0x0000000000000000
2026/10/09 01:01:30.863, 1710 MHz, 2619 MHz, 275.37 W, 700.00 W, 53, 44 %, 0x0000000000000000
2026/10/09 01:01:31.364, 1710 MHz, 2619 MHz, 277.85 W, 700.00 W, 53, 11 %, 0x0000000000000000
2026/10/09 01:01:31.864, 1710 MHz, 2619 MHz, 325.12 W, 700.00 W, 51, 5 %, 0x0000000000000000
2026/10/09 01:01:32.365, 1710 MHz, 2619 MHz, 336.11 W, 700.00 W, 49, 45 %, 0x0000000000000000
2026/10/09 01:01:32.865, 1710 MHz, 2619 MHz, 309.01 W, 700.00 W, 49, 28 %, 0x0000000000000000
2026/10/09 01:01:33.365, 1710 MHz, 2619 MHz, 302.18 W, 700.00 W, 49, 40 %, 0x0000000000000000
2026/10/09 01:01:33.866, 1710 MHz, 2619 MHz, 303.81 W, 700.00 W, 49, 45 %, 0x0000000000000000
2026/10/09 01:01:34.366, 1710 MHz, 2619 MHz, 286.53 W, 700.00 W, 50, 11 %, 0x0000000000000000
2026/10/09 01:01:34.867, 1710 MHz, 2619 MHz, 281.60 W, 700.00 W, 52, 45 %, 0x0000000000000000
2026/10/09 01:01:35.367, 1710 MHz, 2619 MHz, 328.04 W, 700.00 W, 53, 0 %, 0x0000000000000004
2026/10/09 01:01:35.868, 1710 MHz, 2619 MHz, 329.61 W, 700.00 W, 50, 21 %, 0x0000000000000000
2026/10/09 01:01:36.368, 1710 MHz, 2619 MHz, 294.51 W, 700.00 W, 49, 42 %, 0x0000000000000000
2026/10/09 01:01:36.869, 1710 MHz, 2619 MHz, 287.73 W, 700.00 W, 48, 44 %, 0x0000000000000000
2026/10/09 01:01:37.369, 1710 MHz, 2619 MHz, 282.03 W, 700.00 W, 51, 3 %, 0x0000000000000000
2026/10/09 01:01:37.870, 1710 MHz, 2619 MHz, 281.57 W, 700.00 W, 53, 43 %, 0x0000000000000000
2026/10/09 01:01:38.370, 1710 MHz, 2619 MHz, 284.93 W, 700.00 W, 52, 20 %, 0x0000000000000000
2026/10/09 01:01:38.871, 1710 MHz, 2619 MHz, 289.71 W, 700.00 W, 50, 2 %, 0x0000000000000000
2026/10/09 01:01:39.371, 1710 MHz, 2619 MHz, 233.96 W, 700.00 W, 47, 0 %, 0x0000000000000000
2026/10/09 01:01:39.872, 1710 MHz, 2619 MHz, 164.42 W, 700.00 W, 45, 0 %, 0x0000000000000000
2026/10/09 01:01:40.372, 1710 MHz, 2619 MHz, 142.39 W, 700.00 W, 45, 0 %, 0x0000000000000000
2026/10/09 01:01:40.873, 1710 MHz, 2619 MHz, 143.54 W, 700.00 W, 45, 0 %, 0x0000000000000000
2026/10/09 01:01:41.373, 1710 MHz, 2619 MHz, 143.21 W, 700.00 W, 45, 0 %, 0x0000000000000000
2026/10/09 01:01:41.873, 1710 MHz, 2619 MHz, 142.96 W, 700.00 W, 45, 0 %, 0x0000000000000001
2026/10/09 01:01:42.374, 1710 MHz, 2619 MHz, 142.94 W, 700.00 W, 45, 0 %, 0x0000000000000001
2026/10/09 01:01:42.874, 1710 MHz, 2619 MHz, 142.84 W, 700.00 W, 44, 0 %, 0x0000000000000001
2026/10/09 01:01:43.375, 1710 MHz, 2619 MHz, 142.62 W, 700.00 W, 44, 0 %, 0x0000000000000001
2026/10/09 01:01:43.875, 1710 MHz, 2619 MHz, 142.61 W, 700.00 W, 44, 0 %, 0x0000000000000001
2026/10/09 01:01:44.375, 1710 MHz, 2619 MHz, 142.54 W, 700.00 W, 44, 0 %, 0x0000000000000001
2026/10/09 01:01:44.876, 1710 MHz, 2619 MHz, 142.41 W, 700.00 W, 44, 0 %, 0x0000000000000001
2026/10/09 01:01:45.376, 1710 MHz, 2619 MHz, 142.37 W, 700.00 W, 44, 0 %, 0x0000000000000001
2026/10/09 01:01:45.877, 1710 MHz, 2619 MHz, 142.22 W, 700.00 W, 44, 0 %, 0x0000000000000001
2026/10/09 01:01:46.377, 1710 MHz, 2619 MHz, 142.10 W, 700.00 W, 44, 0 %, 0x0000000000000001
2026/10/09 01:01:46.877, 1710 MHz, 2619 MHz, 142.10 W, 700.00 W, 44, 0 %, 0x0000000000000001
2026/10/09 01:01:47.378, 1710 MHz, 2619 MHz, 142.10 W, 700.00 W, 44, 0 %, 0x0000000000000001
2026/10/09 01:01:47.878, 1710 MHz, 2619 MHz, 141.98 W, 700.00 W, 44, 0 %, 0x0000000000000001
