block_m,rows_per_expert,tiles,tokens,rep,ms_p50,ms_min,ms_stdev,iters,sm_clock_load_mhz,sm_clock_start_mhz,sm_clock_end_mhz,clock_samples_mhz,settle_ms,settle_calls,clock_level_ok,clock_drift_ok,clock_level_side,instrument,warmup_ms,trials,l2_flush,status,detail,prov_bandwidth,prov_bandwidth_source,prov_cuda_version,prov_driver_version,prov_git_dirty,prov_git_dirty_files,prov_git_sha,prov_gpu_name,prov_hostname,prov_instrument,prov_iters,prov_missing,prov_provenance_version,prov_python,prov_ridge,prov_ridge_source,prov_sglang,prov_target_ms,prov_torch,prov_triton,prov_utc,prov_vllm,prov_warmup_ms
256,256,1,1024,1,1.929535984992981,1.8512320518493652,0.1434052969257708,208,1740.0,1815.0,1725.0,1815 1815 1740 1740 1755 1755 1755 1755 1740 1740 1335 1335 1515 1515 1695 1695 1695 1695 1755 1755 1710 1710 1740 1740 1725,23.839487075805664,12,False,True,high,queue-deep/l2-flush/settled-warmup/clock-under-load/v4,352.0236178636551,3,True,ok,,4374.050104876781,"measured on this device: NVIDIA H200 (measured), 665.2 TFLOP/s bf16 over 4374.1 GB/s; calibrated 2026-09-10 at 43cfb31a",13.0,580.159.04,True,1,43cfb31a7e076e7a23c4a9331fba49351f396488,NVIDIA H200,eec145fd46b6,queue-deep/l2-flush/settled-warmup/clock-under-load/v4,,iters=not supplied by caller; sglang=package not installed,1,3.12.3,152.0897603868627,"measured on this device: NVIDIA H200 (measured), 665.2 TFLOP/s bf16 over 4374.1 GB/s; calibrated 2026-09-10 at 43cfb31a",,400.0,2.13.0,3.7.1,2026-09-10T06:53:29+00:00,0.27.1,300.0
256,512,2,2048,1,3.8865760564804077,3.7850561141967773,0.08919761203904265,98,1680.0,1680.0,1680.0,1680 1680 1695 1695 1710 1710 1710 1710 1710 1710 1650 1650 1695 1695 1635 1635 1620 1620 1620 1620 1665 1665 1680,41.505727767944336,10,False,True,high,queue-deep/l2-flush/settled-warmup/clock-under-load/v4,367.5535309314728,3,True,ok,,4374.050104876781,"measured on this device: NVIDIA H200 (measured), 665.2 TFLOP/s bf16 over 4374.1 GB/s; calibrated 2026-09-10 at 43cfb31a",13.0,580.159.04,True,1,43cfb31a7e076e7a23c4a9331fba49351f396488,NVIDIA H200,eec145fd46b6,queue-deep/l2-flush/settled-warmup/clock-under-load/v4,,iters=not supplied by caller; sglang=package not installed,1,3.12.3,152.0897603868627,"measured on this device: NVIDIA H200 (measured), 665.2 TFLOP/s bf16 over 4374.1 GB/s; calibrated 2026-09-10 at 43cfb31a",,400.0,2.13.0,3.7.1,2026-09-10T06:53:29+00:00,0.27.1,300.0
256,1024,4,4096,1,7.7879838943481445,7.496543884277344,0.22531574444227698,52,1665.0,1695.0,1665.0,1695 1740 1740 1650 1650 1635 1635 1620 1620 1650 1650 1530 1530 1665 1665 1695 1695 1680 1680 1695 1695 1680 1680 1665,23.287263870239258,3,False,True,high,queue-deep/l2-flush/settled-warmup/clock-under-load/v4,349.9296941757202,3,True,ok,,4374.050104876781,"measured on this device: NVIDIA H200 (measured), 665.2 TFLOP/s bf16 over 4374.1 GB/s; calibrated 2026-09-10 at 43cfb31a",13.0,580.159.04,True,1,43cfb31a7e076e7a23c4a9331fba49351f396488,NVIDIA H200,eec145fd46b6,queue-deep/l2-flush/settled-warmup/clock-under-load/v4,,iters=not supplied by caller; sglang=package not installed,1,3.12.3,152.0897603868627,"measured on this device: NVIDIA H200 (measured), 665.2 TFLOP/s bf16 over 4374.1 GB/s; calibrated 2026-09-10 at 43cfb31a",,400.0,2.13.0,3.7.1,2026-09-10T06:53:29+00:00,0.27.1,300.0
256,2048,8,8192,1,15.579008102416992,15.411616325378418,0.7417412607203849,25,1665.0,1680.0,1680.0,1680 1680 1680 1680 1665 1665 1650 1650 1665 1665 1335 1335 1545 1545 1650 1650 1665 1665 1665 1665 1635 1635 1680,15.787487983703613,1,False,True,high,queue-deep/l2-flush/settled-warmup/clock-under-load/v4,338.0903663635254,3,True,ok,,4374.050104876781,"measured on this device: NVIDIA H200 (measured), 665.2 TFLOP/s bf16 over 4374.1 GB/s; calibrated 2026-09-10 at 43cfb31a",13.0,580.159.04,True,1,43cfb31a7e076e7a23c4a9331fba49351f396488,NVIDIA H200,eec145fd46b6,queue-deep/l2-flush/settled-warmup/clock-under-load/v4,,iters=not supplied by caller; sglang=package not installed,1,3.12.3,152.0897603868627,"measured on this device: NVIDIA H200 (measured), 665.2 TFLOP/s bf16 over 4374.1 GB/s; calibrated 2026-09-10 at 43cfb31a",,400.0,2.13.0,3.7.1,2026-09-10T06:53:29+00:00,0.27.1,300.0
256,4096,16,16384,1,32.2992000579834,32.00185775756836,2.145359866595686,12,1665.0,1665.0,1665.0,1665 1665 1695 1695 1695 1695 1665 1665 1515 1515 1365 1365 1560 1560 1650 1650 1665 1665 1680 1680 1680 1680 1665,32.08201599121094,1,False,True,high,queue-deep/l2-flush/settled-warmup/clock-under-load/v4,383.3775691986084,3,True,ok,,4374.050104876781,"measured on this device: NVIDIA H200 (measured), 665.2 TFLOP/s bf16 over 4374.1 GB/s; calibrated 2026-09-10 at 43cfb31a",13.0,580.159.04,True,1,43cfb31a7e076e7a23c4a9331fba49351f396488,NVIDIA H200,eec145fd46b6,queue-deep/l2-flush/settled-warmup/clock-under-load/v4,,iters=not supplied by caller; sglang=package not installed,1,3.12.3,152.0897603868627,"measured on this device: NVIDIA H200 (measured), 665.2 TFLOP/s bf16 over 4374.1 GB/s; calibrated 2026-09-10 at 43cfb31a",,400.0,2.13.0,3.7.1,2026-09-10T06:53:29+00:00,0.27.1,300.0
256,256,1,1024,2,1.9993280172348022,1.8940160274505615,0.0543381726273193,189,1680.0,1755.0,1665.0,1755 1755 1665 1665 1695 1695 1710 1710 1725 1725 1650 1650 1695 1695 1680 1680 1620 1620 1560 1560 1635 1635 1665,23.936416625976562,11,False,False,high,queue-deep/l2-flush/settled-warmup/clock-under-load/v4,366.03433322906494,3,True,ok,,4374.050104876781,"measured on this device: NVIDIA H200 (measured), 665.2 TFLOP/s bf16 over 4374.1 GB/s; calibrated 2026-09-10 at 43cfb31a",13.0,580.159.04,True,1,43cfb31a7e076e7a23c4a9331fba49351f396488,NVIDIA H200,eec145fd46b6,queue-deep/l2-flush/settled-warmup/clock-under-load/v4,,iters=not supplied by caller; sglang=package not installed,1,3.12.3,152.0897603868627,"measured on this device: NVIDIA H200 (measured), 665.2 TFLOP/s bf16 over 4374.1 GB/s; calibrated 2026-09-10 at 43cfb31a",,400.0,2.13.0,3.7.1,2026-09-10T06:53:29+00:00,0.27.1,300.0
256,512,2,2048,2,3.9692161083221436,3.8240959644317627,0.08942069686222624,103,1657.5,1695.0,1635.0,1695 1695 1635 1635 1620 1620 1590 1590 1635 1635 1575 1575 1680 1680 1695 1695 1695 1695 1680 1680 1680 1680 1635 1635,47.57145690917969,12,False,True,high,queue-deep/l2-flush/settled-warmup/clock-under-load/v4,379.93229150772095,3,True,ok,,4374.050104876781,"measured on this device: NVIDIA H200 (measured), 665.2 TFLOP/s bf16 over 4374.1 GB/s; calibrated 2026-09-10 at 43cfb31a",13.0,580.159.04,True,1,43cfb31a7e076e7a23c4a9331fba49351f396488,NVIDIA H200,eec145fd46b6,queue-deep/l2-flush/settled-warmup/clock-under-load/v4,,iters=not supplied by caller; sglang=package not installed,1,3.12.3,152.0897603868627,"measured on this device: NVIDIA H200 (measured), 665.2 TFLOP/s bf16 over 4374.1 GB/s; calibrated 2026-09-10 at 43cfb31a",,400.0,2.13.0,3.7.1,2026-09-10T06:53:29+00:00,0.27.1,300.0
256,1024,4,4096,2,7.806272029876709,7.6572160720825195,0.23054574221374338,51,1665.0,1680.0,1680.0,1680 1680 1680 1680 1680 1680 1680 1650 1650 1590 1590 1545 1545 1635 1635 1650 1650 1680 1680 1665 1665 1665 1665 1680,23.564096450805664,3,False,True,high,queue-deep/l2-flush/settled-warmup/clock-under-load/v4,356.9548168182373,3,True,ok,,4374.050104876781,"measured on this device: NVIDIA H200 (measured), 665.2 TFLOP/s bf16 over 4374.1 GB/s; calibrated 2026-09-10 at 43cfb31a",13.0,580.159.04,True,1,43cfb31a7e076e7a23c4a9331fba49351f396488,NVIDIA H200,eec145fd46b6,queue-deep/l2-flush/settled-warmup/clock-under-load/v4,,iters=not supplied by caller; sglang=package not installed,1,3.12.3,152.0897603868627,"measured on this device: NVIDIA H200 (measured), 665.2 TFLOP/s bf16 over 4374.1 GB/s; calibrated 2026-09-10 at 43cfb31a",,400.0,2.13.0,3.7.1,2026-09-10T06:53:29+00:00,0.27.1,300.0
256,2048,8,8192,2,16.02638339996338,15.568160057067871,0.405015950797381,24,1620.0,1560.0,1605.0,1560 1635 1635 1620 1620 1635 1635 1635 1635 1665 1470 1470 1650 1650 1650 1650 1590 1590 1605 1605 1605 1605 1605,16.533472061157227,1,False,True,high,queue-deep/l2-flush/settled-warmup/clock-under-load/v4,345.2202262878418,3,True,ok,,4374.050104876781,"measured on this device: NVIDIA H200 (measured), 665.2 TFLOP/s bf16 over 4374.1 GB/s; calibrated 2026-09-10 at 43cfb31a",13.0,580.159.04,True,1,43cfb31a7e076e7a23c4a9331fba49351f396488,NVIDIA H200,eec145fd46b6,queue-deep/l2-flush/settled-warmup/clock-under-load/v4,,iters=not supplied by caller; sglang=package not installed,1,3.12.3,152.0897603868627,"measured on this device: NVIDIA H200 (measured), 665.2 TFLOP/s bf16 over 4374.1 GB/s; calibrated 2026-09-10 at 43cfb31a",,400.0,2.13.0,3.7.1,2026-09-10T06:53:29+00:00,0.27.1,300.0
256,4096,16,16384,2,32.09739112854004,31.646976470947266,2.1610453082159493,12,1680.0,1695.0,1695.0,1695 1680 1680 1665 1665 1695 1695 1695 1695 1305 1305 1485 1485 1620 1620 1680 1680 1680 1680 1710 1710 1695 1695,32.22528076171875,1,False,True,high,queue-deep/l2-flush/settled-warmup/clock-under-load/v4,383.77718925476074,3,True,ok,,4374.050104876781,"measured on this device: NVIDIA H200 (measured), 665.2 TFLOP/s bf16 over 4374.1 GB/s; calibrated 2026-09-10 at 43cfb31a",13.0,580.159.04,True,1,43cfb31a7e076e7a23c4a9331fba49351f396488,NVIDIA H200,eec145fd46b6,queue-deep/l2-flush/settled-warmup/clock-under-load/v4,,iters=not supplied by caller; sglang=package not installed,1,3.12.3,152.0897603868627,"measured on this device: NVIDIA H200 (measured), 665.2 TFLOP/s bf16 over 4374.1 GB/s; calibrated 2026-09-10 at 43cfb31a",,400.0,2.13.0,3.7.1,2026-09-10T06:53:29+00:00,0.27.1,300.0
256,256,1,1024,3,1.9675679802894592,1.9311360120773315,0.055305243313502464,190,1695.0,1575.0,1665.0,1575 1665 1665 1695 1695 1710 1710 1725 1725 1740 1740 1710 1710 1695 1695 1605 1605 1575 1575 1605 1605 1665 1665,24.123136520385742,11,False,False,high,queue-deep/l2-flush/settled-warmup/clock-under-load/v4,362.27821111679077,3,True,ok,,4374.050104876781,"measured on this device: NVIDIA H200 (measured), 665.2 TFLOP/s bf16 over 4374.1 GB/s; calibrated 2026-09-10 at 43cfb31a",13.0,580.159.04,True,1,43cfb31a7e076e7a23c4a9331fba49351f396488,NVIDIA H200,eec145fd46b6,queue-deep/l2-flush/settled-warmup/clock-under-load/v4,,iters=not supplied by caller; sglang=package not installed,1,3.12.3,152.0897603868627,"measured on this device: NVIDIA H200 (measured), 665.2 TFLOP/s bf16 over 4374.1 GB/s; calibrated 2026-09-10 at 43cfb31a",,400.0,2.13.0,3.7.1,2026-09-10T06:53:29+00:00,0.27.1,300.0
256,512,2,2048,3,3.9276480674743652,3.6339519023895264,0.10074340073150843,104,1672.5,1800.0,1665.0,1800 1800 1680 1680 1635 1635 1620 1620 1635 1635 1560 1560 1665 1665 1710 1710 1695 1695 1710 1710 1710 1710 1665 1665,23.40403175354004,6,False,False,high,queue-deep/l2-flush/settled-warmup/clock-under-load/v4,354.0545606613159,3,True,ok,,4374.050104876781,"measured on this device: NVIDIA H200 (measured), 665.2 TFLOP/s bf16 over 4374.1 GB/s; calibrated 2026-09-10 at 43cfb31a",13.0,580.159.04,True,1,43cfb31a7e076e7a23c4a9331fba49351f396488,NVIDIA H200,eec145fd46b6,queue-deep/l2-flush/settled-warmup/clock-under-load/v4,,iters=not supplied by caller; sglang=package not installed,1,3.12.3,152.0897603868627,"measured on this device: NVIDIA H200 (measured), 665.2 TFLOP/s bf16 over 4374.1 GB/s; calibrated 2026-09-10 at 43cfb31a",,400.0,2.13.0,3.7.1,2026-09-10T06:53:29+00:00,0.27.1,300.0
256,1024,4,4096,3,7.73414421081543,7.585824012756348,0.2310386384718372,51,1665.0,1650.0,1695.0,1650 1695 1695 1695 1695 1695 1695 1680 1680 1665 1665 1560 1560 1650 1650 1650 1650 1650 1650 1665 1665 1680 1680 1695,23.884639739990234,3,False,True,high,queue-deep/l2-flush/settled-warmup/clock-under-load/v4,359.72185754776,3,True,ok,,4374.050104876781,"measured on this device: NVIDIA H200 (measured), 665.2 TFLOP/s bf16 over 4374.1 GB/s; calibrated 2026-09-10 at 43cfb31a",13.0,580.159.04,True,1,43cfb31a7e076e7a23c4a9331fba49351f396488,NVIDIA H200,eec145fd46b6,queue-deep/l2-flush/settled-warmup/clock-under-load/v4,,iters=not supplied by caller; sglang=package not installed,1,3.12.3,152.0897603868627,"measured on this device: NVIDIA H200 (measured), 665.2 TFLOP/s bf16 over 4374.1 GB/s; calibrated 2026-09-10 at 43cfb31a",,400.0,2.13.0,3.7.1,2026-09-10T06:53:29+00:00,0.27.1,300.0
256,2048,8,8192,3,15.811871528625488,15.199487686157227,0.692260156982465,25,1635.0,1695.0,1635.0,1695 1695 1695 1635 1635 1635 1635 1635 1635 1635 1635 1380 1380 1560 1560 1650 1680 1680 1680 1680 1650 1650 1635,15.552160263061523,1,False,True,high,queue-deep/l2-flush/settled-warmup/clock-under-load/v4,336.6027526855469,3,True,ok,,4374.050104876781,"measured on this device: NVIDIA H200 (measured), 665.2 TFLOP/s bf16 over 4374.1 GB/s; calibrated 2026-09-10 at 43cfb31a",13.0,580.159.04,True,1,43cfb31a7e076e7a23c4a9331fba49351f396488,NVIDIA H200,eec145fd46b6,queue-deep/l2-flush/settled-warmup/clock-under-load/v4,,iters=not supplied by caller; sglang=package not installed,1,3.12.3,152.0897603868627,"measured on this device: NVIDIA H200 (measured), 665.2 TFLOP/s bf16 over 4374.1 GB/s; calibrated 2026-09-10 at 43cfb31a",,400.0,2.13.0,3.7.1,2026-09-10T06:53:29+00:00,0.27.1,300.0
256,4096,16,16384,3,32.26468849182129,31.876447677612305,2.532052227992087,12,1680.0,1695.0,1665.0,1695 1695 1695 1695 1680 1680 1680 1680 1410 1410 1275 1275 1620 1620 1650 1650 1680 1680 1695 1695 1710 1710 1665,32.08428955078125,1,False,True,high,queue-deep/l2-flush/settled-warmup/clock-under-load/v4,379.82738876342773,3,True,ok,,4374.050104876781,"measured on this device: NVIDIA H200 (measured), 665.2 TFLOP/s bf16 over 4374.1 GB/s; calibrated 2026-09-10 at 43cfb31a",13.0,580.159.04,True,1,43cfb31a7e076e7a23c4a9331fba49351f396488,NVIDIA H200,eec145fd46b6,queue-deep/l2-flush/settled-warmup/clock-under-load/v4,,iters=not supplied by caller; sglang=package not installed,1,3.12.3,152.0897603868627,"measured on this device: NVIDIA H200 (measured), 665.2 TFLOP/s bf16 over 4374.1 GB/s; calibrated 2026-09-10 at 43cfb31a",,400.0,2.13.0,3.7.1,2026-09-10T06:53:29+00:00,0.27.1,300.0
128,32,1,128,1,0.9582719802856445,0.9019839763641357,0.06902371833246072,427,1770.0,1890.0,1725.0,1890 1890 1785 1785 1800 1800 1785 1785 1710 1710 1365 1365 1575 1575 1710 1710 1770 1770 1770 1770 1785 1785 1770 1770 1770 1770 1725,24.289920806884766,24,False,False,high,queue-deep/l2-flush/settled-warmup/clock-under-load/v4,363.31503945589066,3,True,ok,,4374.050104876781,"measured on this device: NVIDIA H200 (measured), 665.2 TFLOP/s bf16 over 4374.1 GB/s; calibrated 2026-09-10 at 43cfb31a",13.0,580.159.04,True,1,43cfb31a7e076e7a23c4a9331fba49351f396488,NVIDIA H200,eec145fd46b6,queue-deep/l2-flush/settled-warmup/clock-under-load/v4,,iters=not supplied by caller; sglang=package not installed,1,3.12.3,152.0897603868627,"measured on this device: NVIDIA H200 (measured), 665.2 TFLOP/s bf16 over 4374.1 GB/s; calibrated 2026-09-10 at 43cfb31a",,400.0,2.13.0,3.7.1,2026-09-10T06:53:29+00:00,0.27.1,300.0
128,64,1,256,1,1.0518399477005005,0.9711359739303589,0.04188220936027,371,1620.0,1575.0,1650.0,1575 1620 1620 1665 1665 1665 1665 1680 1680 1665 1665 1575 1575 1500 1500 1485 1485 1515 1515 1590 1590 1620 1620 1650 1650,24.1760311126709,21,False,True,high,queue-deep/l2-flush/settled-warmup/clock-under-load/v4,364.79468834400177,3,True,ok,,4374.050104876781,"measured on this device: NVIDIA H200 (measured), 665.2 TFLOP/s bf16 over 4374.1 GB/s; calibrated 2026-09-10 at 43cfb31a",13.0,580.159.04,True,1,43cfb31a7e076e7a23c4a9331fba49351f396488,NVIDIA H200,eec145fd46b6,queue-deep/l2-flush/settled-warmup/clock-under-load/v4,,iters=not supplied by caller; sglang=package not installed,1,3.12.3,152.0897603868627,"measured on this device: NVIDIA H200 (measured), 665.2 TFLOP/s bf16 over 4374.1 GB/s; calibrated 2026-09-10 at 43cfb31a",,400.0,2.13.0,3.7.1,2026-09-10T06:53:29+00:00,0.27.1,300.0
128,128,1,512,1,1.1318399906158447,1.079200029373169,0.019823252702929697,346,1410.0,1350.0,1380.0,1350 1350 1365 1365 1380 1380 1410 1410 1410 1410 1410 1410 1455 1455 1440 1440 1410 1410 1410 1410 1395 1395 1380 1380,48.44915199279785,40,True,True,,queue-deep/l2-flush/settled-warmup/clock-under-load/v4,391.3529245853424,3,True,ok,,4374.050104876781,"measured on this device: NVIDIA H200 (measured), 665.2 TFLOP/s bf16 over 4374.1 GB/s; calibrated 2026-09-10 at 43cfb31a",13.0,580.159.04,True,1,43cfb31a7e076e7a23c4a9331fba49351f396488,NVIDIA H200,eec145fd46b6,queue-deep/l2-flush/settled-warmup/clock-under-load/v4,,iters=not supplied by caller; sglang=package not installed,1,3.12.3,152.0897603868627,"measured on this device: NVIDIA H200 (measured), 665.2 TFLOP/s bf16 over 4374.1 GB/s; calibrated 2026-09-10 at 43cfb31a",,400.0,2.13.0,3.7.1,2026-09-10T06:53:29+00:00,0.27.1,300.0
128,256,2,1024,1,2.1802079677581787,2.0971200466156006,0.04612198951776955,184,1410.0,1425.0,1425.0,1425 1440 1440 1410 1410 1380 1380 1395 1395 1395 1395 1365 1365 1410 1410 1410 1410 1410 1410 1410 1410 1425 1425 1425 1425,24.805376052856445,11,True,True,,queue-deep/l2-flush/settled-warmup/clock-under-load/v4,362.1872630119324,3,True,ok,,4374.050104876781,"measured on this device: NVIDIA H200 (measured), 665.2 TFLOP/s bf16 over 4374.1 GB/s; calibrated 2026-09-10 at 43cfb31a",13.0,580.159.04,True,1,43cfb31a7e076e7a23c4a9331fba49351f396488,NVIDIA H200,eec145fd46b6,queue-deep/l2-flush/settled-warmup/clock-under-load/v4,,iters=not supplied by caller; sglang=package not installed,1,3.12.3,152.0897603868627,"measured on this device: NVIDIA H200 (measured), 665.2 TFLOP/s bf16 over 4374.1 GB/s; calibrated 2026-09-10 at 43cfb31a",,400.0,2.13.0,3.7.1,2026-09-10T06:53:29+00:00,0.27.1,300.0
128,512,4,2048,1,4.382783889770508,4.22870397567749,0.07730101942391801,90,1395.0,1425.0,1395.0,1425 1425 1395 1395 1410 1410 1410 1410 1410 1410 1320 1320 1425 1425 1395 1395 1395 1395 1380 1380 1395 1395 1395,22.45452880859375,5,True,True,,queue-deep/l2-flush/settled-warmup/clock-under-load/v4,347.13600063323975,3,True,ok,,4374.050104876781,"measured on this device: NVIDIA H200 (measured), 665.2 TFLOP/s bf16 over 4374.1 GB/s; calibrated 2026-09-10 at 43cfb31a",13.0,580.159.04,True,1,43cfb31a7e076e7a23c4a9331fba49351f396488,NVIDIA H200,eec145fd46b6,queue-deep/l2-flush/settled-warmup/clock-under-load/v4,,iters=not supplied by caller; sglang=package not installed,1,3.12.3,152.0897603868627,"measured on this device: NVIDIA H200 (measured), 665.2 TFLOP/s bf16 over 4374.1 GB/s; calibrated 2026-09-10 at 43cfb31a",,400.0,2.13.0,3.7.1,2026-09-10T06:53:29+00:00,0.27.1,300.0
128,1024,8,4096,1,8.716832160949707,8.42745590209961,0.294228740830362,46,1402.5,1425.0,1410.0,1425 1425 1425 1395 1395 1380 1380 1380 1380 1395 1395 1170 1170 1395 1395 1410 1410 1425 1425 1410 1410 1410 1410 1410,17.097087860107422,2,True,True,,queue-deep/l2-flush/settled-warmup/clock-under-load/v4,339.61622524261475,3,True,ok,,4374.050104876781,"measured on this device: NVIDIA H200 (measured), 665.2 TFLOP/s bf16 over 4374.1 GB/s; calibrated 2026-09-10 at 43cfb31a",13.0,580.159.04,True,1,43cfb31a7e076e7a23c4a9331fba49351f396488,NVIDIA H200,eec145fd46b6,queue-deep/l2-flush/settled-warmup/clock-under-load/v4,,iters=not supplied by caller; sglang=package not installed,1,3.12.3,152.0897603868627,"measured on this device: NVIDIA H200 (measured), 665.2 TFLOP/s bf16 over 4374.1 GB/s; calibrated 2026-09-10 at 43cfb31a",,400.0,2.13.0,3.7.1,2026-09-10T06:53:29+00:00,0.27.1,300.0
128,2048,16,8192,1,17.510767936706543,17.133535385131836,1.0355487038035243,22,1395.0,1410.0,1395.0,1410 1410 1395 1395 1395 1395 1410 1410 1395 1395 945 945 1380 1380 1410 1410 1395 1395 1380 1380 1395 1395 1395,17.835968017578125,1,True,True,,queue-deep/l2-flush/settled-warmup/clock-under-load/v4,341.5077095031738,3,True,ok,,4374.050104876781,"measured on this device: NVIDIA H200 (measured), 665.2 TFLOP/s bf16 over 4374.1 GB/s; calibrated 2026-09-10 at 43cfb31a",13.0,580.159.04,True,1,43cfb31a7e076e7a23c4a9331fba49351f396488,NVIDIA H200,eec145fd46b6,queue-deep/l2-flush/settled-warmup/clock-under-load/v4,,iters=not supplied by caller; sglang=package not installed,1,3.12.3,152.0897603868627,"measured on this device: NVIDIA H200 (measured), 665.2 TFLOP/s bf16 over 4374.1 GB/s; calibrated 2026-09-10 at 43cfb31a",,400.0,2.13.0,3.7.1,2026-09-10T06:53:29+00:00,0.27.1,300.0
128,4096,32,16384,1,36.23747253417969,35.64847946166992,3.372988060687238,11,1425.0,1425.0,1455.0,1425 1425 1440 1440 1440 1440 1440 1440 960 960 1140 1140 1395 1395 1425 1425 1410 1410 1425 1425 1440 1440 1455 1455,36.14275360107422,1,True,True,,queue-deep/l2-flush/settled-warmup/clock-under-load/v4,391.55287170410156,3,True,ok,,4374.050104876781,"measured on this device: NVIDIA H200 (measured), 665.2 TFLOP/s bf16 over 4374.1 GB/s; calibrated 2026-09-10 at 43cfb31a",13.0,580.159.04,True,1,43cfb31a7e076e7a23c4a9331fba49351f396488,NVIDIA H200,eec145fd46b6,queue-deep/l2-flush/settled-warmup/clock-under-load/v4,,iters=not supplied by caller; sglang=package not installed,1,3.12.3,152.0897603868627,"measured on this device: NVIDIA H200 (measured), 665.2 TFLOP/s bf16 over 4374.1 GB/s; calibrated 2026-09-10 at 43cfb31a",,400.0,2.13.0,3.7.1,2026-09-10T06:53:29+00:00,0.27.1,300.0
128,32,1,128,2,0.9865279793739319,0.9265599846839905,0.026465998471317146,394,1725.0,1680.0,1740.0,1680 1755 1755 1755 1755 1770 1770 1800 1800 1785 1785 1710 1710 1665 1665 1650 1650 1635 1635 1710 1710 1725 1725 1740 1740,24.257247924804688,22,False,True,high,queue-deep/l2-flush/settled-warmup/clock-under-load/v4,361.7678681612015,3,True,ok,,4374.050104876781,"measured on this device: NVIDIA H200 (measured), 665.2 TFLOP/s bf16 over 4374.1 GB/s; calibrated 2026-09-10 at 43cfb31a",13.0,580.159.04,True,1,43cfb31a7e076e7a23c4a9331fba49351f396488,NVIDIA H200,eec145fd46b6,queue-deep/l2-flush/settled-warmup/clock-under-load/v4,,iters=not supplied by caller; sglang=package not installed,1,3.12.3,152.0897603868627,"measured on this device: NVIDIA H200 (measured), 665.2 TFLOP/s bf16 over 4374.1 GB/s; calibrated 2026-09-10 at 43cfb31a",,400.0,2.13.0,3.7.1,2026-09-10T06:53:29+00:00,0.27.1,300.0
128,64,1,256,2,1.0758559703826904,0.9878399968147278,0.029424940601836536,364,1567.5,1725.0,1530.0,1725 1725 1515 1515 1530 1530 1575 1575 1575 1575 1545 1545 1650 1650 1650 1650 1635 1635 1560 1560 1560 1560 1530 1530,50.32361602783203,44,False,False,high,queue-deep/l2-flush/settled-warmup/clock-under-load/v4,391.39651238918304,3,True,ok,,4374.050104876781,"measured on this device: NVIDIA H200 (measured), 665.2 TFLOP/s bf16 over 4374.1 GB/s; calibrated 2026-09-10 at 43cfb31a",13.0,580.159.04,True,1,43cfb31a7e076e7a23c4a9331fba49351f396488,NVIDIA H200,eec145fd46b6,queue-deep/l2-flush/settled-warmup/clock-under-load/v4,,iters=not supplied by caller; sglang=package not installed,1,3.12.3,152.0897603868627,"measured on this device: NVIDIA H200 (measured), 665.2 TFLOP/s bf16 over 4374.1 GB/s; calibrated 2026-09-10 at 43cfb31a",,400.0,2.13.0,3.7.1,2026-09-10T06:53:29+00:00,0.27.1,300.0
128,128,1,512,2,1.1220319867134094,0.9990720152854919,0.0218082166257356,356,1410.0,1410.0,1425.0,1410 1425 1425 1410 1410 1410 1410 1410 1410 1425 1425 1410 1410 1410 1410 1410 1410 1410 1410 1440 1440 1425 1425 1425 1425,23.88265609741211,20,True,True,,queue-deep/l2-flush/settled-warmup/clock-under-load/v4,361.64502346515656,3,True,ok,,4374.050104876781,"measured on this device: NVIDIA H200 (measured), 665.2 TFLOP/s bf16 over 4374.1 GB/s; calibrated 2026-09-10 at 43cfb31a",13.0,580.159.04,True,1,43cfb31a7e076e7a23c4a9331fba49351f396488,NVIDIA H200,eec145fd46b6,queue-deep/l2-flush/settled-warmup/clock-under-load/v4,,iters=not supplied by caller; sglang=package not installed,1,3.12.3,152.0897603868627,"measured on this device: NVIDIA H200 (measured), 665.2 TFLOP/s bf16 over 4374.1 GB/s; calibrated 2026-09-10 at 43cfb31a",,400.0,2.13.0,3.7.1,2026-09-10T06:53:29+00:00,0.27.1,300.0
128,256,2,1024,2,2.1851680278778076,2.1260480880737305,0.031024591276828148,182,1410.0,1455.0,1395.0,1455 1455 1395 1395 1410 1410 1425 1425 1410 1410 1350 1350 1425 1425 1410 1410 1410 1410 1410 1410 1410 1410 1395 1395,24.81171226501465,11,True,True,,queue-deep/l2-flush/settled-warmup/clock-under-load/v4,355.782240152359,3,True,ok,,4374.050104876781,"measured on this device: NVIDIA H200 (measured), 665.2 TFLOP/s bf16 over 4374.1 GB/s; calibrated 2026-09-10 at 43cfb31a",13.0,580.159.04,True,1,43cfb31a7e076e7a23c4a9331fba49351f396488,NVIDIA H200,eec145fd46b6,queue-deep/l2-flush/settled-warmup/clock-under-load/v4,,iters=not supplied by caller; sglang=package not installed,1,3.12.3,152.0897603868627,"measured on this device: NVIDIA H200 (measured), 665.2 TFLOP/s bf16 over 4374.1 GB/s; calibrated 2026-09-10 at 43cfb31a",,400.0,2.13.0,3.7.1,2026-09-10T06:53:29+00:00,0.27.1,300.0
128,512,4,2048,2,4.384239912033081,4.1915202140808105,0.06736133211247261,92,1402.5,1410.0,1410.0,1410 1410 1380 1380 1380 1380 1395 1395 1395 1395 1350 1350 1395 1395 1410 1410 1410 1410 1410 1410 1410 1410 1410 1410,21.98214340209961,5,True,True,,queue-deep/l2-flush/settled-warmup/clock-under-load/v4,360.46976232528687,3,True,ok,,4374.050104876781,"measured on this device: NVIDIA H200 (measured), 665.2 TFLOP/s bf16 over 4374.1 GB/s; calibrated 2026-09-10 at 43cfb31a",13.0,580.159.04,True,1,43cfb31a7e076e7a23c4a9331fba49351f396488,NVIDIA H200,eec145fd46b6,queue-deep/l2-flush/settled-warmup/clock-under-load/v4,,iters=not supplied by caller; sglang=package not installed,1,3.12.3,152.0897603868627,"measured on this device: NVIDIA H200 (measured), 665.2 TFLOP/s bf16 over 4374.1 GB/s; calibrated 2026-09-10 at 43cfb31a",,400.0,2.13.0,3.7.1,2026-09-10T06:53:29+00:00,0.27.1,300.0
128,1024,8,4096,2,8.721312046051025,8.414527893066406,0.21078733811910183,46,1402.5,1395.0,1395.0,1395 1410 1410 1395 1395 1395 1395 1410 1410 1410 1410 1350 1350 1395 1395 1410 1410 1395 1395 1410 1410 1410 1410 1395,17.719072341918945,2,True,True,,queue-deep/l2-flush/settled-warmup/clock-under-load/v4,344.5837755203247,3,True,ok,,4374.050104876781,"measured on this device: NVIDIA H200 (measured), 665.2 TFLOP/s bf16 over 4374.1 GB/s; calibrated 2026-09-10 at 43cfb31a",13.0,580.159.04,True,1,43cfb31a7e076e7a23c4a9331fba49351f396488,NVIDIA H200,eec145fd46b6,queue-deep/l2-flush/settled-warmup/clock-under-load/v4,,iters=not supplied by caller; sglang=package not installed,1,3.12.3,152.0897603868627,"measured on this device: NVIDIA H200 (measured), 665.2 TFLOP/s bf16 over 4374.1 GB/s; calibrated 2026-09-10 at 43cfb31a",,400.0,2.13.0,3.7.1,2026-09-10T06:53:29+00:00,0.27.1,300.0
128,2048,16,8192,2,17.53113555908203,17.087520599365234,1.3332101966625067,23,1395.0,1410.0,1395.0,1410 1410 1410 1380 1380 1380 1380 1395 1395 1395 1395 1140 1140 1365 1365 1410 1410 1410 1410 1395 1395 1395 1395 1395,17.2458553314209,1,True,True,,queue-deep/l2-flush/settled-warmup/clock-under-load/v4,339.88768196105957,3,True,ok,,4374.050104876781,"measured on this device: NVIDIA H200 (measured), 665.2 TFLOP/s bf16 over 4374.1 GB/s; calibrated 2026-09-10 at 43cfb31a",13.0,580.159.04,True,1,43cfb31a7e076e7a23c4a9331fba49351f396488,NVIDIA H200,eec145fd46b6,queue-deep/l2-flush/settled-warmup/clock-under-load/v4,,iters=not supplied by caller; sglang=package not installed,1,3.12.3,152.0897603868627,"measured on this device: NVIDIA H200 (measured), 665.2 TFLOP/s bf16 over 4374.1 GB/s; calibrated 2026-09-10 at 43cfb31a",,400.0,2.13.0,3.7.1,2026-09-10T06:53:29+00:00,0.27.1,300.0
128,4096,32,16384,2,36.29929733276367,35.852577209472656,3.253469371355571,11,1425.0,1425.0,1425.0,1425 1425 1425 1425 1425 1440 1440 1425 1425 1095 1095 1350 1350 1395 1395 1410 1410 1410 1410 1425 1425 1440 1440 1425,36.24262237548828,1,True,True,,queue-deep/l2-flush/settled-warmup/clock-under-load/v4,393.6879653930664,3,True,ok,,4374.050104876781,"measured on this device: NVIDIA H200 (measured), 665.2 TFLOP/s bf16 over 4374.1 GB/s; calibrated 2026-09-10 at 43cfb31a",13.0,580.159.04,True,1,43cfb31a7e076e7a23c4a9331fba49351f396488,NVIDIA H200,eec145fd46b6,queue-deep/l2-flush/settled-warmup/clock-under-load/v4,,iters=not supplied by caller; sglang=package not installed,1,3.12.3,152.0897603868627,"measured on this device: NVIDIA H200 (measured), 665.2 TFLOP/s bf16 over 4374.1 GB/s; calibrated 2026-09-10 at 43cfb31a",,400.0,2.13.0,3.7.1,2026-09-10T06:53:29+00:00,0.27.1,300.0
128,32,1,128,3,0.992576003074646,0.9501439929008484,0.02418415338337799,399,1695.0,1665.0,1725.0,1665 1755 1755 1740 1740 1770 1770 1770 1770 1785 1785 1665 1665 1695 1695 1635 1635 1635 1635 1680 1680 1695 1695 1725 1725,23.954463958740234,22,False,True,high,queue-deep/l2-flush/settled-warmup/clock-under-load/v4,360.0693430304527,3,True,ok,,4374.050104876781,"measured on this device: NVIDIA H200 (measured), 665.2 TFLOP/s bf16 over 4374.1 GB/s; calibrated 2026-09-10 at 43cfb31a",13.0,580.159.04,True,1,43cfb31a7e076e7a23c4a9331fba49351f396488,NVIDIA H200,eec145fd46b6,queue-deep/l2-flush/settled-warmup/clock-under-load/v4,,iters=not supplied by caller; sglang=package not installed,1,3.12.3,152.0897603868627,"measured on this device: NVIDIA H200 (measured), 665.2 TFLOP/s bf16 over 4374.1 GB/s; calibrated 2026-09-10 at 43cfb31a",,400.0,2.13.0,3.7.1,2026-09-10T06:53:29+00:00,0.27.1,300.0
128,64,1,256,3,1.0808000564575195,0.9798719882965088,0.025602589159376427,371,1575.0,1575.0,1560.0,1575 1575 1545 1545 1545 1545 1560 1560 1590 1590 1635 1635 1620 1620 1650 1650 1620 1620 1605 1605 1560 1560 1545 1545 1560,23.964031219482422,21,False,True,high,queue-deep/l2-flush/settled-warmup/clock-under-load/v4,366.8288631439209,3,True,ok,,4374.050104876781,"measured on this device: NVIDIA H200 (measured), 665.2 TFLOP/s bf16 over 4374.1 GB/s; calibrated 2026-09-10 at 43cfb31a",13.0,580.159.04,True,1,43cfb31a7e076e7a23c4a9331fba49351f396488,NVIDIA H200,eec145fd46b6,queue-deep/l2-flush/settled-warmup/clock-under-load/v4,,iters=not supplied by caller; sglang=package not installed,1,3.12.3,152.0897603868627,"measured on this device: NVIDIA H200 (measured), 665.2 TFLOP/s bf16 over 4374.1 GB/s; calibrated 2026-09-10 at 43cfb31a",,400.0,2.13.0,3.7.1,2026-09-10T06:53:29+00:00,0.27.1,300.0
128,128,1,512,3,1.1232960224151611,1.024224042892456,0.020851311414318178,359,1410.0,1575.0,1410.0,1575 1575 1410 1410 1410 1410 1410 1410 1410 1410 1350 1350 1410 1410 1410 1410 1410 1410 1425 1425 1425 1425 1425 1425 1410,23.88230323791504,20,True,False,,queue-deep/l2-flush/settled-warmup/clock-under-load/v4,362.4838088750839,3,True,ok,,4374.050104876781,"measured on this device: NVIDIA H200 (measured), 665.2 TFLOP/s bf16 over 4374.1 GB/s; calibrated 2026-09-10 at 43cfb31a",13.0,580.159.04,True,1,43cfb31a7e076e7a23c4a9331fba49351f396488,NVIDIA H200,eec145fd46b6,queue-deep/l2-flush/settled-warmup/clock-under-load/v4,,iters=not supplied by caller; sglang=package not installed,1,3.12.3,152.0897603868627,"measured on this device: NVIDIA H200 (measured), 665.2 TFLOP/s bf16 over 4374.1 GB/s; calibrated 2026-09-10 at 43cfb31a",,400.0,2.13.0,3.7.1,2026-09-10T06:53:29+00:00,0.27.1,300.0
128,256,2,1024,3,2.1846879720687866,2.126431941986084,0.025057834438290082,182,1410.0,1410.0,1395.0,1410 1425 1425 1410 1410 1410 1410 1425 1425 1410 1410 1395 1395 1410 1410 1410 1410 1410 1410 1410 1410 1410 1410 1395,22.673280715942383,10,True,True,,queue-deep/l2-flush/settled-warmup/clock-under-load/v4,350.5739197731018,3,True,ok,,4374.050104876781,"measured on this device: NVIDIA H200 (measured), 665.2 TFLOP/s bf16 over 4374.1 GB/s; calibrated 2026-09-10 at 43cfb31a",13.0,580.159.04,True,1,43cfb31a7e076e7a23c4a9331fba49351f396488,NVIDIA H200,eec145fd46b6,queue-deep/l2-flush/settled-warmup/clock-under-load/v4,,iters=not supplied by caller; sglang=package not installed,1,3.12.3,152.0897603868627,"measured on this device: NVIDIA H200 (measured), 665.2 TFLOP/s bf16 over 4374.1 GB/s; calibrated 2026-09-10 at 43cfb31a",,400.0,2.13.0,3.7.1,2026-09-10T06:53:29+00:00,0.27.1,300.0
128,512,4,2048,3,4.3856000900268555,4.2420477867126465,0.066118465213033,91,1395.0,1395.0,1395.0,1395 1425 1425 1395 1395 1395 1395 1395 1395 1410 1410 1305 1305 1410 1410 1410 1410 1410 1410 1395 1395 1395 1395 1395,22.4564151763916,5,True,True,,queue-deep/l2-flush/settled-warmup/clock-under-load/v4,359.9874255657196,3,True,ok,,4374.050104876781,"measured on this device: NVIDIA H200 (measured), 665.2 TFLOP/s bf16 over 4374.1 GB/s; calibrated 2026-09-10 at 43cfb31a",13.0,580.159.04,True,1,43cfb31a7e076e7a23c4a9331fba49351f396488,NVIDIA H200,eec145fd46b6,queue-deep/l2-flush/settled-warmup/clock-under-load/v4,,iters=not supplied by caller; sglang=package not installed,1,3.12.3,152.0897603868627,"measured on this device: NVIDIA H200 (measured), 665.2 TFLOP/s bf16 over 4374.1 GB/s; calibrated 2026-09-10 at 43cfb31a",,400.0,2.13.0,3.7.1,2026-09-10T06:53:29+00:00,0.27.1,300.0
128,1024,8,4096,3,8.71731185913086,8.534655570983887,0.25974155798363835,45,1395.0,1395.0,1410.0,1395 1410 1410 1410 1410 1395 1395 1395 1395 1395 1395 1155 1155 1395 1395 1410 1410 1395 1395 1395 1395 1410 1410,17.72313690185547,2,True,True,,queue-deep/l2-flush/settled-warmup/clock-under-load/v4,341.8404803276062,3,True,ok,,4374.050104876781,"measured on this device: NVIDIA H200 (measured), 665.2 TFLOP/s bf16 over 4374.1 GB/s; calibrated 2026-09-10 at 43cfb31a",13.0,580.159.04,True,1,43cfb31a7e076e7a23c4a9331fba49351f396488,NVIDIA H200,eec145fd46b6,queue-deep/l2-flush/settled-warmup/clock-under-load/v4,,iters=not supplied by caller; sglang=package not installed,1,3.12.3,152.0897603868627,"measured on this device: NVIDIA H200 (measured), 665.2 TFLOP/s bf16 over 4374.1 GB/s; calibrated 2026-09-10 at 43cfb31a",,400.0,2.13.0,3.7.1,2026-09-10T06:53:29+00:00,0.27.1,300.0
128,2048,16,8192,3,17.53798484802246,17.10758399963379,1.07900038829439,23,1387.5,1410.0,1395.0,1410 1410 1380 1380 1380 1380 1365 1365 1395 1395 1110 1110 1380 1380 1410 1410 1395 1395 1380 1380 1395 1395 1395 1395,17.43027114868164,1,True,True,,queue-deep/l2-flush/settled-warmup/clock-under-load/v4,341.7996492385864,3,True,ok,,4374.050104876781,"measured on this device: NVIDIA H200 (measured), 665.2 TFLOP/s bf16 over 4374.1 GB/s; calibrated 2026-09-10 at 43cfb31a",13.0,580.159.04,True,1,43cfb31a7e076e7a23c4a9331fba49351f396488,NVIDIA H200,eec145fd46b6,queue-deep/l2-flush/settled-warmup/clock-under-load/v4,,iters=not supplied by caller; sglang=package not installed,1,3.12.3,152.0897603868627,"measured on this device: NVIDIA H200 (measured), 665.2 TFLOP/s bf16 over 4374.1 GB/s; calibrated 2026-09-10 at 43cfb31a",,400.0,2.13.0,3.7.1,2026-09-10T06:53:29+00:00,0.27.1,300.0
128,4096,32,16384,3,36.381439208984375,35.68105697631836,3.548522833421579,10,1425.0,1410.0,1410.0,1410 1440 1440 1440 1440 1440 1440 1440 1440 1050 1050 1335 1335 1395 1395 1410 1410 1425 1425 1440 1440 1410,36.484703063964844,1,True,True,,queue-deep/l2-flush/settled-warmup/clock-under-load/v4,395.3689613342285,3,True,ok,,4374.050104876781,"measured on this device: NVIDIA H200 (measured), 665.2 TFLOP/s bf16 over 4374.1 GB/s; calibrated 2026-09-10 at 43cfb31a",13.0,580.159.04,True,1,43cfb31a7e076e7a23c4a9331fba49351f396488,NVIDIA H200,eec145fd46b6,queue-deep/l2-flush/settled-warmup/clock-under-load/v4,,iters=not supplied by caller; sglang=package not installed,1,3.12.3,152.0897603868627,"measured on this device: NVIDIA H200 (measured), 665.2 TFLOP/s bf16 over 4374.1 GB/s; calibrated 2026-09-10 at 43cfb31a",,400.0,2.13.0,3.7.1,2026-09-10T06:53:29+00:00,0.27.1,300.0
